video_id,channel_name,title,published_at,category_id,tags,duration,view_count,like_count,comment_count,fetched_at,duration_seconds,engagement_rate,publish_year,publish_month,publish_day
H9KeR9i3iMk,ArjanCodes,I’m done with the AI hype,2026-05-22 15:00:19+00:00,27,ai in software development|ai coding tools|future of programming|software engineering fundamentals|ai hype explained|programming career advice|software design principles|developer mindset|ai vs developers|coding with ai|software architecture|programming discussion|tech industry trends|senior developer mindset|arjancodes,PT8M44S,130983,6684,466,2026-05-26 13:34:20,524,5.4587,2026,5,Friday
F5Av5yDGSQs,ArjanCodes,Let’s Fix Bloated Python Classes Once and For All,2026-05-15 15:00:33+00:00,27,python refactoring|god object anti pattern|python classes vs functions|software design python|clean code python|python architecture|python best practices|refactoring python tutorial|object oriented design python|python data science code|software engineering principles|python programming tutorial|clean architecture python|code organization python|arjancodes,PT14M55S,21236,884,34,2026-05-26 13:34:20,895,4.3228,2026,5,Friday
GmlZBdKhl9Y,ArjanCodes,DRY Often Makes Your Code Worse,2026-05-08 15:00:27+00:00,27,dry principle python|python clean code|code duplication python|software design python|python refactoring|clean code mistakes|over engineering code|python best practices|software engineering principles|python architecture|refactoring tutorial python|clean code vs dry|backend design python|programming best practices|arjancodes,PT13M38S,15578,828,57,2026-05-26 13:34:20,818,5.6811,2026,5,Friday
rZpwFN_n2-g,ArjanCodes,Your API Can’t Handle Real-World Integrations,2026-05-01 15:01:33+00:00,27,fastapi tutorial|api design python|rest api design|python backend design|fastapi best practices|api schema design|json field database|sqlalchemy tutorial|backend architecture python|scalable api design|python software design|clean architecture python|api design patterns|enterprise python|arjancodes,PT13M,26639,1113,50,2026-05-26 13:34:20,780,4.3658,2026,5,Friday
wYeDGkdMi3g,ArjanCodes,"Don’t Use Boolean Flags in Python, Use Policies Instead",2026-04-24 15:01:50+00:00,27,policy pattern python|python design patterns|replace if statements python|clean code python|python architecture patterns|software design python|python best practices|refactoring python|python functional programming|composition over inheritance python|backend design patterns|python programming tutorial|scalable python code|enterprise python|arjancodes,PT15M10S,127615,4124,224,2026-05-26 13:34:20,910,3.4071,2026,4,Friday
5VN-3rIUPZ8,ArjanCodes,What Most Python Developers Miss About Generators,2026-04-17 15:00:09+00:00,27,python generators|python generator tutorial|python yield explained|advanced python generators|python async generators|python streaming data|python pipelines|python lazy evaluation|python send method|python backpressure|python programming tutorial|python internals|python advanced features|software design python|arjancodes,PT24M,25561,1071,56,2026-05-26 13:34:20,1440,4.4091,2026,4,Friday
OeirQdzYdnc,ArjanCodes,The State Pattern Done the Pythonic Way,2026-04-10 15:00:47+00:00,27,state machine python|python state pattern|python design patterns|state pattern explained|python state machine tutorial|software design patterns python|python architecture patterns|python decorators tutorial|python enums tutorial|clean architecture python|python programming tutorial|python software design|backend design patterns|state machine design|arjancodes|arjancodes state pattern,PT26M23S,33661,1455,88,2026-05-26 13:34:20,1583,4.5839,2026,4,Friday
KDnP_zbp-9Q,ArjanCodes,"Python Has Serious Problems, But I Use It Anyway",2026-04-03 15:00:35+00:00,27,python programming|why python is popular|why developers use python|python pros and cons|python vs other languages|python performance|python criticism|python ecosystem|software engineering mindset|programming language choices|python developer discussion|software development career|programming languages explained|arjancodes,PT10M14S,40927,1880,338,2026-05-26 13:34:20,614,5.4194,2026,4,Friday
U4sPMwAiXco,ArjanCodes,Why “Clean Code” Often Creates Worse Designs,2026-03-27 16:00:27+00:00,27,clean code python|clean code refactoring|python software design|python architecture|bad clean code|refactoring python|software design principles|cohesion vs abstraction|python best practices|python design patterns|clean code mistakes|software engineering design|python programming tutorial|backend code design|arjancodes|arjancodes clean code,PT26M27S,24762,997,48,2026-05-26 13:34:20,1587,4.2202,2026,3,Friday
7SUzTOkUVLY,ArjanCodes,The Hidden Mechanism Behind Clean Python APIs (Descriptor Deep Dive),2026-03-20 16:00:16+00:00,27,python descriptors|python descriptor tutorial|python descriptor protocol|python property decorator|python internals|python dunder methods|python get set|python advanced features|python metaprogramming|python design patterns|python programming tutorial|python properties vs methods|advanced python tutorial|python software design|arjancodes|arjancodes descriptors|python programming,PT16M36S,19353,839,34,2026-05-26 13:34:20,996,4.5109,2026,3,Friday
CWYwz3iV1g0,ArjanCodes,Stop Passing Primitives Everywhere (Use Value Objects),2026-03-13 16:00:30+00:00,27,value object python|python value objects|primitive obsession|domain driven design python|ddd python|clean code python|python design patterns|software design python|python architecture|immutable objects python|python dataclasses|modeling domain concepts|refactoring python|enterprise python|arjancodes,PT14M,63058,2839,233,2026-05-26 13:34:20,840,4.8717,2026,3,Friday
FXwBWS4qDAA,ArjanCodes,Stop Mixing FastAPI with Business Logic: Fix It with Ports & Adapters,2026-03-06 16:00:21+00:00,27,ports and adapters|hexagonal architecture|clean architecture python|fastapi architecture|sqlalchemy tutorial|domain driven design python|python backend architecture|python software design|python design patterns|backend architecture|python protocols|fastapi tutorial|refactoring python|testable python code|enterprise python|python programming|arjancodes|arjancodes python,PT25M24S,50680,1927,139,2026-05-26 13:34:20,1524,4.0766,2026,3,Friday
Y9_h7ehjhO4,ArjanCodes,You’ve Been Underusing Dataclasses (These Tricks Are Wild),2026-02-27 16:00:53+00:00,27,python dataclasses|advanced python dataclasses|python dataclass tutorial|dataclasses initvar|python|python context manager class|python validation patterns|python software design|clean code python|python programming|arjancodes dataclasses|arjancodes,PT27M59S,30734,1112,58,2026-05-26 13:34:20,1679,3.8069,2026,2,Friday
wHLZ_uTrCYA,ArjanCodes,Python Properties vs Methods: The Contract You Didn’t Know You Were Making,2026-02-20 16:01:30+00:00,27,python properties vs methods|python software design|python api design|clean code python|async python design,PT17M5S,56956,2183,109,2026-05-26 13:34:20,1025,4.0242,2026,2,Friday
Spp-uzXzzdE,ArjanCodes,"CQRS in Python: Clean Reads, Clean Writes",2026-02-13 16:00:46+00:00,27,cqrs|command query responsibility segregation|fastapi|mongodb|python backend|software architecture|api design|backend scalability|python software design|cqrs event sourcing|command query responsibility segregation (cqrs)|fastapi python|mongodb atlas review|mongodb tutorial|mongodb atlas|python backend project|python backend tutorial|python backend fastapi|software architecture 101|api design interview|api design tutorial|api design best practices,PT22M25S,41191,918,44,2026-05-26 13:34:20,1345,2.3355,2026,2,Friday
f1Nb_JV_s8Y,ArjanCodes,Stop Building Ugly APIs: Use the Fluent Interface Pattern,2026-02-06 16:01:06+00:00,27,python design patterns|software design|fluent interface pattern,PT17M36S,37661,1297,77,2026-05-26 13:34:20,1056,3.6483,2026,2,Friday
cXl-AUXHHZY,ArjanCodes,10 Python Features You’re Not Using (But Really Should),2026-01-30 16:01:02+00:00,27,python tips tricks|python tips|python features,PT20M45S,67432,2943,174,2026-05-26 13:34:20,1245,4.6224,2026,1,Friday
KqfMiuL3cx4,ArjanCodes,This Design Pattern Scares Me To Death,2026-01-23 16:00:35+00:00,27,python design pattern|python refactoring|software design patterns,PT29M36S,77130,2644,354,2026-05-26 13:34:20,1776,3.8869,2026,1,Friday
YTsJQ4ixq88,ArjanCodes,7 Things You Didn’t Know Dataclasses Could Do,2026-01-16 16:01:02+00:00,27,python dataclasses|python dataclass,PT20M24S,43433,2084,66,2026-05-26 13:34:20,1224,4.9502,2026,1,Friday
8Pi6vGRlp1c,ArjanCodes,The Right Way to Use AI for Writing Maintainable Code,2026-01-09 16:00:14+00:00,27,ai coding|python|software design,PT27M34S,45796,1401,167,2026-05-26 13:34:20,1654,3.4239,2026,1,Friday
b6RnBKvQ40o,ArjanCodes,I Made a Classic Refactoring Mistake,2026-01-02 16:01:05+00:00,27,refactoring|python,PT16M23S,24392,1201,98,2026-05-26 13:34:20,983,5.3255,2026,1,Friday
GMBiCMsEsq8,ArjanCodes,How to Tell If Your Code Is Actually Production-Ready,2025-12-26 16:00:25+00:00,27,python production code|advanced python|production-ready code,PT24M40S,42021,1680,75,2026-05-26 13:34:20,1480,4.1765,2025,12,Friday
43vH_lnM7x0,ArjanCodes,Retry Pattern: The Secret to Resilient Python Code,2025-12-19 16:00:08+00:00,27,python design patterns|retry pattern|software design,PT24M2S,29856,1229,73,2026-05-26 13:34:20,1442,4.3609,2025,12,Friday
mH7e7fs9gaE,ArjanCodes,From Spaghetti Code to Clean Python,2025-12-12 16:01:25+00:00,27,python refactoring|software design,PT23M23S,122356,4896,379,2026-05-26 13:34:20,1403,4.3112,2025,12,Friday
ENnDxEOAKKc,ArjanCodes,The Lazy Loading Pattern: How to Make Python Programs Feel Instant,2025-12-05 16:00:25+00:00,27,python design patterns|lazy loading|software design,PT19M39S,44034,1481,84,2026-05-26 13:34:20,1179,3.5541,2025,12,Friday
Xhzn1eAxoXk,ArjanCodes,Stop Hardcoding Everything: Use Dependency Injection,2025-11-28 16:01:02+00:00,27,ython dependency injection|python design patterns,PT32M37S,133966,4529,240,2026-05-26 13:34:20,1957,3.5599,2025,11,Friday
t-LC1dWLpNs,ArjanCodes,Stop Overwriting State And Use Event Sourcing Instead,2025-11-21 16:01:30+00:00,27,python event sourcing|python design patterns,PT25M12S,34006,1135,75,2026-05-26 13:34:20,1512,3.5582,2025,11,Friday
8_Pf4y5yqCE,ArjanCodes,Learning Python Feels Easy. Until It Isn’t.,2025-11-14 16:00:25+00:00,27,learn python|python expert,PT25M51S,43236,1746,97,2026-05-26 13:34:20,1551,4.2627,2025,11,Friday
bsU7AFjh4m8,ArjanCodes,Why Your Code Isn’t Pythonic (And How to Fix It),2025-11-07 16:00:58+00:00,27,pythonic,PT26M39S,161922,6527,404,2026-05-26 13:34:20,1599,4.2805,2025,11,Friday
UG5jbLReDiM,ArjanCodes,Too Many Function Arguments? Use This Pattern,2025-10-31 16:00:52+00:00,27,python design patterns|context object design pattern,PT19M45S,125289,4146,211,2026-05-26 13:34:20,1185,3.4776,2025,10,Friday
N_ypJwV8Q8I,ArjanCodes,The Best Way to Share Code Between Python Apps,2025-10-24 15:00:46+00:00,27,python uv workspaces|uv workspaces|python uv,PT18M28S,44652,1735,111,2026-05-26 13:34:20,1108,4.1342,2025,10,Friday
g7EGMWvJ1fI,ArjanCodes,I Hate Long If-Elif Chains: This Design Pattern Solved It Once and For All,2025-10-17 15:01:30+00:00,27,registry design pattern|python design patterns,PT15M24S,392207,11532,720,2026-05-26 13:34:20,924,3.1239,2025,10,Friday
S_shhw4VV68,ArjanCodes,My 4 Favorite Python 3.14 Features,2025-10-10 15:00:54+00:00,27,python 3.14,PT12M29S,61747,2575,129,2026-05-26 13:34:20,749,4.3792,2025,10,Friday
Af6Zr0tNNdE,ArjanCodes,Anatomy of a Scalable Python Project (FastAPI),2025-10-03 15:00:28+00:00,27,python project setup,PT21M16S,122457,5123,221,2026-05-26 13:34:20,1276,4.364,2025,10,Friday
uxwjXLjJOoM,ArjanCodes,I Tried SOLID Principles in Python… Here’s What Happened,2025-09-26 15:01:56+00:00,27,python solid principles,PT21M56S,66637,2113,167,2026-05-26 13:34:20,1316,3.4215,2025,9,Friday
p_UQ7tzUFLo,ArjanCodes,The Real Reason the Singleton Pattern Exists,2025-09-19 15:01:44+00:00,27,singleton design pattern,PT15M31S,43639,1523,108,2026-05-26 13:34:20,931,3.7375,2025,9,Friday
8_liatgLkLc,ArjanCodes,Avoid Messy Code: Design Patterns for AI Agents in Python,2025-09-12 15:00:26+00:00,27,python ai design patterns,PT18M19S,25173,781,41,2026-05-26 13:34:20,1099,3.2654,2025,9,Friday
eZ9RqnkJxsk,ArjanCodes,Python Has the Best Standard Library Ever: 10 Modules You Need to Know,2025-09-05 15:01:14+00:00,27,python standard,PT15M39S,111486,5013,187,2026-05-26 13:34:20,939,4.6643,2025,9,Friday
-WB0T0XmDrY,ArjanCodes,Build Production-Ready AI Agents in Python with Pydantic AI,2025-08-29 15:00:00+00:00,27,pydantic ai|pydantic|pydantic tutorial|pydantic ai tutorial|pydantic ai project,PT15M50S,119403,4795,194,2026-05-26 13:34:20,950,4.1783,2025,8,Friday
1THzmkEFQKA,ArjanCodes,We need to talk.,2025-08-22 15:00:03+00:00,27,personal growth|software development,PT8M12S,26742,1618,102,2026-05-26 13:34:20,492,6.4318,2025,8,Friday
EIV_ixKGPmc,ArjanCodes,How to Write Great Unit Tests in Python,2025-08-15 15:00:32+00:00,27,python unit test,PT22M57S,44139,1406,62,2026-05-26 13:34:20,1377,3.3259,2025,8,Friday
CJJzrtHeLGI,ArjanCodes,UV Just Got A Serious Upgrade,2025-08-08 15:00:20+00:00,27,python uv,PT9M55S,46602,2108,154,2026-05-26 13:34:20,595,4.8539,2025,8,Friday
F09EK4ztG34,ArjanCodes,Beyond Pandas & NumPy: 14 Python Libraries to Try,2025-08-01 15:00:26+00:00,27,python libraries,PT24M12S,67937,2846,140,2026-05-26 13:34:20,1452,4.3952,2025,8,Friday
2f1FkGQTarc,ArjanCodes,The Builder Pattern in Python: Finally Explained!,2025-07-25 15:00:10+00:00,27,builder pattern|python builder pattern,PT14M19S,60547,2600,112,2026-05-26 13:34:20,859,4.4792,2025,7,Friday
70uORDj3Lzc,ArjanCodes,Is SaaS Dead? Here's a Senior Engineer's Perspective,2025-07-18 15:00:11+00:00,27,saas dead,PT13M20S,17798,427,33,2026-05-26 13:34:20,800,2.5846,2025,7,Friday
Ov8JsEnNLCM,ArjanCodes,I Designed a Python SDK That Relies on… Deep Inheritance?!,2025-07-11 15:00:49+00:00,27,python sdk,PT22M58S,17788,651,82,2026-05-26 13:34:20,1378,4.1208,2025,7,Friday
SNqwNILX1Gg,ArjanCodes,This Is Why Your Python Code Turns Into Spaghetti,2025-07-04 15:00:50+00:00,27,python abstraction|python tutorial|python tutorial for experienced programmers|python tips|data abstraction in python|abstraction and encapsulation in python|functions as abstraction mechanism in python|python tips tricks,PT21M10S,37429,1434,72,2026-05-26 13:34:20,1270,4.0236,2025,7,Friday
NRIgLNzmnYY,ArjanCodes,Why Dataclasses Disappear in Real Python Applications,2025-06-27 15:00:51+00:00,27,python data classes|dataclass python,PT14M30S,128796,2817,176,2026-05-26 13:34:20,870,2.3238,2025,6,Friday
EYYhDnPAPcw,ArjanCodes,Serverless on Google Cloud: What You Can and Can’t Do,2025-06-20 15:00:23+00:00,27,serverless functions|serverless functions explained|serverless functions python|serverless python functions|serverless functions arjancodes|serverless python functions explained|serverless python,PT19M36S,11093,291,30,2026-05-26 13:34:20,1176,2.8937,2025,6,Friday
r0QIuI1wpes,ArjanCodes,MCP…. So What’s That All About?,2025-06-13 15:01:35+00:00,27,mcp server|mcp server python,PT13M28S,36230,2029,65,2026-05-26 13:34:20,808,5.7797,2025,6,Friday
OdDI-5PBpSk,ArjanCodes,Writing Python Functions Like a Mad Scientist,2025-06-06 15:00:42+00:00,27,python functions|python function|function in python|functions in python|defining functions|defining functions in python|ways to define functions|ways to define functions in python|how to define functions in python,PT15M51S,33185,1400,74,2026-05-26 13:34:21,951,4.4418,2025,6,Friday
ylzo04lU9Xs,ArjanCodes,Stop Using map() and filter() Like This in Python,2025-05-30 15:01:49+00:00,27,for loop|for loops|python for loops|for loops python|for loop python|python for loop|map and filter in python|map and filter python|python map and filter|python map and filter functions,PT16M23S,98861,2353,232,2026-05-26 13:34:21,983,2.6148,2025,5,Friday
1g8nwmDvRhE,ArjanCodes,"If I Were Starting Today, This Would Be My Tech Stack (2025)",2025-05-23 15:00:03+00:00,27,tech stack|tech stack for developers|tech stack for developers 2025|tech stack for web development|best tech stack for web development|tech stack 2025|my tech stack 2025|best tech stack 2025,PT19M56S,23295,680,37,2026-05-26 13:34:21,1196,3.0779,2025,5,Friday
ts38mSIUPSg,ArjanCodes,10 Python Anti-Patterns That Are Breaking Your Code,2025-05-16 15:01:35+00:00,27,anti-patterns|anti patterns in software engineering|anti patterns|anti pattern|python patterns|design patterns|design patterns python|python design patterns|anti patterns python|design anti patterns python|python mistakes|clean code|python tips|python tutorial|python tips and tricks|how to write clean code|python tutorial advanced|learn python programming|python tips and tricks advanced,PT25M16S,66005,2744,167,2026-05-26 13:34:21,1516,4.4103,2025,5,Friday
VxiLGc5A7Ho,ArjanCodes,I’m in prison...,2025-05-09 15:00:51+00:00,27,arjancodes|office arjancodes|arjancodes office update|office update|company update|arjancodes company update|utrecht,PT5M39S,15724,841,111,2026-05-26 13:34:21,339,6.0544,2025,5,Friday
0oBLMwHdZ2Y,ArjanCodes,The REAL Reason You Should Use Type Hints in Python,2025-05-02 15:00:06+00:00,27,type hints python|type hints|type hints in python|python type hints|python type hints tutorial|python type hints vscode|type hinting|type hinting python|python type hinting|python programming|python typing|type annotations|python type|how to use type hints in python|python type hinting tutorial|arjancodes type hints|how type hints work|python programming advanced|python typings|python programming type hints,PT13M1S,35950,1857,118,2026-05-26 13:34:21,781,5.4937,2025,5,Friday
dVnNc9oEnF8,ArjanCodes,The Hidden Dangers of Python Decorators,2025-04-25 15:01:06+00:00,27,python decorators|python decorator|decorators in python|decorators in python explained|decorators in python dangerous|decorator function in python|arjancodes decorators|arjancodes python decorators|python decorators harmful|python decorators full tutorial|python decorators and generators|python decorators dangerous|python decorators explained|python decorators tutorial|decorators in python example|python decorators arjan|decorators arjancodes|python tips,PT15M5S,21977,1029,85,2026-05-26 13:34:21,905,5.0689,2025,4,Friday
0U-RwnWaFIM,ArjanCodes,10 Tips to Keep Your Software Simple,2025-04-18 15:00:02+00:00,27,simple software tips|simple software|simpler software|simple software projects|make software simpler|make simpler software|how to make simpler software|how to make a simple software|software design|simple software design|arjancodes design|arjancodes design patterns|tips for simple software|write better code|good software design|software design strategies,PT21M7S,45674,1352,92,2026-05-26 13:34:21,1267,3.1615,2025,4,Friday
viAZQjs5lHk,ArjanCodes,How to Use Git Branches Like a Pro (FastAPI Example),2025-04-11 15:01:36+00:00,27,git branching|git branches|git branching strategy|git branch|github branches|github branch|github branching strategy|gitkraken|gitkraken pro|git tutorial|python tutorial|git checkout|git branching techniques|git branching model|git branching vscode|github tutorial|git commit|git merge|git merge request|git branches and merging|git branches best practices|git fast forward|git fast forward merge|git fast forward vs rebase|git fast forward explained,PT19M,48387,1558,113,2026-05-26 13:34:21,1140,3.4534,2025,4,Friday
MM9VQp-k0JQ,ArjanCodes,Coupling 101: Design Choices That Make or Break Your Code,2025-04-04 15:00:34+00:00,27,coupling|code coupling|removing coupling|removing coupling from code|decoupling|code decoupling|decoupling code|software design|clean code|how to write clean code|write clean code|bad coupling|arjancodes coupling|coupling python|python coupling|code coupling tips|object-oriented design|python tips|python tips and tricks|advanced python programming|advanced python coding|arjancodes|arjancodes python|arjancodes tips and tricks,PT20M39S,38531,1508,77,2026-05-26 13:34:21,1239,4.1136,2025,4,Friday
g-Cytq7YDCc,ArjanCodes,Stop Writing Brittle Python Functions,2025-03-28 16:01:00+00:00,27,python functions|functions|functions explained|python functions explained|function design|python function design|less brittle functions|less brittle python functions|brittle functions|functions fall apart|python functions fall apart|python tips|python tips tricks|tips and tricks of python|python advanced tips|arjancodes functions|arjancodes python|software design|arjancodes|arjancodes software design|python programming|python,PT20M56S,60282,1518,176,2026-05-26 13:34:21,1256,2.8101,2025,3,Friday
mwlL4ZbNh1Q,ArjanCodes,A Mindset Shift for Tech Progress,2025-03-24 16:01:03+00:00,27,,PT21S,12408,496,10,2026-05-26 13:34:21,21,4.078,2025,3,Monday
jxqGsJEhiAg,ArjanCodes,This Is How Marie Kondo Sets up Her Pytest,2025-03-21 16:00:54+00:00,27,pytest|pytest setup|pytest tutorial|pytest explained|pytest in vscode|pytest python|pytest python vscode|pytest python testing|pytest python framework|python unit testing|python testing|how to use pytest|pytest vs unittest|how to write tests|python testing framework|python pytest|pytest unit testing|python testing tutorial|pytest tutorial vscode|how to test python code|pytest tutorial in vs code|pytest tutorial visual studio code|marie kondo,PT16M2S,29118,1266,73,2026-05-26 13:34:21,962,4.5985,2025,3,Friday
TvF58hBz-AM,ArjanCodes,📊 Tips for Great Streamlit Dashboards,2025-03-19 16:00:42+00:00,27,,PT27S,13552,293,9,2026-05-26 13:34:21,27,2.2285,2025,3,Wednesday
s8PD86GEo9o,ArjanCodes,Should Python Handle Errors Like Rust?,2025-03-17 16:01:08+00:00,27,,PT35S,12936,377,36,2026-05-26 13:34:21,35,3.1926,2025,3,Monday
tc713anE3UY,ArjanCodes,This Is How You Write an Efficient Python Dockerfile,2025-03-14 16:01:15+00:00,27,docker image|python dockerfile|dockerfile python|dockerfile|dockerfile explained|dockerfile tutorial|dockerfile tutorial python|docker images|docker image vs container|docker images explained|docker image creation tutorial|docker image tutorial|docker image build|dockerfile creation|dockerfile best practices|arjancodes docker|arjancodes dockerfile|docker image layers explained|docker images and containers explained|docker image best practices,PT18M47S,61187,2261,171,2026-05-26 13:34:21,1127,3.9747,2025,3,Friday
yZ7xcVcjTpU,ArjanCodes,🪪 Dashboard Access Control: Tips & Tricks,2025-03-12 16:01:13+00:00,27,,PT29S,5119,159,4,2026-05-26 13:34:21,29,3.1842,2025,3,Wednesday
J64N43ypLZQ,ArjanCodes,⚡ Unit of Work: More than Just Databases,2025-03-10 16:00:29+00:00,27,,PT42S,15304,517,7,2026-05-26 13:34:21,42,3.4239,2025,3,Monday
ho24rK_AYrQ,ArjanCodes,These 12 Python Functions Are Built In (No Imports!),2025-03-07 16:00:53+00:00,27,python built in functions explained|python built in functions|built in functions|built in functions in python|built in functions python|python function|python tutorial|python functions|learn python|python tips|functions in python|python libraries|top python libraries|built in list functions in python|standard type built in functions in python|file built in functions in python|types of built in functions in python|dictionary built in functions in python,PT22M15S,83703,2831,99,2026-05-26 13:34:21,1335,3.5005,2025,3,Friday
8p47JVYubgY,ArjanCodes,😣 Why Devs Feel Like Imposters,2025-03-05 16:00:15+00:00,27,,PT32S,9768,426,13,2026-05-26 13:34:21,32,4.4943,2025,3,Wednesday
xhfxNXsJXGI,ArjanCodes,How to Build an API Backend with Docker,2025-03-03 16:01:08+00:00,27,,PT29S,12099,362,3,2026-05-26 13:34:21,29,3.0168,2025,3,Monday
kBVZgCrdVCw,ArjanCodes,An Introduction to Typescript for Python Programmers,2025-02-28 16:00:56+00:00,27,typescript for python programmers|typescript for pythonistas|typescript or python|python vs typescript|typescript vs python|typescript python|typescript|typescript tutorial|python programming|learn typescript|typescript basics|what is typescript|typescript vs javascript|python programming tutorial|arjancodes typescript|arjancodes python|arjancodes python tutorial|python typescript,PT21M35S,42631,905,82,2026-05-26 13:34:21,1295,2.3152,2025,2,Friday
vhE-kur_Dc4,ArjanCodes,"🤔 Choosing Between Streamlit, Dash, and Taipy",2025-02-26 16:01:09+00:00,27,,PT29S,52924,833,13,2026-05-26 13:34:21,29,1.5985,2025,2,Wednesday
-qgfkLmx0WM,ArjanCodes,🔁 Why Async Servers Beat Sync Servers,2025-02-24 16:00:00+00:00,27,,PT34S,11492,332,9,2026-05-26 13:34:21,34,2.9673,2025,2,Monday
TzpOdpdX7pE,ArjanCodes,How Python Evolves: From PEP to Feature,2025-02-21 16:00:37+00:00,27,python feature|python pep|python management|how is python managed|python programming community|python community|python programming|python community management|guido van rossum|guido van rossum python|python pep8|pep 484|pep 585|python peps|python key features|python feature engineering|python features in english|python pep8 guidelines|open source|python language,PT13M56S,18870,727,53,2026-05-26 13:34:21,836,4.1335,2025,2,Friday
0kE0qewcIfM,ArjanCodes,Better Dashboard Performance in 35 Seconds,2025-02-19 16:00:01+00:00,27,,PT35S,9071,327,5,2026-05-26 13:34:21,35,3.66,2025,2,Wednesday
q7OGeOKziUM,ArjanCodes,📊 Dashboard UI Tips You Need to Know,2025-02-17 16:00:51+00:00,27,,PT30S,6705,202,6,2026-05-26 13:34:21,30,3.1022,2025,2,Monday
bhIrmT4uf1M,ArjanCodes,Go vs Python: What Every Developer Should Know,2025-02-14 16:00:44+00:00,27,go for python developers|go programming language|go programming language tutorial|go vs python|go for python programmers|go python|go tutorial|go for pythonistas|go pythonistas|pythonistas|introduction to go|introduction to golang|golang vs python speed|golang vs python for backend|golang vs python performance|golang vs python for devops|go vs python speed|go vs python performance|go vs python for backend|go vs python speed test|go vs python benchmark,PT26M12S,118141,3809,212,2026-05-26 13:34:21,1572,3.4036,2025,2,Friday
WiQL2kaaF5Q,ArjanCodes,❌ Why Rust Doesn’t Allow Two Mutable Borrows,2025-02-12 16:00:36+00:00,27,,PT37S,8015,242,4,2026-05-26 13:34:21,37,3.0692,2025,2,Wednesday
drBCjFeilRo,ArjanCodes,🛡️ Why Product Shutdowns Need Security,2025-02-10 16:00:42+00:00,27,,PT26S,4617,160,4,2026-05-26 13:34:21,26,3.5521,2025,2,Monday
Dbh-fM0_dUs,ArjanCodes,Memory Management: Rust vs. C vs. Python,2025-02-08 16:00:09+00:00,27,,PT40S,14185,342,15,2026-05-26 13:34:21,40,2.5167,2025,2,Saturday
8SYQtpSk_OI,ArjanCodes,Stop Struggling with DataFrames – Try DuckDB for SQL on Pandas,2025-02-07 16:00:08+00:00,27,duckdb|duckdb deep dive|duckdb python|duckdb python tutorial|duckdb python deep dive|database management|duckdb dbt|duckdb motherduck|duckdb tutorial|duckdb setup|duckdb extensions|duckdb extentions|duckdb parquet|duckdb vs sqlite|duckdb vs spark|duckdb wasm|duckdb and dbt end-to-end data engineering project|database management system project,PT19M31S,52496,1473,103,2026-05-26 13:34:21,1171,3.0021,2025,2,Friday
x3BRSUwJnPM,ArjanCodes,Rust’s Stack vs. Heap Memory Model,2025-02-05 16:00:57+00:00,27,,PT38S,8394,335,2,2026-05-26 13:34:21,38,4.0148,2025,2,Wednesday
ChZdeA4a6_I,ArjanCodes,Why Overengineering Can Kill Your Project,2025-02-03 16:00:09+00:00,27,,PT38S,5665,234,8,2026-05-26 13:34:21,38,4.2718,2025,2,Monday
0xA7WoCzf3s,ArjanCodes,SQLAlchemy: Python + Databases = ❤️,2025-02-01 16:00:00+00:00,27,,PT29S,21705,543,11,2026-05-26 13:34:21,29,2.5524,2025,2,Saturday
G9iXHhXRIs8,ArjanCodes,DeepSeek Won't Matter for Software Engineers,2025-01-31 16:00:13+00:00,27,deepseek r1|artificial intelligence|machine learning|deepseek ai|ai disruption|artificial intelligence news|deepseek ai stock market|deepseek ai agent|app development with ai|app development with python,PT7M25S,29108,1195,139,2026-05-26 13:34:21,445,4.5829,2025,1,Friday
H6SeIkCybts,ArjanCodes,Why Pydantic Is a Must for Data Validation,2025-01-29 16:00:30+00:00,27,,PT47S,16030,514,11,2026-05-26 13:34:21,47,3.2751,2025,1,Wednesday
myhpzmeuN9Q,ArjanCodes,😩 Why 9 Out of 10 Products Fail,2025-01-27 16:00:53+00:00,27,,PT26S,2868,124,5,2026-05-26 13:34:21,26,4.4979,2025,1,Monday
2s85lLBmUfQ,ArjanCodes,📊 The Perfect Analytics Database for Python,2025-01-25 16:00:05+00:00,27,,PT32S,5376,223,7,2026-05-26 13:34:21,32,4.2783,2025,1,Saturday
zml0rTMJVXg,ArjanCodes,10 Tips to Become REALLY Good at Python,2025-01-24 16:01:07+00:00,27,python tips|python programming tips|python tips and tricks advanced|advanced python tips and tricks|advanced python tips|advanced python tricks|advanced python programming tips|python tutorial|python programming|how to learn to code fast|tips to learn python programming|advanced python programming tutorial|advanced python|python pro tips|python coding tips|python tips tricks|python tutorial vscode|vscode python tips and tricks|python coding tips and tricks,PT27M39S,73480,2502,132,2026-05-26 13:34:21,1659,3.5846,2025,1,Friday
GJDKluyoLI4,ArjanCodes,🚀 The Mindset Shift That Changed My Life,2025-01-22 16:00:28+00:00,27,,PT22S,3908,217,4,2026-05-26 13:34:21,22,5.6551,2025,1,Wednesday
kWwo0kgvNn4,ArjanCodes,🪦 Why You Shouldn’t Kill Your Product Overnight,2025-01-20 16:00:46+00:00,27,,PT25S,2964,89,5,2026-05-26 13:34:21,25,3.1714,2025,1,Monday
vkaYqD9IGmE,ArjanCodes,3 Tips to Avoid Code Duplication,2025-01-18 16:00:50+00:00,27,,PT32S,3787,166,5,2026-05-26 13:34:21,32,4.5154,2025,1,Saturday
_M1unW6dFA0,ArjanCodes,I Built a Version of Honey That Actually SUPPORTS Creators,2025-01-17 16:00:43+00:00,27,honey scandal lawsuit|paypal honey|paypal honey lawsuit|paypal honey scandal|honey scandal|honey lawsuit|paypal honey review|paypal honey news|paypal honey how to use|honey scandal linus|honey scandal ludwig|honey scandal megalag|honey scandal hank green|honey scandal charlie|honey lawsuit wendover|honey lawsuit reaction|honey lawsuit linus|honey lawsuit update|paypal honey alternative|honey scam|paypal honey extension|honey scam or legit,PT11M15S,10215,476,47,2026-05-26 13:34:21,675,5.1199,2025,1,Friday
krcC58domsM,ArjanCodes,💉 Why Use a Dependency Injection Framework?,2025-01-15 16:00:54+00:00,27,,PT41S,9457,267,8,2026-05-26 13:34:21,41,2.9079,2025,1,Wednesday
N_xYVrnxXAQ,ArjanCodes,Remove Emotion from Feedback,2025-01-13 16:00:32+00:00,27,,PT24S,3188,196,12,2026-05-26 13:34:21,24,6.5245,2025,1,Monday
jKLJFwNSv28,ArjanCodes,👊🏻 How to “Rustify” Your Python Code,2025-01-11 16:00:44+00:00,27,,PT33S,11298,467,15,2026-05-26 13:34:21,33,4.2662,2025,1,Saturday
E66tBbIf1nE,ArjanCodes,nothing is going to change,2025-01-10 16:00:13+00:00,27,reflection of 2024|plans for 2025 motivation|arjancodes|software development tips|python tips|arjancodes reflection,PT8M46S,24148,1213,77,2026-05-26 13:34:21,526,5.3421,2025,1,Friday
PyXRt_nuY80,ArjanCodes,✍🏻 The Art of Naming Functions,2025-01-08 16:00:22+00:00,27,,PT29S,4599,183,11,2026-05-26 13:34:21,29,4.2183,2025,1,Wednesday
qBbmhIs_Tgo,ArjanCodes,📏 Use Yourself as a Yardstick,2025-01-06 16:00:47+00:00,27,,PT27S,4582,284,12,2026-05-26 13:34:21,27,6.4601,2025,1,Monday
QihjFTSdzqM,ArjanCodes,🚀 Stop Wasting Time on Formatting – Try Ruff!,2025-01-04 16:00:20+00:00,27,,PT36S,11764,315,11,2026-05-26 13:34:21,36,2.7712,2025,1,Saturday
C-bie4ZY_o0,ArjanCodes,How to Easily Debug a FastAPI App in VSCode,2025-01-03 16:00:08+00:00,27,vscode debugging|vscode|vscode debugging python|fastapi|vscode debugging tutorial|vscode debugging fastapi|vscode fastapi|debugging fastapi|fastapi debugging|fastapi debug|fastapi debug vscode|python fastapi|fastapi app|fastapi app debugging|fastapi app debug|vscode debug|python debugging|python debug|vscode python|vscode app|vscode fastapi app|arjancodes|arjancodes fastapi|arjancodes debugging|arjancodes fastapi debugging,PT22M59S,30624,976,59,2026-05-26 13:34:21,1379,3.3797,2025,1,Friday
jSQZ5u-JBVM,ArjanCodes,💪🏻 Must-Have VSCode Extensions for Backend Dev,2025-01-01 16:00:35+00:00,27,,PT40S,5439,223,1,2026-05-26 13:34:21,40,4.1184,2025,1,Wednesday
ZBt7tMrzhP8,ArjanCodes,Recursion: Powerful or Problematic?,2024-12-30 16:00:35+00:00,27,,PT21S,5470,159,13,2026-05-26 13:34:21,21,3.1444,2024,12,Monday
kYL8fpUQx94,ArjanCodes,The Skill Every Senior Developer Needs,2024-12-28 16:00:40+00:00,27,,PT17S,4858,166,7,2026-05-26 13:34:21,17,3.5611,2024,12,Saturday
DMIjwpRW1Fk,ArjanCodes,💡 Immutability Makes Life Easier,2024-12-25 16:00:19+00:00,27,,PT24S,5358,198,11,2026-05-26 13:34:21,24,3.9007,2024,12,Wednesday
ybaLf6mJ8y8,ArjanCodes,🪄 Too Many Arguments? Use This Trick,2024-12-23 16:01:00+00:00,27,,PT30S,9029,320,6,2026-05-26 13:34:21,30,3.6106,2024,12,Monday
gWS4VHUJbe0,ArjanCodes,"☝🏻 One Function, One Job!",2024-12-20 23:00:35+00:00,27,,PT16S,4548,204,11,2026-05-26 13:34:21,16,4.7274,2024,12,Friday
YWKd-S0m9YA,ArjanCodes,Refactoring a Python Data Validation Interactive Shell,2024-12-20 16:00:30+00:00,27,refactoring python code|refactoring|refactoring code|code roast|code roast python|refactoring python|code refactoring|arjancodes refactoring|arjancodes code roast|python code roast|python code refactoring|interactive shell refactoring|interactive shell code roast|data validation cli refactoring|improving code|reviewing code|code review|code roast arjancodes,PT45M55S,20026,530,40,2026-05-26 13:34:21,2755,2.8463,2024,12,Friday
8tf-9ekVD-s,ArjanCodes,Mojo vs. Rust: Which Should You Pick?,2024-12-18 16:00:07+00:00,27,,PT33S,11731,233,22,2026-05-26 13:34:21,33,2.1737,2024,12,Wednesday
GZ3lxU6Ee-w,ArjanCodes,Stop Using Bad Names in Your Code,2024-12-16 16:00:15+00:00,27,,PT24S,3962,154,4,2026-05-26 13:34:21,24,3.9879,2024,12,Monday
CvGpqiCrdfE,ArjanCodes,👀 Shutting Down a Product? Here’s What You Need to Know,2024-12-14 16:00:16+00:00,27,,PT33S,3624,109,3,2026-05-26 13:34:21,33,3.0905,2024,12,Saturday
qh98qOND6MI,ArjanCodes,"This Tool Replaces pip, Poetry, pyenv, and More (It’s Fast)",2024-12-13 16:00:57+00:00,27,uv python|uv python tutorial|uv python package|uv python package manager|python uv|python uv tutorial|uv python tool|uv python tools|astral uv python|using uv python|python uv install|uv guide python|poetry vs uv|uv python programming|python programming uv|arjancodes uv|uv arjancodes|python arjancodes|python uv arjancodes|arjancodes uv python|python tutorial uv|uv python review|uv python library|python programming|dependency management uv,PT17M35S,206137,7147,372,2026-05-26 13:34:21,1055,3.6476,2024,12,Friday
M3lOr8216EU,ArjanCodes,👉🏻 Follow These Standards for Better APIs,2024-12-11 16:00:26+00:00,27,,PT26S,4616,174,1,2026-05-26 13:34:21,26,3.7912,2024,12,Wednesday
unaEcKvT4lQ,ArjanCodes,Rust’s Ownership Model Explained in 35 Seconds,2024-12-09 16:00:54+00:00,27,,PT35S,6813,203,8,2026-05-26 13:34:21,35,3.097,2024,12,Monday
V703bl-8QRc,ArjanCodes,🏗️ Building a CLI with Python,2024-12-07 16:00:24+00:00,27,,PT30S,13579,359,12,2026-05-26 13:34:21,30,2.7322,2024,12,Saturday
qkxf583t4Vc,ArjanCodes,Why You Should Think Twice Before Using Returns in Python,2024-12-06 16:00:54+00:00,27,python returns|python returns package|returns package|returns|railway oriented programming|railway oriented programming python|arjancodes returns|arjancodes python|arjancodes returns package|returns arjancodes|returns package arjancodes|arjan python|arjancodes package|return explained python|arjancodes railway oriented programming|tips and tricks of python|python libraries,PT21M27S,93315,2422,185,2026-05-26 13:34:21,1287,2.7938,2024,12,Friday
wuohAHj5PG4,ArjanCodes,Best Practices for SSH Key Usage,2024-12-04 16:01:00+00:00,27,,PT38S,3347,115,5,2026-05-26 13:34:21,38,3.5853,2024,12,Wednesday
-FA4Hc7c4ek,ArjanCodes,Live Code Review | FastAPI,2024-12-04 04:02:33+00:00,27,,PT58M37S,17271,363,18,2026-05-26 13:34:21,3517,2.206,2024,12,Wednesday
jSfDIQ5re8Y,ArjanCodes,🔮 The Result Monad Demystified,2024-12-02 16:00:40+00:00,27,,PT35S,3720,115,2,2026-05-26 13:34:21,35,3.1452,2024,12,Monday
ttWVbQF7yfI,ArjanCodes,🛡️ Your First Line of Defense Against Credential Leaks,2024-11-30 16:00:54+00:00,27,,PT30S,3840,144,2,2026-05-26 13:34:21,30,3.8021,2024,11,Saturday
WpXs7e7kEoI,ArjanCodes,gRPC vs REST: Why Isn’t Everyone Using gRPC?,2024-11-29 16:00:33+00:00,27,grpc rest|grpc|grpc tutorial|grpc explained|grpc vs rest|grpc vs rest api|rest api vs grpc performance|rest api|grpc rest api|rest api explained|rest api tutorial|rest api tutorial python|rest vs grpc|rest vs grpc performance|grpc performance|rest api performance|grpc introduction|what is grpc|grpc vs rest vs graphql|rest api python|grpc performance testing|arjancodes grpc|arjancodes rest api,PT19M11S,100165,2352,215,2026-05-26 13:34:21,1151,2.5628,2024,11,Friday
xvsitNaBG1k,ArjanCodes,🔐 Secrets in Code: The Least Privilege Principle,2024-11-27 16:00:51+00:00,27,,PT27S,3837,130,2,2026-05-26 13:34:21,27,3.4402,2024,11,Wednesday
sK7PCCHMaBg,ArjanCodes,"Keep It Simple, Developer❗",2024-11-25 16:00:51+00:00,27,,PT22S,3884,157,5,2026-05-26 13:34:21,22,4.171,2024,11,Monday
hbOrQ0UMq3Q,ArjanCodes,The Self-Explanatory Code,2024-11-23 16:00:39+00:00,27,,PT22S,3933,161,5,2026-05-26 13:34:21,22,4.2207,2024,11,Saturday
PwGKhvqJCQM,ArjanCodes,Fix Your Broken Python Setup in VSCode (Once and For All),2024-11-22 16:00:20+00:00,27,complete vscode setup python|best vscode setup for python|vscode setup for python|vscode setup|vscode python setup|vscode python|vscode|visual studio code|vs code|visual studio code setup|vscode extensions|vscode tutorial|vs code extension|vs code setup|python programming|visual studio code tutorial|vs code extensions|python vscode|visual studio code extensions|visual studio code python|python vscode setup|visual studio code setup python|arjancodes,PT26M5S,148580,4840,254,2026-05-26 13:34:21,1565,3.4285,2024,11,Friday
FcIEWBSLnJk,ArjanCodes,💾 Data Formats in Data Science: Choose Wisely,2024-11-20 16:00:11+00:00,27,,PT30S,4496,124,6,2026-05-26 13:34:21,30,2.8915,2024,11,Wednesday
CEaWanW-7cM,ArjanCodes,✋🏻 Stop Using This Git Command,2024-11-18 16:00:15+00:00,27,,PT27S,6133,200,8,2026-05-26 13:34:21,27,3.3915,2024,11,Monday
M8myswQlF1M,ArjanCodes,🤔 The Real Problem with Inheritance,2024-11-16 16:00:16+00:00,27,,PT26S,5641,201,5,2026-05-26 13:34:21,26,3.6518,2024,11,Saturday
GONyd0CUrPc,ArjanCodes,SQLAlchemy vs SQLModel: Which Should You Use?,2024-11-15 16:00:14+00:00,27,sqlmodel fastapi|sqlmodel|sqlmodel python|sqlmodel python tutorial|fastapi sqlmodel|python sqlmodel|fastapi|fastapi python|fastapi tutorial|python tutorial|python fastapi|fastapi tutorial 2024|fastapi tutorial project|python fastapi tutorial|sqlalchemy vs sqlmodel|sqlmodel vs sqlalchemy|sqlmodel tutorial|sqlmodel relationship|sqlmodel alembic|sqlmodel async|python programming|python concepts|arjancodes sqlmodel|arjancodes fastapi|arjancodes python,PT19M50S,122534,3891,192,2026-05-26 13:34:21,1190,3.3321,2024,11,Friday
Oq8Pp3M7CUQ,ArjanCodes,FastAPI: Move Operations for Cleaner Code,2024-11-13 16:00:21+00:00,27,,PT18S,14478,331,4,2026-05-26 13:34:21,18,2.3139,2024,11,Wednesday
nNOvX7Ajscs,ArjanCodes,😣 Regex Risks: What Every Developer Should Know,2024-11-11 16:00:44+00:00,27,,PT36S,7338,192,12,2026-05-26 13:34:21,36,2.78,2024,11,Monday
GMzMlDQf_6A,ArjanCodes,🗝️ What are SSH Keys?,2024-11-09 16:00:24+00:00,27,,PT25S,19477,340,6,2026-05-26 13:34:21,25,1.7765,2024,11,Saturday
KrJCVqtwOMk,ArjanCodes,Killing off a SaaS Product is Harder Than You Think,2024-11-08 16:00:28+00:00,27,saas product|kill a product|killing a product|how to kill a product|shut down a product|shutting down a product|how to shut down a product|saas|kill off a product|stopping your business|shutting down your company|stopping with your company|stopping with your saas company|shutting down saas procust|business mindshift|python|python programming|arjancodes,PT18M40S,12734,519,33,2026-05-26 13:34:21,1120,4.3349,2024,11,Friday
LI_QnHRf3jU,ArjanCodes,Dependency Inversion Principle (DIP),2024-11-06 16:00:17+00:00,27,,PT25S,7567,174,2,2026-05-26 13:34:21,25,2.3259,2024,11,Wednesday
QANzqo1D8w8,ArjanCodes,Live Code Review | Manim,2024-11-06 04:20:40+00:00,27,,PT1H9M15S,8845,194,22,2026-05-26 13:34:21,4155,2.4421,2024,11,Wednesday
1vHR5sJPuKY,ArjanCodes,🦺 Building a Test-Driven Safety Net,2024-11-04 16:00:02+00:00,27,,PT33S,5782,181,5,2026-05-26 13:34:21,33,3.2169,2024,11,Monday
OdTLI5DV4Vw,ArjanCodes,Celebrating Small Wins in Refactoring,2024-11-02 16:00:20+00:00,27,,PT18S,3149,150,3,2026-05-26 13:34:21,18,4.8587,2024,11,Saturday
NMQwzI9hprg,ArjanCodes,GitHub Actions for Python Packages: How to Automate Releases to PyPi,2024-11-01 16:00:31+00:00,27,python package deployment|pypi|homebrew|publishing python package|python package|publishing package|publishing package pypi|publish package to pypi|publish package to homebrew|publish your own python package|python package releases|python package publishing|github actions|pypi release|pypi releases|python package automation|python|python programming|arjancodes python|arjancodes|arjancodes python package|arjancodes pypi|arjancodes deployment|package release,PT20M25S,30454,995,41,2026-05-26 13:34:21,1225,3.4019,2024,11,Friday
-N9O5IkQEWg,ArjanCodes,💣 Why Failing Fast is Good,2024-10-30 16:00:00+00:00,27,,PT36S,2774,95,3,2026-05-26 13:34:21,36,3.5328,2024,10,Wednesday
hn_0mjT5zTA,ArjanCodes,❌ Why Rushing into Legacy Code Changes is a Mistake,2024-10-28 16:00:44+00:00,27,,PT22S,3707,137,4,2026-05-26 13:34:21,22,3.8036,2024,10,Monday
37fDArEgOI8,ArjanCodes,😣 The Innovation Misstep,2024-10-26 15:00:02+00:00,27,,PT28S,3446,187,3,2026-05-26 13:34:21,28,5.5136,2024,10,Saturday
6AGDnJ_26uw,ArjanCodes,When You Shouldn’t Remove Code Duplication (And How to Refactor the Right Way),2024-10-25 15:00:06+00:00,27,code duplication|code duplication in production|python code duplication|code duplication python|refactoring code duplication|refactoring code|refactoring code python|detecting code duplication|detect duplication|detect code duplication python|duplicate code|python|python programming|python tips|python tricks|python tips and tricks|python tips and tricks advanced|best python tips and tricks|arjancodes|arjancodes code duplication,PT19M42S,38851,1412,95,2026-05-26 13:34:21,1182,3.8789,2024,10,Friday
A5I45e0CDbI,ArjanCodes,⚡ Deploying FastAPI: Start With the End in Mind,2024-10-23 15:00:10+00:00,27,,PT27S,13807,347,7,2026-05-26 13:34:21,27,2.5639,2024,10,Wednesday
awqWiYUJy9k,ArjanCodes,😎 What I Learnt as a Business Owner,2024-10-21 15:00:07+00:00,27,,PT35S,3714,151,1,2026-05-26 13:34:21,35,4.0926,2024,10,Monday
meeA-bFOcuk,ArjanCodes,3️⃣ Essential Testing Tips Every Developer Needs,2024-10-19 15:00:52+00:00,27,,PT36S,4007,163,3,2026-05-26 13:34:21,36,4.1428,2024,10,Saturday
OiLgG4CabPo,ArjanCodes,15 Cool Python Libraries You Probably Didn’t Know,2024-10-18 15:00:23+00:00,27,libraries python|python libraries|python packages|packages python|must-know python packages|must know python libraries|essential python libraries|essential python packages|python tools|tools python|top python libraries|python libraries explained|python libraries tutorial|top python modules|python modules|python programming|python libraries to learn|popular python libraries|top 10 python libraries|best python libraries|python libraries and their uses,PT22M31S,113267,3668,200,2026-05-26 13:34:21,1351,3.4149,2024,10,Friday
lX_G0l9jU94,ArjanCodes,⚡ FastAPI in 30 Seconds,2024-10-16 15:00:53+00:00,27,,PT29S,80854,1621,17,2026-05-26 13:34:21,29,2.0259,2024,10,Wednesday
J_iTz2C1c-Y,ArjanCodes,💲 Choosing the Best Data Type for Monetary Values,2024-10-14 15:00:19+00:00,27,,PT43S,5656,242,6,2026-05-26 13:34:21,43,4.3847,2024,10,Monday
kdWgmxxVDd0,ArjanCodes,Aligning Refactoring with Business Needs,2024-10-12 15:00:47+00:00,27,,PT24S,4139,141,2,2026-05-26 13:34:21,24,3.4549,2024,10,Saturday
eUDGlxu_-ic,ArjanCodes,The New Python 3.13 Is FINALLY Here!,2024-10-11 15:00:51+00:00,27,new python|new python 3.13|python 3.13|python 3.13 new features|python 3.13 performance|python 3.13 performance vs 3.12|python 3.13 changes|new python features|python 3|new python 2024|global interpreter lock|global interpreter lock python|global interpreter lock (gil)|global interpreter lock (gil) in python|python 3.13 gil|python 3.13 nogil|python 3.13 speed|python 3.13 tutorial|new python vs old python|python 3.13 ios|new in python 3.13,PT20M39S,132000,5723,130,2026-05-26 13:34:22,1239,4.4341,2024,10,Friday
bgwg-dTIdMs,ArjanCodes,⌚ Time Management Tips for Developers,2024-10-09 15:00:43+00:00,27,,PT29S,4136,185,3,2026-05-26 13:34:22,29,4.5455,2024,10,Wednesday
ul8CgHyCa9k,ArjanCodes,3️⃣ Tips to Instantly Improve Your Code,2024-10-07 15:00:57+00:00,27,,PT29S,4738,256,8,2026-05-26 13:34:22,29,5.572,2024,10,Monday
P-N01AeMoX8,ArjanCodes,Understanding Composition Over Inheritance,2024-10-05 15:00:31+00:00,27,,PT24S,13608,292,4,2026-05-26 13:34:22,24,2.1752,2024,10,Saturday
bVnsBnnW3Tw,ArjanCodes,Level Up Your Git Game: 10 Little-Known Features You’ll Love,2024-10-04 15:00:47+00:00,27,git|git functionalities|functionalities git|features git|git things you didnt know|git features|github|unknown git features|git commit message best practices|git tutorial|git commit message|git commit explained|git commit history|git commit command|git commit and push from visual studio code|git tutorial 2024|git implementation|git functions|git worktree tutorial|git notes|git reflog|git bisect|git request|git pull request|git pull request vscode,PT17M56S,36186,1533,64,2026-05-26 13:34:22,1076,4.4133,2024,10,Friday
M9S0wqiTtcg,ArjanCodes,😤 Things Senior Developers Can’t Stand,2024-10-02 15:00:32+00:00,27,,PT30S,6733,262,9,2026-05-26 13:34:22,30,4.025,2024,10,Wednesday
CTeydWepUUg,ArjanCodes,Live Code Review | Boto3,2024-10-02 03:32:57+00:00,27,,PT1H17M6S,8518,185,21,2026-05-26 13:34:22,4626,2.4184,2024,10,Wednesday
Cuel2RNW6pU,ArjanCodes,💚 Design Patterns Love Composition,2024-09-30 15:00:18+00:00,27,,PT27S,3632,137,2,2026-05-26 13:34:22,27,3.8271,2024,9,Monday
HAv5t2Gq-yU,ArjanCodes,7 Powerful Databases Python Developers Should Know,2024-09-27 15:00:27+00:00,27,python databases|uncommon databases|uncommon python databases|databases|powerful databases|unique databases|awesome database|influxdb|influxdb tutorial|influxdb python|neo4j tutorial|duckdb|redis|redis database|redis database tutorial|redis database python|milvus tutorial|milvus python|milvus db|milvus tutorial python|tile38|milvus attu tutorial|milvus db python|milvus database tutorial|duckdb python|duckdb installation|using databases with python,PT23M55S,53382,1441,135,2026-05-26 13:34:22,1435,2.9523,2024,9,Friday
WI6CqykFbDc,ArjanCodes,Things (Almost) No One Thinks About When Designing Functions in Python,2024-09-20 15:00:28+00:00,27,function design python|python function|functions python|function header|function headers|function header python|python function header|python function headers|function headers python|function design|python function design|python functions|function python|functions|python function arguments|python function args and kwargs|python function return value|python function tips|python functions and return tutorial|python functions and return|header function,PT28M5S,106891,3182,193,2026-05-26 13:34:22,1685,3.1574,2024,9,Friday
eufjIfVOm8s,ArjanCodes,13 Python Quirks That Will Surprise You,2024-09-13 15:00:51+00:00,27,weird python|python|python programming|python behaviors|bizarre python|python bizarre|python weird|python quirks|quirks python|python curiosities|python programming language|python programming language tutorial|python features|weird python features|python tutorial|weird programming|programming tips|programming tips and tricks|python programming tips and tricks|arjancodes python|arjancodes|arjancodes tips and tricks,PT26M25S,28567,977,90,2026-05-26 13:34:22,1585,3.7351,2024,9,Friday
5uqZ6jAPTnY,ArjanCodes,Live Code Review | Poetry,2024-09-10 15:09:54+00:00,27,,PT1H2M53S,8420,197,12,2026-05-26 13:34:22,3773,2.4822,2024,9,Tuesday
yFLY0SVutgM,ArjanCodes,Stop Overusing Classes in Python,2024-09-06 15:01:06+00:00,27,oop python|bad oop python|python oop|oop|object oriented python|object oriented python programming|object oriented python practices|object oriented practices|object oriented|object oriented programming python|object oriented programming in python|object oriented programming|object-oriented programming|object-oriented programming in python|object-oriented design|python object-oriented programming|python object oriented programming advanced|oop explained python,PT24M42S,136858,4324,236,2026-05-26 13:34:22,1482,3.3319,2024,9,Friday
YA0Wq1rcs6U,ArjanCodes,Fail Fast: The Most Misunderstood Software Principle,2024-08-30 15:00:30+00:00,27,error handling|error handling in python|error handling in python programming|error handling technique|error handling technique python|exception handling|exception handling in python|error exception handling in python|exception handling approaches|error handling approach|error handling arjancodes|python programming|programming techniques|programming concepts|python errors and exceptions|python errors and exception handling|python programming errors,PT16M1S,71998,1996,115,2026-05-26 13:34:22,961,2.932,2024,8,Friday
pZunzLJ1qcQ,ArjanCodes,Quick and Easy Rate Limiting for FastAPI,2024-08-23 15:00:59+00:00,27,rate limiter|rate limiter python|rate limiting library|rate limiting|async rate limiter|python rate limiter|implementing rate limitter|rate limit|api rate limit|api rate limiting|fastapi python|fast api|fastapi tutorial|rate limiting step|rate limiting api|rate limiting vs throttling|requests python|requests python tutorial|requests library python|rate limiting and request throttling,PT18M15S,21060,711,27,2026-05-26 13:34:22,1095,3.5043,2024,8,Friday
aOly5eEDXug,ArjanCodes,Live Code Review | Requests,2024-08-16 16:25:38+00:00,27,,PT1H18M34S,12678,300,42,2026-05-26 13:34:22,4714,2.6976,2024,8,Friday
DvdZv_DD0DY,ArjanCodes,Refactoring Object-Oriented to AWESOME Functional Code,2024-08-09 15:00:13+00:00,27,object-oriented code|object oriented code|python oop|oop python|oop|object oriented python|object oriented python programming|object oriented python practices|object oriented practices|object oriented|object oriented programming python|object oriented programming in python|object oriented programming|arjancodes code roast|refactoring python code|refactoring python|refactoring code python|python code review|python code roast|refactoring code|code roast,PT22M59S,63052,1819,143,2026-05-26 13:34:22,1379,3.1117,2024,8,Friday
zWPe_CUR4yU,ArjanCodes,How Much FASTER Is Python 3.13 Without the GIL?,2024-08-02 15:01:06+00:00,27,python gil 3.13|python 3.13 gi|global interpreter lock|global interpreter lock python|global interpreter lock gil in python|global interpreter lock gil|python global interpreter lock gil|python gil|python gil removal|python gil 3.12|gil python 3.13|python without gil|understanding the python gil|inside the python gil|python threading gil|global interpreter lock (gil) in python|python global interpreter lock (gil)|python 3.13 nogil|python 3.13 gil,PT10M,224321,5675,320,2026-05-26 13:34:22,600,2.6725,2024,8,Friday
IzU_5fT4m_M,ArjanCodes,8 Tips to Prevent Your Software from Becoming the Next Big Disaster,2024-07-26 15:00:29+00:00,27,software disaster|software disasters|software engineering disasters|windows outage|crowdstrike incident|crowdstrike falcon|crowdstrike outage|crowdstrike outage explained|crowdstrike explained|crowdstrike falcon outage|cyber security|windows crowdstrike|windows kernel|microsoft outage|solarwinds attack|solarwinds attack explained|cloudflare outage|equifax data breach|equifax data breach 2017|windows crowdstrike error|solarwinds sunburst attack,PT11M56S,9155,365,17,2026-05-26 13:34:22,716,4.1726,2024,7,Friday
UdJr2p5RrF0,ArjanCodes,CrowdStrike Exposes a Fundamental Problem in Software,2024-07-21 15:15:02+00:00,27,crowdstrike|it failure|microsoft|crowdstrike outage|crowdstrike issue|crowdstrike update|crowdstrike stock|crowdstrike fix|crowdstrike outage explained|crowdstrike ceo|crowdstrike outage explained technical|crowdstrike outage airport|crowdstrike explained|microsoft outage|crowdstrike update issue|microsoft outage today|microsoft global outage|crowdstrike issue solution|global outage crowdstrike|global outage microsoft|global outage explained,PT5M30S,72640,2389,555,2026-05-26 13:34:22,330,4.0529,2024,7,Sunday
SjUQLryotAk,ArjanCodes,6 Easy Tips to Design an AWESOME REST API,2024-07-19 15:00:33+00:00,27,rest api design|rest api|rest api python|rest api design tutorial|design rest api|rest api tutorial|rest api design considerations|rest api design and development|rest api design principles|rest api design best practices|rest api design tips|how to design rest api|rest api design guidelines|rest api python fastapi|rest api python example|rest api python tutorial|rest api python requests|rest api tutorial python|arjancodes rest api|web development,PT23M32S,44939,1258,74,2026-05-26 13:34:22,1412,2.964,2024,7,Friday
J8et7Xoy1GU,ArjanCodes,Don’t Turn Your Development Process Into a NIGHTMARE,2024-07-12 15:00:16+00:00,27,development process|tips developers|development processes|software development processes|business processes|optimizing productivity|optimizing processes|company processes|creating development processes|dev teams|tips for developers|developers tips|tips for web developers|tips for junior developers|productivity tips for software developers|productivity tips and tricks|digital organization tips|digital organization for work|developer organization,PT14M25S,20947,766,44,2026-05-26 13:34:22,865,3.8669,2024,7,Friday
FWacanslfFM,ArjanCodes,How to Build a Python CLI Tool People Actually Want to Use,2024-07-05 15:00:12+00:00,27,command line interface tool|command line interface|command line interface python|python cli|python click|python click command|python click command line|python click command line interface|click command line interface|click package|python click package|click package python|command line|python command line|python cli app|command line interface explained|command line interface basics|command line interface tutorial|command line interface example|cli example,PT25M12S,94065,1847,122,2026-05-26 13:34:22,1512,2.0932,2024,7,Friday
6jgu9tmbrrE,ArjanCodes,Every Developer Should Know This,2024-06-28 15:00:05+00:00,27,heap memory models|stack vs heap|memory model python|memory models|stack vs heap python|memory management|memory management python|python memory|python memory model|stack memory model|heap memory model|stack heap memory models|stack memory models|stack memory|heap memory|stack vs heap memory|heap vs stack|memory allocation|stack memory vs heap memory|stack memory explained|heap memory explained|python stack|python heap|python programming,PT15M38S,51809,2389,143,2026-05-26 13:34:22,938,4.8872,2024,6,Friday
c-TWPdL9_X4,ArjanCodes,Live Code Review | Faker,2024-06-25 14:04:56+00:00,27,,PT59M40S,14293,418,57,2026-05-26 13:34:22,3580,3.3233,2024,6,Tuesday
Rp9Ha0rVM1w,ArjanCodes,7 Functional Programming Techniques EVERY Developer Should Know,2024-06-21 15:00:25+00:00,27,functional programming techniques|functional programming explained|functional programming technique|functional programming concepts|functional programming tutorial|functional programming|python programming|functional programming language|functional programming python|arjancodes|arjancodes functional programming|functional programming tips|python functional programming|python programming tips|python programming tips and tricks|python code|arjancodes python,PT21M35S,56707,1900,127,2026-05-26 13:34:22,1295,3.5745,2024,6,Friday
vhdUyGs_f6c,ArjanCodes,5 Tips for Writing Clean Python Code,2024-06-14 15:01:01+00:00,27,5 things code|clean code tips|clean code|clean code python|python clean code tips|python clean code|crappy code|python programming|python programming language|python programming tips|clean code python tutorial|how to write clean code in python|how to clean up python code|writing clean code|writing clean code python|python clean code guide|programming clean code|programming tips|programming tips and tricks,PT25M59S,36210,902,51,2026-05-26 13:34:22,1559,2.6319,2024,6,Friday
zjdfbeUcZTM,ArjanCodes,Why Do So Many Software Developers Have Imposter Syndrome?,2024-06-07 15:01:04+00:00,27,imposter syndrome|impostor syndrome|imposter syndrome developer|impostor syndrome developer|junior developer imposter syndrome|junior developer impostor syndrome|imposter|impostor|imposter syndrome explained|impostor syndrome explained|imposter syndrome at work|impostor syndrome at work|web developer imposter syndrome,PT9M52S,14405,859,81,2026-05-26 13:34:22,592,6.5255,2024,6,Friday
ZUlevpurfqk,ArjanCodes,"Build, Deploy, and Host a Backend From A to Z",2024-05-31 15:00:37+00:00,27,backend host|api backend|api backend development|api backend python|api backend build|api backend deploy|api backend host|backend develop|backend deploy|backend build|build deploy host backend|backend build deploy host|web development|web hosting|how to build a website|web development 2024|backend api testing|backend api tutorial|build a backend api|deploy backend api|api hosting|backend developer|backend development with python|build deploy,PT14M7S,27519,841,64,2026-05-26 13:34:22,847,3.2886,2024,5,Friday
c8QXUrvSSyg,ArjanCodes,Streamlit Explained: Python Tutorial for Data Scientists,2024-05-24 15:00:38+00:00,27,streamlit tutorial python|streamlit dashboard python tutorial|streamlit dashboard tutorial|streamlit dashboard python|streamlit dashboard|streamlit tutorial|streamlit|streamlit python|machine learning|how to use streamlit|streamlit app|python streamlit|streamlit python tutorial|python tutorial|python streamlit tutorial|how to streamlit|machine learning streamlit|streamlit project|streamlit tutorial dashboard|streamlit tutorial jupyter notebook,PT15M19S,65535,1175,48,2026-05-26 13:34:22,919,1.8662,2024,5,Friday
r_le07f_rfQ,ArjanCodes,Git Hooks: We’re Not Using Them Enough!,2024-05-21 15:00:46+00:00,27,git hooks|git hooks python|git hook|git hooks example|git hooks deploy|python pre-commit hooks|pre-commit hooks|pre-commit hook git|git pre commit hook python|git hooks post commit|pre-commit python|how to use git hooks|git hooks pre-commit|git hooks pre-commit example|pre-commit hook|github tutorial|github|python github|python programming|python programming tutorial|tuesday tips|arjancodes github|arjancodes|arjan python,PT4M6S,21261,678,48,2026-05-26 13:34:22,246,3.4147,2024,5,Tuesday
83jGr826Ow8,ArjanCodes,The Best Keyboard for Developers With a Major Flaw,2024-05-17 15:00:08+00:00,27,best keyboards 2024|best keyboards for developers|best keyboards for developers 2024|best keyboards for programmers|best keyboards for programmers 2024|best keyboards for software developers|best wireless keyboards for programmers|keyboard for software developer|keyboards|keyboards for programmers|keyboards for software developers|keychron|keychron keyboard|keychron keyboard review|keychron q5|keychron q5 max|mechanical keyboard|the best keyboard for developers,PT7M29S,29923,422,95,2026-05-26 13:34:22,449,1.7278,2024,5,Friday
FGgOsCAhFL4,ArjanCodes,Invariants: How Understanding Limits Enhances Your Code,2024-05-14 15:00:16+00:00,27,invariants|invariants programming|invariant|invariant theory|invariants explained|understanding invariants|what is an invariant|invariants in mathematics|loop invariants|invariants in software development|invariant math|programming concepts|programming concepts and fundamentals|programming concepts explained|programming concepts python|programming concepts and logic|software development tips|coding tips|coding tips python|arjancodes|python programming,PT3M55S,12202,353,22,2026-05-26 13:34:22,235,3.0733,2024,5,Tuesday
HX6vkP-QD7U,ArjanCodes,The Unit of Work Design Pattern Explained,2024-05-10 15:00:25+00:00,27,unit of work design pattern|design pattern|unit of work pattern|unit of work programming|unit of work|design patterns|repository pattern|software design patterns|software design patterns in software engineering|software design patterns explained|software engineering patterns|software engineering design patterns|unit of work repository|design patterns explained|design patterns tutorial|programming concepts|python programming|arjancodes design patterns,PT12M37S,35214,904,34,2026-05-26 13:34:22,757,2.6637,2024,5,Friday
sooYV9qKLDg,ArjanCodes,How To Do AI Prompt Templating,2024-05-07 15:00:45+00:00,27,ai prompt templates|jinja2|jinja2 python|jinja2 template|jinja2 templates|jinja2 templating engine|prompt templates|jinja2 prompt templates|templating engine|jinja|install jinja2 python|jinja templating|jinja2 templating|ai templates|prompt engineering|jinja2 tutorial|ai prompt template|ai prompts tips|understand prompt templates|jinja template|ai create templates|tuesday tips|arjancodes|arjancodes jinja2|python programming,PT7M,16029,494,35,2026-05-26 13:34:22,420,3.3003,2024,5,Tuesday
RIVcqT2OGPA,ArjanCodes,Asyncio Finally Explained: What the Event Loop Really Does,2024-05-03 15:00:22+00:00,27,event loop explained|asynchronous code|asynchronous code in python|async code|async code in python|asynchronous code python|asyncio|asyncio python|asyncio python tutorial|asyncio tutorial|event loop|event loop python|python event loop explained|asyncio event loop|asyncio event loop explained|asynchronous programming|python programming|synchronous programming|python asyncio|python asyncio tutorial|python programming tutorial|concurrent programming,PT13M34S,95379,2320,84,2026-05-26 13:34:22,814,2.5205,2024,5,Friday
GD1eajzSApQ,ArjanCodes,How to Avoid Dependency Hell in Programming,2024-04-30 15:00:13+00:00,27,3. 4. precedence of versions|arjancodes python|arjancodes semver|arjancodes tuesday tips|dependency programming|git semver|gitversion semver|programming|python programming|semantic versioning|semantic versioning 2.0.0|semantic versioning explained|semantic versioning python|semantic versioning tutorial|semantic versioning with git|semantic versioning with gitlab|semver|semver explained|semver github|semver tutorial|semver versioning|tuesday tips,PT5M20S,10932,430,21,2026-05-26 13:34:22,320,4.1255,2024,4,Tuesday
xIWr5p5T_nM,ArjanCodes,Rust Handles Errors Way Better Than Python,2024-04-26 15:00:51+00:00,27,rust errors|rust programming|rust python|rust coding|rust language|rust language programming|rust language 2024|rust error handling best practices|rust error handling|error handling rust|error handling in python|error handling|rust programming tutorial|rust programming 2024|rust programming language|rust programming tips|rust programming language use cases|rust compiler errors|rust custom errors|error handling in rust|arjancodes rust|arjancodes,PT17M48S,19671,506,63,2026-05-26 13:34:22,1068,2.8926,2024,4,Friday
axSK5FO7aOs,ArjanCodes,Mastering Python Decorators for Advanced Coding,2024-04-24 15:00:04+00:00,27,python decorators|python functions|python decorator|python decorators tutorial|python decorators explained|python class decorators|learn python|python tutorials|expert python,PT23S,31940,871,11,2026-05-26 13:34:22,23,2.7614,2024,4,Wednesday
XmpIBsnc3xU,ArjanCodes,Stop Using print(): Learn the VSCode Debugger,2024-04-23 15:00:24+00:00,27,debugging in vscode|debugger|debugger in vscode|debugging|debugging in python|debugging in python vscode|debugging in vscode python|debugging python|debugging python in visual studio code|visual studio code|vscode tutorial|vs code debugging|debugging tricks|beginner debugging|debugging tutorial|how to debug|vs code|python debugger|what is debugging|how to debug for beginners|vscode debugging python|vs code debugging error|vs code debugging problem,PT7M2S,94075,2183,121,2026-05-26 13:34:22,422,2.4491,2024,4,Tuesday
yK1VD6Nh_Og,ArjanCodes,Elevating Python Code with Higher-Order Functions,2024-04-20 15:00:48+00:00,27,higher order functions|python functions|python tutorial|python higher order functions|python programming|first-class functions|first class functions|first-class function|programming terms|first class function,PT25S,16817,552,13,2026-05-26 13:34:22,25,3.3597,2024,4,Saturday
6xncb3aTrXk,ArjanCodes,5 Tips for Building Powerful Data Dashboards in Python,2024-04-19 15:00:05+00:00,27,data dashboards|dashboard|data dashboard|dashboards|dashboard tips|dashboard tips and tricks|python dashboard|python dashboards|data python dashboards|python data dashboards|python data dashboard|data visualization|business intelligence|interactive dashboard|interactive dashboard examples|data visualization storytelling|data science python|dash plotly|building data dashboards|data analyst dashboards|social media dashboard|social media dashboard project,PT19M5S,38200,899,94,2026-05-26 13:34:22,1145,2.5995,2024,4,Friday
RC6mV2fhuDI,ArjanCodes,Harnessing Pure Functions for Reliable Python Code,2024-04-17 15:00:31+00:00,27,functional programming|what are pure functions|pure functions|functional programming tutorial|functional programming explained|learn pure functions in 10 minutes,PT17S,11352,336,12,2026-05-26 13:34:22,17,3.0655,2024,4,Wednesday
7MHDDOrDx-w,ArjanCodes,This Is How You Do PROPER Exception Handling With FastAPI,2024-04-16 15:00:05+00:00,27,fastapi|custom exceptions in python|custom exceptions|fastapi custom exceptions|custom exceptions fastapi|custom exceptions python|fastapi tutorial|fastapi tutorial python|fastapi python|exception handling|python exceptions|python tutorial|python exception handling|python error|python error handling|python requests|learn python|api python|fastapi python tutorial|exception handling in python|python exceptions explained|python exceptions tutorial,PT6M9S,30831,874,33,2026-05-26 13:34:22,369,2.9418,2024,4,Tuesday
E6ogsQV2_90,ArjanCodes,The Power of Immutability in Python Functional Programming,2024-04-12 22:00:08+00:00,27,functional programming|learn python|python programming|functional programming principles|immutability,PT21S,18843,505,9,2026-05-26 13:34:22,21,2.7278,2024,4,Friday
SmntWT1LPNw,ArjanCodes,Rust’s Most Unique Feature,2024-04-12 15:00:32+00:00,27,Rust ownership model|rust|rust language|rust language programming|rust language 2024|rust for python developers|rust coding|rust python|rust and python|rust ownership|rust model python|rust programming|rust programming language|rust references and borrowing|rust borrowing explained|rust borrowing ownership|rust programming tips|rust programming 2024|rust programming language use cases|programming concepts|programming concepts and fundamentals|arjancodes,PT13M38S,19455,675,73,2026-05-26 13:34:22,818,3.8448,2024,4,Friday
5JMgBgdoCrY,ArjanCodes,The Art of Functional Programming: Simplifying Python Code,2024-04-10 15:00:04+00:00,27,functional programming|functional programming language|functional programming tutorial|functional programming principles,PT21S,17596,524,11,2026-05-26 13:34:22,21,3.0405,2024,4,Wednesday
wFsOjHgvUfM,ArjanCodes,"The Basics You Need to Know about AWS, Azure, and Google Cloud",2024-04-09 15:00:57+00:00,27,cloud basics|cloud computing basics|cloud basic components|cloud computing|aws tutorial|amazon web services|aws cloud|microsoft azure|aws training|cloud computing tutorial for beginners|cloud engineer|cloud computing explained|what is cloud computing|aws services|google cloud vs aws vs azure|aws vs azure|aws introduction|google cloud|azure vs aws vs google|amazon aws tutorial|introduction to cloud computing|what is cloud computing for beginners,PT6M50S,32774,872,34,2026-05-26 13:34:22,410,2.7644,2024,4,Tuesday
y5LCo9H_gdk,ArjanCodes,Functional Programming: The Key to Exceptional Python Code,2024-04-06 15:00:55+00:00,27,functional programming|python programming|learn python|computer science|python tutorial|object oriented programming|python coding|what is functional programming,PT21S,52884,1192,32,2026-05-26 13:34:22,21,2.3145,2024,4,Saturday
aAy-B6KPld8,ArjanCodes,SQLAlchemy: The BEST SQL Database Library in Python,2024-04-05 15:00:00+00:00,27,sql python|python sql|SQLAlchemy|python sqlalchemy|python library|python orm|sql alchemy|sqlalchemy tutorial|sqlalchemy python|python database|sqlmodel python|sqlalchemy python tutorial|sqlalchemy 2.0|python map object to database|sqlalchemy vscode|sqlalchemy pydantic|python programming|arjancodes python|arjancodes sqlalchemy|python coding|python coding practices|functional approach|object oriented programming in python|object oriented programming,PT16M39S,180646,3322,163,2026-05-26 13:34:22,999,1.9292,2024,4,Friday
t8ZUiinrksw,Talks at Google,Jeff Kinney | Diary of a Wimpy Kid: Partypooper | Talks at Google,2026-05-15 16:01:22+00:00,22,,PT35M39S,1685,43,6,2026-05-26 13:34:26,2139,2.908,2026,5,Friday
YG5w939A9yQ,Talks at Google,Susie Wolff | Driven | Talks at Google,2026-05-13 16:00:50+00:00,22,,PT45M1S,3206,80,2,2026-05-26 13:34:26,2701,2.5577,2026,5,Wednesday
MGY_OM8u42A,Talks at Google,"Nelson Dellis | Everyday Genius: Hacks to Boost Your Memory, Focus... | Talks at Google",2026-04-29 16:00:40+00:00,22,,PT32M46S,5454,172,9,2026-05-26 13:34:26,1966,3.3187,2026,4,Wednesday
057mnWzLBcA,Talks at Google,Nir Eyal | Beyond Belief | Talks at Google,2026-04-03 16:00:01+00:00,22,,PT46M9S,6668,143,14,2026-05-26 13:34:26,2769,2.3545,2026,4,Friday
GigRB6bZ0MI,Talks at Google,Julia Minson | How to Disagree Better  | Talks at Google,2026-03-31 16:00:27+00:00,22,,PT32M14S,4663,134,5,2026-05-26 13:34:26,1934,2.9809,2026,3,Tuesday
N4Pp37pMKmI,Talks at Google,Vivian Tu | Well Endowed | Talks at Google,2026-03-27 16:00:22+00:00,22,,PT28M54S,3254,66,2,2026-05-26 13:34:26,1734,2.0897,2026,3,Friday
bIjz7UkauBA,Talks at Google,Jefferson Fisher | The Next Conversation Workbook | Talks at Google,2026-03-24 16:00:56+00:00,22,,PT32M36S,2974,58,4,2026-05-26 13:34:26,1956,2.0847,2026,3,Tuesday
QMfw8OqroDs,Talks at Google,Jay Foreman & Mark Cooper-Jones | Map Men: This Way Up | Talks at Google,2026-02-19 17:00:48+00:00,22,,PT28M4S,113697,4366,315,2026-05-26 13:34:26,1684,4.1171,2026,2,Thursday
LE8iaF8neSk,Talks at Google,Ron Clark | Igniting Engagement | Talks at Google,2026-02-05 17:00:29+00:00,22,,PT38M5S,4744,87,9,2026-05-26 13:34:26,2285,2.0236,2026,2,Thursday
mxPgcNbSacI,Talks at Google,"Maya Ackerman | Creative Machines: AI, Art & Us | Talks at Google",2025-12-01 17:01:21+00:00,22,,PT51M26S,6148,126,13,2026-05-26 13:34:26,3086,2.2609,2025,12,Monday
t8q43fsioqU,Talks at Google,Jon Levy | Team Intelligence: How Brilliant Leaders Unlock Collective Genius | Talks at Google,2025-11-20 17:01:40+00:00,22,,PT45M9S,9485,175,3,2026-05-26 13:34:26,2709,1.8766,2025,11,Thursday
m8ZmF1P4Z58,Talks at Google,Andrew Zimmern & Barton Seaver | The Blue Food Cookbook | Talks at Google,2025-11-13 17:01:28+00:00,22,,PT1H20S,2011,30,3,2026-05-26 13:34:26,3620,1.641,2025,11,Thursday
TpT37dWYG6I,Talks at Google,Brie Larson & Courtney McBroom | Party People | Talks at Google,2025-11-04 17:01:00+00:00,22,,PT47M51S,6923,77,5,2026-05-26 13:34:26,2871,1.1845,2025,11,Tuesday
JwkEL0QAFFc,Talks at Google,Broadway's Buena Vista Social Club | Talks at Google,2025-10-28 16:00:39+00:00,22,,PT58M16S,2833,34,1,2026-05-26 13:34:26,3496,1.2354,2025,10,Tuesday
AT-kLjXxn7A,Talks at Google,Dr. Pria Anand | The Mind Electric | Talks at Google,2025-10-01 16:00:31+00:00,22,,PT55M57S,6103,86,5,2026-05-26 13:34:26,3357,1.4911,2025,10,Wednesday
GWVSeLEcBm4,Talks at Google,Patrick Mouratoglou | Champion Mindset | Talks at Google,2025-08-27 16:00:30+00:00,22,,PT1H3M59S,28815,506,21,2026-05-26 13:34:26,3839,1.8289,2025,8,Wednesday
Kz1dXcs8zMY,Talks at Google,The Co-Intelligence Revolution: How Humans and AI Co-Create New Value | Talks at Google,2025-07-23 16:00:38+00:00,22,,PT1H14M30S,7347,126,9,2026-05-26 13:34:26,4470,1.8375,2025,7,Wednesday
esA0vZZe6wk,Talks at Google,Alfredo Garcia | Let's Make It!: A Mexican-American Culinary Adventure | Talks at Google,2025-07-01 16:01:08+00:00,22,,PT38M22S,2725,31,2,2026-05-26 13:34:26,2302,1.211,2025,7,Tuesday
XrpADTRwRS8,Talks at Google,B. Dylan Hollis | Baking Across America: A Vintage Recipe Road Trip | Talks at Google,2025-06-28 16:01:01+00:00,22,,PT49M36S,5093,130,10,2026-05-26 13:34:26,2976,2.7489,2025,6,Saturday
G4IdW8daReE,Talks at Google,Tu David Phu | The Memory of Taste | Talks at Google,2025-06-26 16:00:26+00:00,22,,PT1H12M30S,1810,37,1,2026-05-26 13:34:26,4350,2.0994,2025,6,Thursday
gDNJYKE5S84,Talks at Google,Broadway's Stranger Things | Talks at Google,2025-06-18 16:01:09+00:00,22,,PT58M12S,2615,36,2,2026-05-26 13:34:26,3492,1.4532,2025,6,Wednesday
hlO4AKUOAok,Talks at Google,Zarna Garg | This American Woman: A One-In-A-Billion Memoir | Talks at Google,2025-06-14 16:01:05+00:00,22,,PT54M5S,151227,2023,153,2026-05-26 13:34:26,3245,1.4389,2025,6,Saturday
m5zx248Hmw8,Talks at Google,"Luke Wilson, Ana Villafañe & Jimmy Canton | The Hole in the Wall Gang Camp | Talks at Google",2025-06-10 15:01:17+00:00,22,,PT51M7S,3958,51,2,2026-05-26 13:34:26,3067,1.3391,2025,6,Tuesday
o9EXAJOxFIE,Talks at Google,Moritz Baier-Lentz | Investor Perspectives: Igniting Growth with AI | Talks at Google,2025-05-29 16:01:23+00:00,22,,PT52M6S,7039,143,6,2026-05-26 13:34:26,3126,2.1168,2025,5,Thursday
MBdegZLhb6Q,Talks at Google,Tom Pickett & Jenna Glover | Headspace & the ROI of Mindfulness | Talks at Google,2025-05-25 16:00:29+00:00,22,,PT51M50S,4948,79,7,2026-05-26 13:34:26,3110,1.7381,2025,5,Sunday
lNYpj11oNsE,Talks at Google,Dr. Judith Joseph | High Functioning: Overcome Your Hidden Depression... | Talks at Google,2025-05-15 16:01:12+00:00,22,,PT54M34S,8134,174,6,2026-05-26 13:34:26,3274,2.2129,2025,5,Thursday
KJnpmXeHWnY,Talks at Google,Noor Murad | Lugma: Abundant Dishes & Stories From My Middle East | Talks at Google,2025-05-12 17:00:26+00:00,22,,PT55M55S,2908,48,2,2026-05-26 13:34:26,3355,1.7194,2025,5,Monday
a3rFENGzHL0,Talks at Google,Asma Khan | Monsoon: Delicious Indian Recipes for Every Day and Season | Talks at Google,2025-05-01 16:00:01+00:00,22,,PT57M57S,5025,63,3,2026-05-26 13:34:26,3477,1.3134,2025,5,Thursday
NegTHmVuepk,Talks at Google,Sahil Bloom | The 5 Types of Wealth | Talks at Google,2025-04-26 16:00:27+00:00,22,,PT1H4M34S,41300,704,27,2026-05-26 13:34:26,3874,1.77,2025,4,Saturday
MTzhQ-E5wcQ,Talks at Google,Jenny Wood | Wild Courage: Go After What You Want and Get It | Talks at Google,2025-04-17 16:00:36+00:00,22,,PT56M5S,11317,232,12,2026-05-26 13:34:26,3365,2.156,2025,4,Thursday
On9jhMEg-lE,Talks at Google,Dr. Alison Wood Brooks | The Science of Conversation & the Art of Being Ourselves | Talks at Google,2025-04-14 16:00:40+00:00,22,,PT59M36S,47453,1094,21,2026-05-26 13:34:26,3576,2.3497,2025,4,Monday
amV0j7R0yJc,Talks at Google,Anne-Laure Le Cunff | Tiny Experiments | Talks at Google,2025-04-11 00:00:02+00:00,22,,PT55M14S,24893,534,17,2026-05-26 13:34:26,3314,2.2135,2025,4,Friday
qoYNyDU0gso,Talks at Google,Lewis Howes | Make Money Easy | Talks at Google,2025-04-07 18:15:04+00:00,22,,PT55M48S,10345,203,14,2026-05-26 13:34:26,3348,2.0976,2025,4,Monday
YQvFiC64UdM,Talks at Google,Nisha Vora | Big Vegan Flavor | Talks at Google,2025-01-29 16:00:28+00:00,22,,PT54M17S,8474,181,13,2026-05-26 13:34:26,3257,2.2894,2025,1,Wednesday
xampcXM8bog,Talks at Google,Alberto Mondi | Embracing Diversity and Finding Your Place in a Globalized World | Talks at Google,2025-01-17 16:01:14+00:00,22,,PT1H1M11S,5197,94,6,2026-05-26 13:34:26,3671,1.9242,2025,1,Friday
RIigkMKPlLs,Talks at Google,Olivier Goy | Invincible Summer | Talks at Google,2025-01-15 16:00:24+00:00,22,,PT24M31S,3240,54,4,2026-05-26 13:34:26,1471,1.7901,2025,1,Wednesday
2yX6_l0a0AM,Talks at Google,Stanford professor on the importance of bets and how to think about business successes and failures,2025-01-14 16:00:02+00:00,22,,PT55S,2711,70,2,2026-05-26 13:34:26,55,2.6558,2025,1,Tuesday
1uanweUW5XQ,Talks at Google,Anas Bukhash | Perspective of an Interviewer from the Arab World | Talks at Google,2025-01-10 16:00:04+00:00,22,,PT58M10S,7823,153,9,2026-05-26 13:34:26,3490,2.0708,2025,1,Friday
bwS_PJBni8Y,Talks at Google,Ravi Bapna & Anindya Ghose | Thrive: Maximizing Well-Being in the Age of AI | Talks at Google,2025-01-08 16:00:36+00:00,22,,PT58M36S,5303,79,5,2026-05-26 13:34:26,3516,1.584,2025,1,Wednesday
5xhS6bgluck,Talks at Google,"Doug Melville on rediscovering family legacy, and a quest to honor America's first Black generals",2024-12-30 16:00:09+00:00,22,,PT59S,1654,45,1,2026-05-26 13:34:26,59,2.7811,2024,12,Monday
vFRdsQYnI00,Talks at Google,Peter Attia on the science and art of longevity,2024-12-27 17:53:00+00:00,22,,PT1M,4004,94,2,2026-05-26 13:34:26,60,2.3976,2024,12,Friday
VDuu5ZKyQJc,Talks at Google,Annie & Kerry Xu | Badminton: Twin Sisters Represent USA at Paris Olympics 2024 | Talks at Google,2024-12-26 16:00:32+00:00,22,,PT33M16S,4540,65,3,2026-05-26 13:34:26,1996,1.4978,2024,12,Thursday
643unTJ-1nA,Talks at Google,Olympic coaches on the importance of working in a healthy environment,2024-12-20 16:00:08+00:00,22,,PT37S,1262,29,0,2026-05-26 13:34:26,37,2.2979,2024,12,Friday
WP8mE4bc4j8,Talks at Google,Tidying expert on the importance of decluttering at work,2024-12-19 20:00:16+00:00,22,,PT45S,1347,27,2,2026-05-26 13:34:26,45,2.1529,2024,12,Thursday
f87Vff-Ik9A,Talks at Google,Inventor of the Rubik's cube on the cube and how it relates to problem solving,2024-12-18 21:05:14+00:00,22,,PT56S,1836,62,1,2026-05-26 13:34:26,56,3.4314,2024,12,Wednesday
2fEyffMkUxA,Talks at Google,Ilya Strebulaev | The Venture Mindset | Talks at Google,2024-12-16 16:00:02+00:00,22,,PT46M48S,11568,275,4,2026-05-26 13:34:26,2808,2.4118,2024,12,Monday
jYXHAJnLvEs,Talks at Google,2024 Year In Review | Talks at Google,2024-12-07 16:00:35+00:00,22,,PT2M1S,15883,148,13,2026-05-26 13:34:26,121,1.0137,2024,12,Saturday
2fZiROJCe9o,Talks at Google,Doug Melville | Invisible Generals | Talks at Google,2024-12-06 16:00:01+00:00,22,,PT49M55S,35767,4344,7,2026-05-26 13:34:26,2995,12.1648,2024,12,Friday
H8eBCOWQoio,Talks at Google,Peter Attia | Outlive: The Science & Art of Longevity | Talks at Google,2024-12-05 16:00:16+00:00,22,,PT1H43S,183296,2673,291,2026-05-26 13:34:26,3643,1.6171,2024,12,Thursday
VyxL__v7Ny4,Talks at Google,Masatoshi Ohno & Jérôme Guth | Turning Fear into Excitement | Talks at Google,2024-12-04 16:00:29+00:00,22,,PT1H6M32S,2611,56,0,2026-05-26 13:34:26,3992,2.1448,2024,12,Wednesday
Y_5OsKR6zlk,Talks at Google,Erno Rubik | Celebrating 50 Years of the Rubik's Cube | Talks at Google,2024-12-03 16:00:24+00:00,22,,PT37M36S,5727,125,9,2026-05-26 13:34:26,2256,2.3398,2024,12,Tuesday
l6zmMLegv3g,Talks at Google,Marie Kondo | Finding Joy at Work | Talks at Google,2024-12-03 00:31:03+00:00,22,,PT47M32S,9400,125,44,2026-05-26 13:34:26,2852,1.7979,2024,12,Tuesday
Iaqjwmxbsug,Talks at Google,Renowned cookbook author on how childhood curiosity led to her creativity,2024-11-28 14:00:26+00:00,22,,PT30S,1142,22,0,2026-05-26 13:34:26,30,1.9264,2024,11,Thursday
dR0DlY7qh1c,Talks at Google,Rose Levy Beranbaum & Woody Wolston | The Cake Bible: 35th Anniversary Edition | Talks at Google,2024-11-27 17:00:40+00:00,22,,PT55M3S,3422,39,3,2026-05-26 13:34:26,3303,1.2274,2024,11,Wednesday
epVaUUuOuKc,Talks at Google,Harper Steele on crossing the country with Will Ferrell,2024-11-26 16:51:24+00:00,22,,PT46S,2127,19,0,2026-05-26 13:34:26,46,0.8933,2024,11,Tuesday
Cm1-dtVORUE,Talks at Google,Cookbook author tells us about regenerative agriculture and its impact on the climate crisis,2024-11-25 23:01:31+00:00,22,,PT56S,985,20,1,2026-05-26 13:34:26,56,2.132,2024,11,Monday
UEpsZ9fki0o,Talks at Google,Camilla Marcus | My Regenerative Kitchen | Talks at Google,2024-11-24 17:00:21+00:00,22,,PT43M47S,2672,51,2,2026-05-26 13:34:26,2627,1.9835,2024,11,Sunday
cNlJkByJRpA,Talks at Google,Tony award winning director Danya Taymor on adapting the book for the stage and what she fought for,2024-11-22 15:23:19+00:00,22,,PT1M,1074,19,0,2026-05-26 13:34:26,60,1.7691,2024,11,Friday
OEG8XpoA03k,Talks at Google,Broadway's The Outsiders | Cast & Creatives | Talks at Google,2024-11-20 17:00:18+00:00,22,,PT47M43S,10496,246,14,2026-05-26 13:34:26,2863,2.4771,2024,11,Wednesday
X_TB4VxPjPo,Talks at Google,Harper Steele | Will & Harper | Talks at Google,2024-11-19 22:47:06+00:00,22,,PT51M9S,4231,61,0,2026-05-26 13:34:26,3069,1.4417,2024,11,Tuesday
BJGO3BPYYos,Talks at Google,Award-winning chef on staying true to North American ingredients in his cookbook,2024-11-18 17:07:12+00:00,22,,PT58S,1020,18,0,2026-05-26 13:34:26,58,1.7647,2024,11,Monday
ikTg870J378,Talks at Google,Sean Sherman | The Sioux Chef's Indigenous Kitchen | Talks at Google,2024-11-17 17:00:43+00:00,22,,PT52M46S,4101,121,12,2026-05-26 13:34:26,3166,3.2431,2024,11,Sunday
THUTsHpKgGo,Talks at Google,Simon Sinek tells us the simple question to ask your friends,2024-11-15 19:02:25+00:00,22,,PT1M,2519,79,1,2026-05-26 13:34:26,60,3.1759,2024,11,Friday
Wq6cv7V0cTo,Talks at Google,Simon Sinek | Building Optimism | Talks at Google,2024-11-13 19:30:05+00:00,22,,PT57M6S,69915,1214,31,2026-05-26 13:34:26,3426,1.7807,2024,11,Wednesday
914PD5uHlQI,Talks at Google,Professor Chris Bernhardt on how computers learn,2024-11-10 17:00:06+00:00,22,,PT47S,1389,40,0,2026-05-26 13:34:26,47,2.8798,2024,11,Sunday
BsHzEyIjfbE,Talks at Google,Chris Bernhardt | Beautiful Math | Talks at Google,2024-11-09 17:00:08+00:00,22,,PT43M54S,6297,105,7,2026-05-26 13:34:26,2634,1.7786,2024,11,Saturday
Y6kezM6Fvxc,Talks at Google,Dr. Tony Nader on how transcendental meditation helps you find mental clarity,2024-11-03 16:00:32+00:00,22,,PT55S,3836,122,2,2026-05-26 13:34:26,55,3.2325,2024,11,Sunday
27nQa0o2iOQ,Talks at Google,Dr. Tony Nader | Consciousness Is All There Is | Talks at Google,2024-11-02 16:00:02+00:00,22,,PT33M2S,14453,345,38,2026-05-26 13:34:26,1982,2.65,2024,11,Saturday
4IMcW3AkPU0,Talks at Google,Blue Beetle star Xolo Maridueña on breaking barriers in Hollywood,2024-10-30 19:28:54+00:00,22,,PT58S,4478,181,1,2026-05-26 13:34:26,58,4.0643,2024,10,Wednesday
QCQutoQj0bc,Talks at Google,Xolo Maridueña | Blue Beetle & Beyond | Talks at Google,2024-10-29 16:01:02+00:00,22,,PT52M6S,6688,151,36,2026-05-26 13:34:26,3126,2.7961,2024,10,Tuesday
9L92S_5Zsb0,Talks at Google,Award-winning artist JoJo sat down with us to chat about her new memoir,2024-10-25 17:54:07+00:00,22,,PT59S,1728,37,1,2026-05-26 13:34:26,59,2.1991,2024,10,Friday
60jZvsEyceE,Talks at Google,Joanna “JoJo” Levesque | Over the Influence: A Memoir | Talks at Google,2024-10-24 16:00:06+00:00,22,,PT59M54S,12143,302,27,2026-05-26 13:34:26,3594,2.7094,2024,10,Thursday
wl6yfoPcHq0,Talks at Google,Professor Dahlen on not thinking of life as a risk management program,2024-10-23 21:54:52+00:00,22,,PT43S,1156,23,1,2026-05-26 13:34:26,43,2.0761,2024,10,Wednesday
xhUj113pCCQ,Talks at Google,Dr. Raz on how suggestion is a fundamental aspect of human neural psychology,2024-10-22 20:19:45+00:00,22,,PT55S,777,19,0,2026-05-26 13:34:26,55,2.4453,2024,10,Tuesday
FAiQOlf7aTY,Talks at Google,Micael Dahlen | Science of Wellbeing & Happiness | Talks at Google,2024-10-21 16:00:22+00:00,22,,PT30M9S,8218,145,8,2026-05-26 13:34:26,1809,1.8618,2024,10,Monday
2VpHqyxw1GU,Talks at Google,Chief wellness officer on valuing meaning & purpose,2024-10-20 16:00:02+00:00,22,,PT1M,705,12,1,2026-05-26 13:34:26,60,1.844,2024,10,Sunday
0gHUG4AlMhU,Talks at Google,Rando Kim | Navigating Shifting Consumer Trends: A Guide to Survival and Thriving | Talks at Google,2024-10-18 16:00:02+00:00,22,,PT1H15M43S,3059,60,2,2026-05-26 13:34:26,4543,2.0268,2024,10,Friday
JgLQPxrOb8g,Talks at Google,Dr. Amir Raz | The Suggestible Brain | Talks at Google,2024-10-18 07:00:10+00:00,22,,PT28M48S,7334,171,10,2026-05-26 13:34:26,1728,2.468,2024,10,Friday
C7Bp2kkQhLg,Talks at Google,Professional cat rescuer and photographer on the inspiration behind their global project,2024-10-17 16:00:11+00:00,22,,PT56S,727,14,1,2026-05-26 13:34:26,56,2.0633,2024,10,Thursday
X0YRyFF2u_g,Talks at Google,Jessi Gold | How Do You Feel?: One Doctor's Search for Humanity in Medicine | Talks at Google,2024-10-16 16:00:28+00:00,22,,PT30M33S,2246,50,6,2026-05-26 13:34:26,1833,2.4933,2024,10,Wednesday
CNv79v3NguI,Talks at Google,Chairman of the Board of The Tetris Company on games,2024-10-15 16:00:22+00:00,22,,PT59S,1052,27,0,2026-05-26 13:34:26,59,2.5665,2024,10,Tuesday
iFrcKLKZ-OI,Talks at Google,Hannah Shaw & Andrew Marttila | Cats of the World | Talks at Google,2024-10-14 16:00:42+00:00,22,,PT32M48S,2296,54,5,2026-05-26 13:34:26,1968,2.5697,2024,10,Monday
YdSygtEKl7k,Talks at Google,Henk Rogers | Celebrating 40 Years of Tetris | Talks at Google,2024-10-11 16:00:39+00:00,22,,PT49M39S,5895,114,10,2026-05-26 13:34:26,2979,2.1035,2024,10,Friday
zgg9ZMZ-LsE,Talks at Google,Renowned computer scientist on anthropomorphizing technology,2024-10-10 16:01:03+00:00,22,,PT59S,1455,38,0,2026-05-26 13:34:26,59,2.6117,2024,10,Thursday
4laCEIcb-vY,Talks at Google,Journalist and Chef on the inspiration behind their cookbook,2024-10-09 16:00:04+00:00,22,,PT58S,560,9,0,2026-05-26 13:34:26,58,1.6071,2024,10,Wednesday
cDKC9-eldjM,Talks at Google,Tamron Hall & Lish Steiling | A Confident Cook | Talks at Google,2024-10-08 16:00:39+00:00,22,,PT59M24S,1580,31,1,2026-05-26 13:34:26,3564,2.0253,2024,10,Tuesday
QB7hG5pr5xA,Talks at Google,Neil Lawrence | The Atomic Human: What Makes Us Unique in the Age of AI | Talks at Google,2024-10-03 16:00:24+00:00,22,,PT48M41S,9905,175,7,2026-05-26 13:34:26,2921,1.8375,2024,10,Thursday
M7XarcYWBME,Talks at Google,Social health expert on the evolution of understanding health,2024-10-01 16:00:18+00:00,22,,PT57S,1313,45,1,2026-05-26 13:34:26,57,3.5034,2024,10,Tuesday
VJpz25MYF9w,Talks at Google,Former Olympic athlete on how failure is not forever,2024-09-30 16:00:36+00:00,22,,PT43S,933,19,0,2026-05-26 13:34:26,43,2.0364,2024,9,Monday
3YW2jrnDOfg,Talks at Google,Kasley Killam | The Art and Science of Connection | Talks at Google,2024-09-28 16:00:03+00:00,22,,PT53M2S,12383,259,10,2026-05-26 13:34:26,3182,2.1723,2024,9,Saturday
YRlGvdK63vo,Talks at Google,Marion Jones | Why Failure Isn’t Forever | Talks at Google,2024-09-20 16:00:37+00:00,22,,PT54M45S,6395,121,10,2026-05-26 13:34:26,3285,2.0485,2024,9,Friday
UmdIliqDjsY,Talks at Google,Art historian on expressing individualism with hair,2024-09-17 16:15:01+00:00,22,,PT1M,964,28,2,2026-05-26 13:34:26,60,3.112,2024,9,Tuesday
hSy_SqQMYv0,Talks at Google,Elizabeth Block | Beyond Vanity: The History and Power of Hairdressing | Talks at Google,2024-09-16 16:00:49+00:00,22,,PT31M57S,2651,41,5,2026-05-26 13:34:26,1917,1.7352,2024,9,Monday
3I2xGcHrZx0,Talks at Google,Renowned wildlife ecologist on trusting your expertise,2024-09-13 16:00:09+00:00,22,,PT55S,590,23,0,2026-05-26 13:34:26,55,3.8983,2024,9,Friday
5PmclgVQ0LI,Talks at Google,Rae Wynn-Grant | Wild Life: Finding My Purpose in an Untamed World | Talks at Google,2024-09-12 16:00:05+00:00,22,,PT28M3S,2737,66,0,2026-05-26 13:34:26,1683,2.4114,2024,9,Thursday
5AuR1KiJk2Y,Talks at Google,Olympians on growth mindset and achieving success,2024-09-09 18:30:08+00:00,22,,PT50S,1742,48,0,2026-05-26 13:34:26,50,2.7555,2024,9,Monday
3sSpFnzMzeU,Talks at Google,"Missy Franklin, Angela Ruggiero & Ashton Eaton | Olympic Panel | Talks at Google",2024-09-06 16:00:06+00:00,22,,PT59M33S,2114,42,1,2026-05-26 13:34:26,3573,2.0341,2024,9,Friday
-_R-QodNIT4,Talks at Google,"Actor, philanthropist, and entrepreneur on childhood imagination",2024-09-05 16:00:00+00:00,22,,PT57S,809,19,1,2026-05-26 13:34:26,57,2.4722,2024,9,Thursday
ztzi2BD7F-A,Talks at Google,Jay Ellis | Did Everyone Have an Imaginary Friend (or Just Me)? | Talks at Google,2024-09-04 15:30:18+00:00,22,,PT55M49S,3975,54,5,2026-05-26 13:34:26,3349,1.4843,2024,9,Wednesday
EvVDu55Jux4,Talks at Google,Olympic athletes on sports and community,2024-08-30 16:00:23+00:00,22,,PT55S,1154,21,2,2026-05-26 13:34:26,55,1.9931,2024,8,Friday
RbfPlpHYHq8,Talks at Google,Gus Kenworthy & Greg Louganis | Beyond the Podium | Talks at Google,2024-08-29 20:00:08+00:00,22,,PT45M26S,4017,75,5,2026-05-26 13:34:27,2726,1.9915,2024,8,Thursday
XJqzYwvUgsA,Talks at Google,Members from the cast of Wicked celebrating 20 years of their show,2024-08-27 19:00:30+00:00,22,,PT1M,1543,25,0,2026-05-26 13:34:27,60,1.6202,2024,8,Tuesday
Nja3hjJ6k-A,Talks at Google,Broadway's Wicked | Talks at Google,2024-08-26 16:00:26+00:00,22,,PT57M59S,6764,121,10,2026-05-26 13:34:27,3479,1.9367,2024,8,Monday
bxjFU9o3f-8,Talks at Google,Award-winning author on how uncertainty impacts wonder and curiosity,2024-08-22 20:00:21+00:00,22,,PT1M,1035,33,1,2026-05-26 13:34:27,60,3.285,2024,8,Thursday
f9OrJEASRuI,Talks at Google,Maggie Jackson | Uncertain: The Wisdom and Wonder of Being Unsure | Talks at Google,2024-08-20 16:00:41+00:00,22,,PT32M3S,7190,152,8,2026-05-26 13:34:27,1923,2.2253,2024,8,Tuesday
UA_Hl3doHzA,Talks at Google,Highlights: Alane Freund | Understanding the Highly Sensitive Person,2024-08-09 16:00:34+00:00,22,,PT13M36S,9488,212,6,2026-05-26 13:34:27,816,2.2976,2024,8,Friday
Jfn2fPBjWP4,Talks at Google,Acclaimed science writer on the the Earth's interconnected ecosystem,2024-08-08 20:00:11+00:00,22,,PT1M,1059,23,1,2026-05-26 13:34:27,60,2.2663,2024,8,Thursday
f2rhpKKlnyI,Talks at Google,Ferris Jabr | Becoming Earth | Talks at Google,2024-08-05 16:00:43+00:00,22,,PT30M52S,4860,93,2,2026-05-26 13:34:27,1852,1.9547,2024,8,Monday
__B7ngl_LUM,Talks at Google,Ecological engineer on adding greenery to common spaces,2024-08-02 20:00:23+00:00,22,,PT55S,1002,26,1,2026-05-26 13:34:27,55,2.6946,2024,8,Friday
gF4vKaOqVj4,Talks at Google,Nadina Galle | The Nature of our Cities | Talks at Google,2024-07-30 16:00:38+00:00,22,,PT40M22S,4838,93,6,2026-05-26 13:34:27,2422,2.0463,2024,7,Tuesday
QwdCfNS0_BM,Talks at Google,Adjunct Professor at Stanford University on measuring the light patterns of multidimensional art,2024-07-29 20:00:09+00:00,22,,PT57S,1209,30,1,2026-05-26 13:34:27,57,2.5641,2024,7,Monday
7N7N_wUHjEQ,Talks at Google,David Stork | When Computers Look at Art | Talks at Google,2024-07-24 16:00:06+00:00,22,,PT49M27S,4274,99,8,2026-05-26 13:34:27,2967,2.5035,2024,7,Wednesday
XmGUMI4jy9s,Talks at Google,Highlights: Tali Sharot | Look Again: The Power of Noticing What Was Always There | Talks at Google,2024-07-19 16:00:36+00:00,22,,PT13M31S,6474,126,3,2026-05-26 13:34:27,811,1.9926,2024,7,Friday
erSL5LMHL34,Talks at Google,Creator of The New Happy philosophy on societal forces and their impacts on happiness,2024-07-13 16:00:36+00:00,22,,PT57S,1653,37,1,2026-05-26 13:34:27,57,2.2989,2024,7,Saturday
M-bImEnApdM,Talks at Google,Master certified life coach on differentiating between factual thoughts and feelings,2024-07-12 16:00:31+00:00,22,,PT1M,854,20,0,2026-05-26 13:34:27,60,2.3419,2024,7,Friday
s7Mjx8qFqSY,Talks at Google,Kara Loewentheil | Take Back Your Brain | Talks at Google,2024-07-11 16:00:47+00:00,22,,PT30M42S,6819,148,9,2026-05-26 13:34:27,1842,2.3024,2024,7,Thursday
PGsPzC_WvYY,Talks at Google,Actress & Executive Producer Emma Roberts and Director Liz W. Garcia discuss their film Space Cadet,2024-07-10 16:00:31+00:00,22,,PT56S,1688,36,2,2026-05-26 13:34:27,56,2.2512,2024,7,Wednesday
JmIIBU6yqVc,Talks at Google,Stephanie Harrison | New Happy | Talks at Google,2024-07-08 16:00:13+00:00,22,,PT28M18S,6219,129,12,2026-05-26 13:34:27,1698,2.2672,2024,7,Monday
5cBsFLG7UmE,Talks at Google,Emma Roberts & Liz Garcia | Prime Video's Space Cadet | Talks at Google,2024-07-04 16:00:08+00:00,22,,PT27M41S,6216,68,5,2026-05-26 13:34:27,1661,1.1744,2024,7,Thursday
ba1_7WCczVU,Talks at Google,CEO of extended reality business on how passions can present career opportunities,2024-07-03 20:00:13+00:00,22,,PT45S,1023,24,0,2026-05-26 13:34:27,45,2.346,2024,7,Wednesday
Rnd5QHx_zA4,Talks at Google,"Oscar and Emmy-nominated writer, actor and comedian on growing up in different cultures",2024-07-02 20:00:08+00:00,22,,PT36S,1882,41,1,2026-05-26 13:34:27,36,2.2317,2024,7,Tuesday
O94AWbLkuSM,Talks at Google,Annie Eaton | The Extended Reality Blueprint | Talks at Google,2024-07-01 16:00:20+00:00,22,,PT30M8S,4462,87,5,2026-05-26 13:34:27,1808,2.0619,2024,7,Monday
nbLHXOK20nQ,Talks at Google,Trained chef and registered dietitian on the relationship between memory and cuisine,2024-06-25 20:00:26+00:00,22,,PT1M,1098,33,0,2026-05-26 13:34:27,60,3.0055,2024,6,Tuesday
XSt48zFSBA0,Talks at Google,Kumail Nanjiani | AAPI Heritage Month 2024 | Talks at Google,2024-06-25 17:00:21+00:00,22,,PT16M52S,8874,97,7,2026-05-26 13:34:27,1012,1.172,2024,6,Tuesday
k5Jd3OZVOR8,Talks at Google,Micah Siva | Nosh | Talks at Google,2024-06-22 16:00:40+00:00,22,,PT56M12S,3282,52,4,2026-05-26 13:34:27,3372,1.7063,2024,6,Saturday
5VdlKfmA9hk,Talks at Google,International chess master on the benefits of learning how to play at a young age,2024-06-20 20:00:04+00:00,22,,PT50S,2978,74,5,2026-05-26 13:34:27,50,2.6528,2024,6,Thursday
7co7G7MX51k,Talks at Google,Levy Rozman | GothamChess: The Internet's Chess Teacher | Talks at Google,2024-06-19 16:00:09+00:00,22,,PT57M4S,64078,2845,181,2026-05-26 13:34:27,3424,4.7224,2024,6,Wednesday
Jzy23i4I4tw,Talks at Google,The Wiz cast and director Schele Williams on the return of the Tony Award®-winning Best Musical,2024-06-17 20:00:14+00:00,22,,PT45S,894,28,1,2026-05-26 13:34:27,45,3.2438,2024,6,Monday
6CljvurQ4-o,Talks at Google,Broadway's The Wiz | Talks at Google,2024-06-16 16:00:06+00:00,22,,PT56M27S,3312,74,4,2026-05-26 13:34:27,3387,2.3551,2024,6,Sunday
d6pLbZV00nQ,Talks at Google,Top 10 Billboard artist on how culture can influence artistic choices,2024-06-14 20:00:12+00:00,22,,PT52S,876,15,1,2026-05-26 13:34:27,52,1.8265,2024,6,Friday
wuuQjleI5TE,Talks at Google,Adekunle Gold | How Afrobeats is Driving Global Music Innovation | Talks at Google,2024-06-13 16:00:59+00:00,22,,PT46M58S,2249,54,4,2026-05-26 13:34:27,2818,2.5789,2024,6,Thursday
1KAmW80CL44,Talks at Google,New York Times bestselling author on the relationship between cognitive biases and decision making,2024-06-12 20:00:00+00:00,22,,PT58S,2090,56,0,2026-05-26 13:34:27,58,2.6794,2024,6,Wednesday
yVJdFx36YCw,Talks at Google,Amanda Montell | The Age of Magical Overthinking | Talks at Google,2024-06-10 18:00:34+00:00,22,,PT30M20S,10322,224,20,2026-05-26 13:34:27,1820,2.3639,2024,6,Monday
T2aUQ6Tc4yc,Talks at Google,Triple board certified physician on brain chemistry and self-compassion,2024-06-03 16:00:20+00:00,22,,PT58S,1832,36,0,2026-05-26 13:34:27,58,1.9651,2024,6,Monday
kblMacUtSrQ,Talks at Google,Dr. Romie Mushtaq | The Busy Brain Cure | Talks at Google,2024-05-30 16:00:41+00:00,22,,PT54M46S,9061,180,8,2026-05-26 13:34:27,3286,2.0748,2024,5,Thursday
i9-4UDOUZWE,Talks at Google,Leading consultant on how machine learning works and how to successfully operationalize it,2024-05-28 20:00:10+00:00,22,,PT1M,1703,41,0,2026-05-26 13:34:27,60,2.4075,2024,5,Tuesday
gnVk6ztz6Bs,Talks at Google,Eric Siegel | The AI Playbook | Talks at Google,2024-05-26 16:00:28+00:00,22,,PT59M18S,34675,604,19,2026-05-26 13:34:27,3558,1.7967,2024,5,Sunday
rreetB2xW-I,Talks at Google,"Co-chair of top architecture & design firm, Gensler, on designing carbon neutral buildings",2024-05-23 20:00:14+00:00,22,,PT59S,1860,44,3,2026-05-26 13:34:27,59,2.5269,2024,5,Thursday
p-k5t1QC1a0,Talks at Google,Andy Cohen | Design for a Radically Changing World | Talks at Google,2024-05-22 16:00:44+00:00,22,,PT28M38S,5125,76,8,2026-05-26 13:34:27,1718,1.639,2024,5,Wednesday
S_nyE5vOvG4,Talks at Google,World-renowned physicist on where Einstein's theory breaks down and her new theory of gravity,2024-05-17 20:00:08+00:00,22,,PT55S,3248,76,3,2026-05-26 13:34:27,55,2.4323,2024,5,Friday
d1KCyxaTE6w,Talks at Google,Claudia de Rham | The Beauty of Falling: A Life in Pursuit of Gravity | Talks at Google,2024-05-16 16:00:37+00:00,22,,PT28M19S,11863,237,29,2026-05-26 13:34:27,1699,2.2423,2024,5,Thursday
UQnkeOreARI,Talks at Google,Co-director of AI at Wharton on why diversity is important in decision making,2024-05-15 20:00:09+00:00,22,,PT40S,1137,21,1,2026-05-26 13:34:27,40,1.9349,2024,5,Wednesday
fwQdUFmOCFU,Talks at Google,Productivity expert on the most effective way to do multiple tasks at once,2024-05-13 20:00:11+00:00,22,,PT38S,2669,77,1,2026-05-26 13:34:27,38,2.9224,2024,5,Monday
MvEE_jEdTH8,Talks at Google,Stefano Puntoni | Decision-Driven Analytics | Talks at Google,2024-05-10 16:00:29+00:00,22,,PT31M18S,7762,142,6,2026-05-26 13:34:27,1878,1.9067,2024,5,Friday
yDHiStVKDfM,Talks at Google,benny blanco on why he prefers dinner parties over clubs,2024-05-09 20:00:30+00:00,22,,PT1M,2521,49,4,2026-05-26 13:34:27,60,2.1023,2024,5,Thursday
o18vAZWxMQM,Talks at Google,benny blanco | Open Wide: A Cookbook for Friends | Talks at Google,2024-05-07 19:00:17+00:00,22,,PT1H54S,15025,252,38,2026-05-26 13:34:27,3654,1.9301,2024,5,Tuesday
3_tHELe8NUg,Talks at Google,Allen Downey on using data visualizations instead of equations to help you recognize errors,2024-05-06 20:00:01+00:00,22,,PT1M,2101,41,0,2026-05-26 13:34:27,60,1.9515,2024,5,Monday
h_TvzVO7LVk,Talks at Google,Ali Abdaal | Feel-Good Productivity: How to Do More of What Matters to You | Talks at Google,2024-05-05 16:00:35+00:00,22,,PT59M26S,54874,1423,80,2026-05-26 13:34:27,3566,2.739,2024,5,Sunday
8rUm46mk0Yo,Talks at Google,Allen Downey | Probably Overthinking It | Talks at Google,2024-05-03 20:30:00+00:00,22,,PT48M59S,13206,269,19,2026-05-26 13:34:27,2939,2.1808,2024,5,Friday
5IVCcS-1Iyg,Talks at Google,Dr. Aarathi Prasad on how the knowledge and use of silk is a global story,2024-05-02 20:00:02+00:00,22,,PT53S,2296,50,1,2026-05-26 13:34:27,53,2.2213,2024,5,Thursday
FABczqq-YDk,Talks at Google,Chief Evangelist of Canva on what's missing to achieve success,2024-05-01 20:00:02+00:00,22,,PT58S,2383,59,3,2026-05-26 13:34:28,58,2.6018,2024,5,Wednesday
QYBTMmmcWUw,Talks at Google,Dr. Aarathi Prasad | Silk: A World History | Talks at Google,2024-04-30 16:00:18+00:00,22,,PT33M56S,4700,88,3,2026-05-26 13:34:28,2036,1.9362,2024,4,Tuesday
OK-MLy1mh4A,Talks at Google,Guy Kawasaki | Think Remarkable | Talks at Google,2024-04-28 16:00:28+00:00,22,,PT1H1M23S,20712,443,33,2026-05-26 13:34:28,3683,2.2982,2024,4,Sunday
5q4kNwgMukE,Talks at Google,Award winning professor on the social implications of natural selection,2024-04-25 20:41:43+00:00,22,,PT42S,1630,24,2,2026-05-26 13:34:28,42,1.5951,2024,4,Thursday
59z7hTkhV64,Talks at Google,Samuel T. Wilkinson | Purpose | Talks at Google,2024-04-24 16:00:05+00:00,22,,PT26M29S,6782,115,4,2026-05-26 13:34:28,1589,1.7546,2024,4,Wednesday
0v6uZQDrb7Y,Talks at Google,"Grant Gustin, Isabelle McCalla, director Jessica Stone & more on their new spectacle-filled show",2024-04-22 20:00:00+00:00,22,,PT59S,1414,26,0,2026-05-26 13:34:28,59,1.8388,2024,4,Monday
zm5nniw9bPM,Talks at Google,Broadway's Water for Elephants | Talks at Google,2024-04-21 16:00:53+00:00,22,,PT56M18S,6014,111,3,2026-05-26 13:34:28,3378,1.8956,2024,4,Sunday
GbYBYDjql_g,Talks at Google,Verity Harding | AI Needs You: How We Can Change AI's Future and Save Our Own | Talks at Google,2024-04-18 16:00:12+00:00,22,,PT32M14S,8997,171,10,2026-05-26 13:34:28,1934,2.0118,2024,4,Thursday
ljYgZOM30OU,Talks at Google,Radhi Devlukia-Shetty on optimizing your life for yourself with food,2024-04-15 20:00:22+00:00,22,,PT40S,3645,96,1,2026-05-26 13:34:28,40,2.6612,2024,4,Monday
3RpfCNfpDbQ,Talks at Google,"Radhi Devlukia-Shetty | JoyFull: Cook Effortlessly, Eat Freely, Live Radiantly | Talks at Google",2024-04-14 16:00:04+00:00,22,,PT53M54S,13065,182,8,2026-05-26 13:34:28,3234,1.4543,2024,4,Sunday
PYPLwSNca_M,Talks at Google,Highlights: Deborah Liu | Take Back Your Power: 10 New Rules for Women at Work | Talks at Google,2024-04-11 16:00:28+00:00,22,,PT13M23S,4906,70,2,2026-05-26 13:34:28,803,1.4676,2024,4,Thursday
MSbgdeGCvgA,Talks at Google,Lyn Slater | How to Be Old: Lessons in Living Boldly from the Accidental Icon   Talks at Google,2024-04-08 17:00:22+00:00,22,,PT46M45S,6436,89,5,2026-05-26 13:34:28,2805,1.4605,2024,4,Monday
YbNFROdr7Z8,Talks at Google,Financial expert on the types of investments you should have and how you should handle trends,2024-04-03 20:00:21+00:00,22,,PT59S,3946,93,1,2026-05-26 13:34:28,59,2.3822,2024,4,Wednesday
JvGQ_bazd1U,Talks at Google,Simran Kaur | Girls That Invest: Your Guide to Financial Independence | Talks at Google,2024-04-01 16:00:13+00:00,22,,PT1H3M14S,39368,777,47,2026-05-26 13:34:28,3794,2.0931,2024,4,Monday
SSlCISE4iic,Talks at Google,Pioneering roboticist & bestselling author on the importance of understanding how things work,2024-03-30 02:00:18+00:00,22,,PT58S,1784,52,2,2026-05-26 13:34:28,58,3.0269,2024,3,Saturday
tCtb0ALFEoY,Talks at Google,Daniela Rus & Gregory Mone | The Heart and the Chip: Our Bright Future with Robots | Talks at Google,2024-03-28 16:00:43+00:00,22,,PT30M20S,4373,78,0,2026-05-26 13:34:28,1820,1.7837,2024,3,Thursday
mJ3DvZ6lNGI,Talks at Google,"Stanford professors on ""time poverty"" and other barriers to getting things done at organizations",2024-03-25 20:00:18+00:00,22,,PT59S,2153,41,2,2026-05-26 13:34:28,59,1.9972,2024,3,Monday
VyIMzVsE1CI,Talks at Google,Bob Sutton & Huggy Rao | The Friction Project | Talks at Google,2024-03-24 16:00:32+00:00,22,,PT30M11S,5866,94,2,2026-05-26 13:34:28,1811,1.6365,2024,3,Sunday
jL_LBwgbAyI,Talks at Google,Cognitive neuroscience professor on how taking breaks impacts our brains and our wellbeing,2024-03-23 02:00:18+00:00,22,,PT1M,4738,171,6,2026-05-26 13:34:28,60,3.7358,2024,3,Saturday
vTLUEwbhUmM,Talks at Google,Tali Sharot | Look Again: The Power of Noticing What Was Always There | Talks at Google,2024-03-21 16:00:43+00:00,22,,PT1H26S,26162,478,15,2026-05-26 13:34:28,3626,1.8844,2024,3,Thursday
bDKYo_CMXJo,Talks at Google,Olympic gold medalist and FIFA World Cup Champion on how she does hard things,2024-03-17 20:00:10+00:00,22,,PT59S,2453,53,1,2026-05-26 13:34:28,59,2.2014,2024,3,Sunday
sgaFrZQrLeA,Talks at Google,Highlights: J. Kenji López-Alt | The Wok: Recipes and Techniques | Talks at Google,2024-03-16 16:00:49+00:00,22,,PT17M5S,4435,44,1,2026-05-26 13:34:28,1025,1.0147,2024,3,Saturday
Z6C7HPh_HBQ,Talks at Google,Former CEO of Celebrity Cruises on what really helps take your career to the next level,2024-03-15 20:00:12+00:00,22,,PT1M1S,1893,28,0,2026-05-26 13:34:28,61,1.4791,2024,3,Friday
a2VhBwQwDTo,Talks at Google,Abby Wambach | International Women's Day 2024 | Talks at Google,2024-03-14 18:00:01+00:00,22,,PT1H5M51S,10428,157,12,2026-05-26 13:34:28,3951,1.6206,2024,3,Thursday
R_n_5dQ4hAM,Talks at Google,Professor of psychology and neuroscience on the parallel between imagination and memory,2024-03-11 20:00:09+00:00,22,,PT59S,2159,69,2,2026-05-26 13:34:28,59,3.2886,2024,3,Monday
bkI3FMoWhnU,Talks at Google,"Lisa Lutoff-Perlo | A Woman's Rise to the Top Using Smarts, Heart, and Courage | Talks at Google",2024-03-10 16:00:32+00:00,22,,PT27M52S,2818,47,3,2026-05-26 13:34:28,1672,1.7743,2024,3,Sunday
PGpUuepviGI,Talks at Google,"Creatives talk about their new film based on the book Loveboat, Taipei",2024-03-09 21:00:08+00:00,22,,PT54S,2079,34,1,2026-05-26 13:34:28,54,1.6835,2024,3,Saturday
gZ_OYD7jqQs,Talks at Google,YouTube creator WERACLE on his mission in raising awareness on accessibility for everyone,2024-03-08 21:00:31+00:00,22,,PT59S,2467,58,2,2026-05-26 13:34:28,59,2.4321,2024,3,Friday
zzIsNmAwJr4,Talks at Google,Charan Ranganath | Why We Remember | Talks at Google,2024-03-07 17:00:55+00:00,22,,PT36M47S,15493,300,14,2026-05-26 13:34:28,2207,2.0267,2024,3,Thursday
3nxh-GeJrSs,Talks at Google,"Finance expert on the Japanese concept ""Ikigai"" which helps you find your purpose and your ""why""",2024-03-06 22:32:24+00:00,22,,PT47S,6191,219,5,2026-05-26 13:34:28,47,3.6182,2024,3,Wednesday
11RZPF-4FXE,Talks at Google,"Love in Taipei | Abigail Hing Wen, Ashley Liao & Chelsea Zhang | Talks at Google",2024-03-05 22:00:00+00:00,22,,PT50M52S,3238,48,3,2026-05-26 13:34:28,3052,1.575,2024,3,Tuesday
jgGsY2aI0TA,Talks at Google,Danielle Brooks on how perceived losses could be actual wins in disguise. #shorts,2024-02-29 21:00:24+00:00,22,,PT58S,1530,45,4,2026-05-26 13:34:28,58,3.2026,2024,2,Thursday
K9DBseqBLok,Talks at Google,Danielle Brooks | The Color Purple | Talks at Google,2024-02-28 21:00:10+00:00,22,,PT47M14S,6641,59,4,2026-05-26 13:34:28,2834,0.9487,2024,2,Wednesday
dWJKtssInJA,Talks at Google,WERACLE | We Are Miracle | Talks at Google,2024-02-28 19:00:18+00:00,22,,PT1H10M14S,26468,829,46,2026-05-26 13:34:28,4214,3.3059,2024,2,Wednesday
dMWwsrAv0dU,Talks at Google,Head of TED on the importance of celebrating kindness in today's world.,2024-02-23 14:36:43+00:00,22,,PT1M,2086,64,0,2026-05-26 13:34:28,60,3.0681,2024,2,Friday
byvPfzSoNsc,Talks at Google,Chris Anderson | Infectious Generosity: The Ultimate Idea Worth Spreading | Talks at Google,2024-02-22 17:00:25+00:00,22,,PT1H1M44S,8389,153,10,2026-05-26 13:34:28,3704,1.943,2024,2,Thursday
mEVux-Yq1NQ,Talks at Google,Highlights: Idris Elba | Celebrating Africa Day | Talks at Google,2024-02-16 17:00:42+00:00,22,,PT43M18S,5813,106,6,2026-05-26 13:34:28,2598,1.9267,2024,2,Friday
lmwBC2405nI,Talks at Google,Vivian Tu | Rich AF: The Winning Money Mindset That Will Change Your Life | Talks at Google,2024-02-14 17:00:40+00:00,22,,PT59M44S,115020,2313,95,2026-05-26 13:34:28,3584,2.0935,2024,2,Wednesday
TSrB4G_ahsY,Talks at Google,World-renowned chef shares how his upbringing shapes how he incorporates flavors in his food.,2024-02-12 21:00:13+00:00,22,,PT56S,1655,28,1,2026-05-26 13:34:28,56,1.7523,2024,2,Monday
c07pcUiSx6A,Talks at Google,Alain Ducasse | Good Taste: A Life of Food and Passion | Talks at Google,2024-02-09 17:00:35+00:00,22,,PT1H6M11S,7356,110,9,2026-05-26 13:34:28,3971,1.6177,2024,2,Friday
ERDbYMEUtyY,Talks at Google,Neuroscience specialist on how our earliest environments shape how we operate in the world.,2024-02-07 21:00:08+00:00,22,,PT1M,2285,65,1,2026-05-26 13:34:28,60,2.8884,2024,2,Wednesday
KzAN212f5Go,Talks at Google,Stefanie Faye | Neuro-Mechanics of Mindset: How our Past Affects the Present | Talks at Google,2024-02-06 17:00:15+00:00,22,,PT28M59S,9759,220,9,2026-05-26 13:34:28,1739,2.3466,2024,2,Tuesday
v6laG6pvLXU,Talks at Google,"Former molecular biologist on spices as preventative medicine, and her Spice Spice Baby cookbook",2024-02-05 21:00:34+00:00,22,,PT57S,2165,61,3,2026-05-26 13:34:28,57,2.9561,2024,2,Monday
IFQNvog15Rc,Talks at Google,Kanchan Koya | Food and Spices as Medicine | Talks at Google,2024-02-04 17:00:13+00:00,22,,PT30M18S,6456,156,11,2026-05-26 13:34:28,1818,2.5867,2024,2,Sunday
KiJSH0Jj4qU,Talks at Google,Highlights: Julie Andrews & Emma Walton Hamilton | Home Work | Talks at Google,2024-02-02 17:00:17+00:00,22,,PT19M44S,8837,89,5,2026-05-26 13:34:28,1184,1.0637,2024,2,Friday
64eugPFOcOo,Talks at Google,Steve & Scott tell us how businesses can leverage NFTs to build engaged communities for their brands,2024-02-01 21:00:05+00:00,22,,PT1M,2074,23,1,2026-05-26 13:34:28,60,1.1572,2024,2,Thursday
xWLLYjVhoqs,Talks at Google,Steve Kaczynski & Scott Duke Kominers | The Everything Token | Talks at Google,2024-01-31 17:00:53+00:00,22,,PT33M38S,3614,58,3,2026-05-26 13:34:28,2018,1.6879,2024,1,Wednesday
BPpSxYMm_a4,Talks at Google,"Spice Girls member Mel B on mixed race identity, her book, and why ""Scary Spice"" still works for her",2024-01-27 21:00:04+00:00,22,,PT59S,4577,96,7,2026-05-26 13:34:28,59,2.2504,2024,1,Saturday
C9rcl8WUX4Q,Talks at Google,Mel B | Exploring Diverse Identities | Talks at Google,2024-01-26 17:00:13+00:00,22,,PT1H1M59S,6078,165,22,2026-05-26 13:34:28,3719,3.0767,2024,1,Friday
cOor2ShSiK4,Talks at Google,Highlights: Iddris Sandu | Black Creatives in Technology | Talks at Google,2024-01-23 17:00:24+00:00,22,,PT15M59S,4141,120,6,2026-05-26 13:34:28,959,3.0427,2024,1,Tuesday
iVIqeAw46B8,Siraj Raval,I Let AI Cold-Call 100 Plumbers (Genspark),2026-05-22 11:45:38+00:00,27,genspark|genspark ai|genspark agent|AI Cold calling|AI receptionist|ai sales agent|ai agents|agentic ai|claude Opus 4.7|GPT 5.5|Gemini 3.1 pro|build ai agents,PT8M22S,71875,51,19,2026-05-26 13:34:32,502,0.0974,2026,5,Friday
xWHugpfvzjg,Siraj Raval,"This AI made me $2,345 in 24 hours",2026-04-02 13:41:31+00:00,27,,PT54S,2340,17,1,2026-05-26 13:34:32,54,0.7692,2026,4,Thursday
CkEse6MmGFk,Siraj Raval,"i gave chatgpt $2,000 to trade stocks for 24 hours",2026-04-01 09:21:53+00:00,27,chatgpt|trading bot|ai trading|python|stock market|chatgpt trading|algorithmic trading|siraj raval,PT33S,18327,61,15,2026-05-26 13:34:32,33,0.4147,2026,4,Wednesday
g8Zs12L2kVU,Siraj Raval,I Let an AI Run My Life for 50 Days,2026-03-23 15:03:34+00:00,27,siraj raval|ai|machine learning|math education|openclaw|agentic engineering,PT9M13S,14483,58,27,2026-05-26 13:34:32,553,0.5869,2026,3,Monday
Erxh0dx4nts,Siraj Raval,This AI Taught Me Calculus in 5 Minutes,2026-02-27 11:41:37+00:00,27,siraj raval|ai|machine learning|math education,PT5M30S,159966,107,20,2026-05-26 13:34:32,330,0.0794,2026,2,Friday
2o76-z12Ttk,Siraj Raval,The Internet is 50% Fake. I Built a Detector.,2026-02-18 12:10:20+00:00,27,siraj raval|ai,PT7M12S,165650,83,19,2026-05-26 13:34:32,432,0.0616,2026,2,Wednesday
r0uij_l32to,Siraj Raval,I Hired 5 AI Employees for $0 (Here's What Happened),2026-02-11 14:43:36+00:00,27,siraj raval|ai,PT7M32S,152003,80,5,2026-05-26 13:34:32,452,0.0559,2026,2,Wednesday
pGyHNyOUaqg,Siraj Raval,I Built & Launched a Mobile App in 10 Minutes (No Code),2026-01-29 10:50:14+00:00,27,mobile app|siraj|siraj raval|ai agents|AI|ai orchestration|ai app builder|no code app|agentic ai|manus ai|manus|ai tutorial|mobile app ai,PT7M45S,122386,87,13,2026-05-26 13:34:32,465,0.0817,2026,1,Thursday
8bSAP6VVsd0,Siraj Raval,I Built a YouTube Channel That Runs Itself with Genspark,2026-01-23 11:11:46+00:00,27,siraj raval|math|ai|python|lean|chatgpt|claude|gemini|theorem|AI YouTube automation|GenSpark|AI content creation|faceless YouTube channel|YouTube Shorts automation|AI video generator|automated YouTube channel|creator economy AI|AI agents|super agent|passive content|no editing YouTube,PT15M48S,67104,201,163,2026-05-26 13:34:32,948,0.5424,2026,1,Friday
Q7INj06TUv4,Siraj Raval,I Solved an 'Impossible' Math Problem with AI,2025-12-23 09:29:56+00:00,27,siraj raval|math|ai|python|lean|chatgpt|claude|gemini|theorem,PT14M55S,122212,123,40,2026-05-26 13:34:32,895,0.1334,2025,12,Tuesday
18L5HOYTQAw,Siraj Raval,Why Every Skyrim AI Becomes a Stealth Archer,2025-12-03 16:15:40+00:00,27,Siraj Raval|Skyrim|Stealth Archer|AI|Reinforcement Learning|Machine Learning|Skyrim AI|The Elder Scrolls V|PPO|Neural Network|Game Theory|Nash Equilibrium|Python|Coding|OpenAI Gym|Skyrim Builds|Best Skyrim Build|Stealth Archer Build|Emergent Behavior|Gaming Experiment|Bethesda|Artificial Intelligence|Deep Learning|optimization|math,PT11M46S,204599,134,26,2026-05-26 13:34:32,706,0.0782,2025,12,Wednesday
eoo6_lynwn8,Siraj Raval,"This Shipping Container Powers 20,000 AI Chips",2025-10-22 09:00:56+00:00,27,,PT16S,35171,107,12,2026-05-26 13:34:32,16,0.3383,2025,10,Wednesday
-F06-h8nnDg,Siraj Raval,How This Nuclear Reactor Prevents Meltdowns,2025-10-21 08:40:15+00:00,27,,PT32S,21236,149,24,2026-05-26 13:34:32,32,0.8147,2025,10,Tuesday
wANPRZejSfg,Siraj Raval,"This Shipping Container Powers 20,000 AI Chips",2025-10-16 15:00:06+00:00,27,nuclear energy|siraj raval,PT13M41S,167217,365,44,2026-05-26 13:34:32,821,0.2446,2025,10,Thursday
PYYZ6fw0dZA,Siraj Raval,Infrastructure Wars (Official Trailer),2025-10-14 15:30:32+00:00,27,,PT46S,2805,54,7,2026-05-26 13:34:32,46,2.1747,2025,10,Tuesday
277l16eJphI,Siraj Raval,I Tested The Top 3 AIs for Vibe Coding (Shocking Winner),2025-08-29 21:30:02+00:00,27,siraj raval|ai|vibe coding|cursor|chatgpt|claude code,PT18M39S,33790,578,46,2026-05-26 13:34:32,1119,1.8467,2025,8,Friday
sc1woawDHKc,Siraj Raval,"I Let 5 AIs Choose My Sports Bets, Results Shocked Me!",2025-05-13 18:28:56+00:00,27,,PT6M24S,15925,301,52,2026-05-26 13:34:32,384,2.2166,2025,5,Tuesday
YGzT3sVdwdY,Siraj Raval,My AI Sales Bot Made $596 Overnight | MCP Build,2025-05-05 15:41:50+00:00,27,,PT9M32S,34318,942,46,2026-05-26 13:34:32,572,2.879,2025,5,Monday
Xg5SKoL1yT0,Siraj Raval,"I Built an AI Credit-Score Bot That Made $1,032 in 2 Hours",2025-04-30 12:39:02+00:00,27,,PT8M32S,8242,190,70,2026-05-26 13:34:32,512,3.1546,2025,4,Wednesday
l5Y_aiohV0k,Siraj Raval,"I Built an AI That Made $3,500 Betting While I Slept",2025-04-06 13:16:01+00:00,27,,PT11M2S,29939,490,120,2026-05-26 13:34:32,662,2.0375,2025,4,Sunday
-NrAX4OapkQ,Siraj Raval,"I Built an AI Agent That Made $2,345 in a Day",2025-03-16 14:40:35+00:00,27,siraj raval|ai,PT16M38S,76426,2312,253,2026-05-26 13:34:32,998,3.3562,2025,3,Sunday
W7w97MbZKCc,Siraj Raval,How I Turned AI into $1M (3 Tools You Need in 2025),2025-03-10 18:03:32+00:00,27,,PT17M35S,44306,1248,123,2026-05-26 13:34:32,1055,3.0944,2025,3,Monday
WVhJSUtGbYM,Siraj Raval,"Best AI Coding IDE? I Tested 5, Winner Shocked Me!",2025-02-27 18:46:05+00:00,27,,PT19M45S,88215,1628,219,2026-05-26 13:34:32,1185,2.0937,2025,2,Thursday
ew8_lZGnAuA,Siraj Raval,I Built a Trading Bot with Cursor (Beginner Tutorial),2025-02-25 20:16:39+00:00,27,,PT13M46S,44304,878,62,2026-05-26 13:34:32,826,2.1217,2025,2,Tuesday
htxEkCt-9E0,Siraj Raval,Elon Musk Responded to My AI Physics Experiment,2024-12-18 20:09:14+00:00,27,,PT18M55S,7977,191,35,2026-05-26 13:34:32,1135,2.8331,2024,12,Wednesday
954jL8dIPi0,Siraj Raval,I Lost Everything for Using AI in 2019,2024-12-10 17:07:09+00:00,27,,PT4M41S,10373,310,89,2026-05-26 13:34:32,281,3.8465,2024,12,Tuesday
kll90oM9CoQ,Siraj Raval,I Used AlphaFold 3 To Cure Cancer (Tutorial),2024-11-29 17:47:58+00:00,27,,PT16M20S,17968,640,151,2026-05-26 13:34:32,980,4.4023,2024,11,Friday
Rk0kHxovNeE,Siraj Raval,The Bhagavad Gita | Official Trailer,2024-10-28 14:33:28+00:00,27,The Bhagavad Gita|Siraj Raval|AI,PT2M28S,15974,388,109,2026-05-26 13:34:32,148,3.1113,2024,10,Monday
sf7Ntg72qCI,Siraj Raval,ChatGPT O1 Explained,2024-10-18 15:22:43+00:00,27,siraj raval|openai|machine learning|deep learning|AI|chatgpt|o1-preview,PT19M12S,13924,355,61,2026-05-26 13:34:32,1152,2.9876,2024,10,Friday
_DxJWGv7yM4,Siraj Raval,Intel's New AI Chip Explained,2024-10-08 15:11:21+00:00,27,,PT32S,12754,222,10,2026-05-26 13:34:32,32,1.819,2024,10,Tuesday
uxH3gzmZrjw,Siraj Raval,Why NVIDIA is Terrified of This New AI Chip,2024-10-08 14:41:29+00:00,27,intel|nvidia|AI|siraj raval,PT10M21S,8596,227,27,2026-05-26 13:34:32,621,2.9549,2024,10,Tuesday
bLrjfR5bvFc,Siraj Raval,Can ChatGPT O1 Make Me Money?,2024-09-22 13:58:47+00:00,27,siraj raval|chatgpt|ai trading bot|trading bot|crypto|cryptocurrency|ai|machine learning,PT17M7S,35551,539,79,2026-05-26 13:34:32,1027,1.7383,2024,9,Sunday
khAt_b2PHWo,Siraj Raval,AI Turned $10k into Profits in 24hrs (No Coding!),2024-08-23 17:19:50+00:00,27,siraj raval|chatgpt|make money|stock prediction|cryptocurrency,PT11M48S,36366,395,88,2026-05-26 13:34:32,708,1.3282,2024,8,Friday
rne3Xs16z6k,Siraj Raval,I Built a Profitable Sports Betting AI (WagerGPT),2024-05-20 21:09:38+00:00,27,,PT32M47S,19790,241,68,2026-05-26 13:34:32,1967,1.5614,2024,5,Monday
jrhw2jUZnYU,Siraj Raval,I Built a Sports Betting Bot (WagerGPT),2024-01-03 19:22:11+00:00,27,,PT5M48S,41219,517,149,2026-05-26 13:34:32,348,1.6158,2024,1,Wednesday
SbCoiH-nyqQ,Siraj Raval,Deep Learning with 4th Gen Xeon Processors and Intel® Accelerator Engines (AWS re:Invent 2023),2023-12-13 20:54:01+00:00,27,,PT4M50S,5374,95,11,2026-05-26 13:34:32,290,1.9725,2023,12,Wednesday
Dz90AzN-fwA,Siraj Raval,AI for Skill Transfer (Japanese Tech),2023-12-09 21:04:46+00:00,27,,PT5M7S,4681,146,19,2026-05-26 13:34:32,307,3.5249,2023,12,Saturday
mfyXbWiNc0Y,Siraj Raval,I Built an AI Sports Betting Bot with ChatGPT,2023-12-03 23:39:44+00:00,27,ai sports betting|chatgpt sports betting|sports betting bot,PT18M18S,86082,936,245,2026-05-26 13:34:32,1098,1.3719,2023,12,Sunday
6FQz7MDTogs,Siraj Raval,I Built an AI Trading Bot with Llama 2!,2023-09-23 15:36:30+00:00,27,,PT9M3S,29542,451,40,2026-05-26 13:34:32,543,1.662,2023,9,Saturday
c8YM15v9w8M,Siraj Raval,Offline AI on iOS and Android,2023-09-20 14:22:43+00:00,27,GPU Programming|Siraj Raval|Deep Learning,PT41M45S,36102,761,46,2026-05-26 13:34:32,2505,2.2353,2023,9,Wednesday
1VE-5vhvfSI,Siraj Raval,PrizePicks Prediction Showdown: AI vs OddsJam,2023-08-19 00:47:56+00:00,27,,PT19M56S,8444,127,21,2026-05-26 13:34:32,1196,1.7527,2023,8,Saturday
J9nJh33GM-w,Siraj Raval,DoctorGPT: Offline & Passes Medical Exams!,2023-08-12 18:50:15+00:00,27,,PT38M49S,25176,795,95,2026-05-26 13:34:32,2329,3.5351,2023,8,Saturday
PpgJDeRomFU,Siraj Raval,Build Your AI Startup at GPT School,2023-07-10 23:27:14+00:00,27,,PT42S,11218,285,7,2026-05-26 13:34:32,42,2.603,2023,7,Monday
4_cjkA2u-1c,Siraj Raval,I Built a Crypto Trading Bot with ChatGPT,2023-07-05 19:36:01+00:00,27,,PT6M59S,78368,754,83,2026-05-26 13:34:32,419,1.068,2023,7,Wednesday
kyY9PSQRH1Q,Siraj Raval,AI Jesus Made Me a Believer,2023-06-27 15:30:11+00:00,27,siraj raval|ai jesus|machine learning,PT7M31S,14623,281,144,2026-05-26 13:34:32,451,2.9064,2023,6,Tuesday
DPeFu8pJENY,Siraj Raval,Build an AI Trading Bot WITHOUT Coding,2023-06-17 19:19:27+00:00,27,siraj raval|trading bot|ai for trading|stock prediction,PT47S,36579,976,7,2026-05-26 13:34:32,47,2.6873,2023,6,Saturday
EEwsOc9iCXY,Siraj Raval,Introducing GPT School,2023-06-15 14:37:23+00:00,27,Siraj Raval|ChatGPT,PT1M34S,13586,226,66,2026-05-26 13:34:32,94,2.1493,2023,6,Thursday
vnzt4lwzbXU,Siraj Raval,I Built a Hedge Fund Run by AI Agents,2023-05-24 21:33:58+00:00,27,siraj raval|chatgpt,PT9M6S,42765,1214,104,2026-05-26 13:34:32,546,3.082,2023,5,Wednesday
BaSgUREIPkc,Siraj Raval,I Built a Sports Betting Bot with OddsJam and ChatGPT,2023-05-16 18:21:44+00:00,27,,PT12M42S,121070,1796,171,2026-05-26 13:34:32,762,1.6247,2023,5,Tuesday
iWza_gvOAnc,Siraj Raval,AI SF Hackathon ($100K Prize Pool),2023-05-16 00:51:39+00:00,27,,PT54S,5031,114,6,2026-05-26 13:34:32,54,2.3852,2023,5,Tuesday
5G1_zRME_pY,Siraj Raval,I Built a Trading Bot with Bing and ChatGPT,2023-05-11 20:38:03+00:00,27,Siraj Raval|trading|trading bot|ChatGPT|Bing|Deep Learning,PT17M2S,136724,2004,149,2026-05-26 13:34:32,1022,1.5747,2023,5,Thursday
cqmHc0gF9m8,Siraj Raval,Sports Betting with OddsGPT,2023-04-30 15:23:47+00:00,27,,PT1M,68671,2152,84,2026-05-26 13:34:32,60,3.2561,2023,4,Sunday
Uavcsr7xK9o,Siraj Raval,How I Reversed My Age 8 Years with AI,2023-03-10 15:00:24+00:00,27,siraj raval|age reversal|biology|bioinformatics,PT10M1S,15201,322,46,2026-05-26 13:34:32,601,2.4209,2023,3,Friday
4r-_iW8fmWU,Siraj Raval,I Built a Secret AI Youtube Channel,2023-02-24 21:41:03+00:00,27,siraj raval|chatgpt|midjourney|AI,PT15M25S,97778,3293,214,2026-05-26 13:34:32,925,3.5867,2023,2,Friday
s6v7lCwueIE,Siraj Raval,ChatGPT in 5 Minutes,2023-02-16 00:56:52+00:00,27,siraj raval|chatGPT|AI|python tutorial|OpenAI,PT5M35S,32575,591,40,2026-05-26 13:34:32,335,1.9371,2023,2,Thursday
OoMjOrLac-o,Siraj Raval,I Built a ChatGPT Clone of Myself!,2023-02-07 19:42:07+00:00,27,Siraj Raval|ChatGPT|AI|Artificial Intelligence|LLM|Language Model|React|OpenAI,PT9M29S,35277,1116,110,2026-05-26 13:34:32,569,3.4754,2023,2,Tuesday
IDthta5sUGQ,Siraj Raval,I Built a Sports Betting Bot with ChatGPT,2023-01-24 22:55:09+00:00,27,siraj raval|ChatGPT|Sports Betting|Automated Betting|AI,PT22M21S,709983,13987,947,2026-05-26 13:34:32,1341,2.1034,2023,1,Tuesday
fhBw3j_O9LE,Siraj Raval,I Built a Trading Bot with ChatGPT,2023-01-16 17:55:35+00:00,27,siraj raval|chatGPT|make money|stock prediction,PT18M33S,2077463,31782,1276,2026-05-26 13:34:32,1113,1.5913,2023,1,Monday
Ik2QlCWN54o,Siraj Raval,I Built an Anime Video Generator!,2023-01-09 05:10:57+00:00,27,Siraj Raval|Deep Learning|ChatGPT,PT10M18S,17381,431,34,2026-05-26 13:34:32,618,2.6753,2023,1,Monday
on623d5EfPw,Siraj Raval,Watch ChatGPT Build a Finance Startup,2023-01-02 02:44:36+00:00,27,siraj raval|deep learning|machine learning,PT24M6S,39402,775,77,2026-05-26 13:34:32,1446,2.1623,2023,1,Monday
hL2hLFUwuqQ,Siraj Raval,Watch ChatGPT Build an AI Startup,2022-12-25 03:00:13+00:00,27,siraj raval|ChatGPT|OpenAI|Machine Learning,PT15M19S,94289,1864,207,2026-05-26 13:34:32,919,2.1964,2022,12,Sunday
NhSKCDIi5RE,Siraj Raval,Tesla Self Driving Simulator,2022-12-18 01:32:14+00:00,27,machine learning|deep learning|siraj raval|self driving car,PT10M17S,13944,411,38,2026-05-26 13:34:32,617,3.22,2022,12,Sunday
dS2HYPY7T-4,Siraj Raval,Learn Machine Learning in 3 Months (PyTorch Curriculum),2022-12-10 17:06:21+00:00,27,machine learning|deep learning|siraj raval|machine learning operations|python|pytorch|kubernetes|GCP,PT7M48S,38372,1704,129,2026-05-26 13:34:32,468,4.7769,2022,12,Saturday
4txtJNEkvRs,Siraj Raval,Bitcoin Mining Shoes in 4 Minutes,2022-07-23 18:13:48+00:00,27,bitcoin|siraj raval|siraj|mining|cryptocurrency|web3,PT4M2S,20314,427,105,2026-05-26 13:34:32,242,2.6189,2022,7,Saturday
XYtpkUOyfzI,Siraj Raval,Build a Social Media Dapp with Polygon,2021-12-28 01:01:05+00:00,27,,PT49M20S,29328,602,48,2026-05-26 13:34:32,2960,2.2163,2021,12,Tuesday
u8MsWrEJWD4,Siraj Raval,Siraj Raval Live Stream,2021-12-27 00:18:03+00:00,27,,P0D,0,0,0,2026-05-26 13:34:32,0,0.0,2021,12,Monday
krygGJZ8ycA,Siraj Raval,Build a Lending App with Polygon,2021-12-07 16:04:22+00:00,27,siraj|siraj raval|polygon|ethereum|dapp|lending protocol|blockchain|web3|DeFi,PT7M30S,26322,529,51,2026-05-26 13:34:32,450,2.2035,2021,12,Tuesday
8tAu7BNIIJk,Siraj Raval,Polygon Buidlit Hackathon,2021-11-25 03:17:50+00:00,27,polygon|siraj raval|blockchain|cryptocurrency,PT2M16S,8241,156,19,2026-05-26 13:34:32,136,2.1235,2021,11,Thursday
yD3BMT_cXew,Siraj Raval,Building a Health DAO with GitHub CoPilot (AlphaCare: Episode 5),2021-11-08 21:44:59+00:00,27,siraj|siraj raval|healthcare|web3|DAO|IPFS|Ethereum|Truffle|solidity,PT44M37S,16199,345,26,2026-05-26 13:34:32,2677,2.2903,2021,11,Monday
XOCuQAKhsMw,Siraj Raval,Mint a Genome NFT  (AlphaCare: Episode 4),2021-10-25 19:52:02+00:00,27,siraj|siraj raval|deep learning|cryptocurrency|blockchain|polygon|ethereum|NFT,PT31M40S,17026,431,52,2026-05-26 13:34:32,1900,2.8368,2021,10,Monday
XYSZZxWoVuw,Siraj Raval,Multiomics Data for Cancer Diagnosis (AlphaCare: Episode 3),2021-10-15 21:45:26+00:00,27,siraj|siraj raval|machine learning|deep learning|healthcare|health tech|generative adversarial networks|GANs|multiomics|python|programming|tutorial,PT10M57S,16724,358,41,2026-05-26 13:34:32,657,2.3858,2021,10,Friday
PrqdEJZOrWE,Siraj Raval,Perceiver for Cardiac Video Data Classification (AlphaCare: Episode 2),2021-10-01 20:26:58+00:00,27,siraj raval|siraj|machine learning|deep learning|healthcare|heart disease|medical imaging|python|programming,PT11M41S,14010,325,34,2026-05-26 13:34:32,701,2.5625,2021,10,Friday
fGv6VmfGMLc,Siraj Raval,Convolutional Networks for Heart Disease Prediction (AlphaCare: Episode 1),2021-08-19 18:49:41+00:00,27,Siraj Raval|healthcare|AI|Deep Learning|AlphaCare|Arrythmia|ECG|Convolutional Neural Network|Keras|Tensorflow|Machine Learning,PT8M57S,28693,659,81,2026-05-26 13:34:32,537,2.579,2021,8,Thursday
nygZvUVR6XA,Siraj Raval,I'm Hiring!,2021-06-01 15:50:15+00:00,27,siraj raval|siraj|machine learning|artificial intelligence|healthcare|aging,PT1M53S,34234,573,177,2026-05-26 13:34:32,113,2.1908,2021,6,Tuesday
KDLmbVzw0RU,Siraj Raval,Proof of Stake with Essentia,2021-05-03 20:42:15+00:00,27,essentia,PT12M40S,13352,180,35,2026-05-26 13:34:32,760,1.6102,2021,5,Monday
Tnkk_zOxBYA,Siraj Raval,Atomic Swaps with Essentia,2021-04-12 17:38:39+00:00,27,,PT9M18S,15828,272,66,2026-05-26 13:34:32,558,2.1355,2021,4,Monday
hOw2cyuWbDo,Siraj Raval,Code Royale LIVE,2021-01-22 17:58:21+00:00,27,,PT53M15S,17308,166,50,2026-05-26 13:34:32,3195,1.248,2021,1,Friday
7h4IFodTgr4,Siraj Raval,Tesla Bitcoin Miner LIVE,2021-01-08 18:13:19+00:00,27,,PT1H5M5S,41245,383,55,2026-05-26 13:34:32,3905,1.0619,2021,1,Friday
G5EK4Pxc1Fk,Siraj Raval,Yolo V5 Snowboarding LIVE,2020-12-27 18:04:57+00:00,27,,PT1H35S,11977,174,27,2026-05-26 13:34:32,3635,1.6782,2020,12,Sunday
HmhHhDnveg0,Siraj Raval,Build a PC with an Nvidia RTX 3080 LIVE,2020-12-18 18:04:40+00:00,27,,PT59M30S,14758,199,19,2026-05-26 13:34:32,3570,1.4772,2020,12,Friday
qJW0LUE1RUA,Siraj Raval,Deep Learning on Apple M1 Silicon LIVE,2020-12-15 18:12:13+00:00,27,,PT1H6M21S,40113,417,90,2026-05-26 13:34:32,3981,1.2639,2020,12,Tuesday
i4XvlM_j3A0,Siraj Raval,Let's Hack my Tesla with Javascript LIVE,2020-12-04 18:10:31+00:00,27,,PT58M56S,25607,417,44,2026-05-26 13:34:32,3536,1.8003,2020,12,Friday
--vKhN53cMg,Siraj Raval,Code Royale Trailer,2020-12-03 23:00:00+00:00,27,,PT1M15S,10831,243,41,2026-05-26 13:34:32,75,2.6221,2020,12,Thursday
KJIJ_tgpwR4,Siraj Raval,Let's Build Machine Learning...in RUST? LIVE,2020-11-27 18:08:38+00:00,27,,PT1H2M11S,30439,525,52,2026-05-26 13:34:32,3731,1.8956,2020,11,Friday
Zt8OnwXOGjI,Siraj Raval,Let's Build a Quantum Classifier! LIVE,2020-11-20 17:18:36+00:00,27,,PT1H13M20S,12612,232,47,2026-05-26 13:34:32,4400,2.2122,2020,11,Friday
ySs0YF9Iw_c,Siraj Raval,Let's Build a Language Translator! LIVE,2020-11-10 17:56:43+00:00,27,,PT52M5S,14693,319,54,2026-05-26 13:34:32,3125,2.5386,2020,11,Tuesday
hHAARE8Mf30,Siraj Raval,Let's Build Data Structures & Algorithms! LIVE,2020-11-06 16:59:02+00:00,27,,PT54M5S,16371,362,27,2026-05-26 13:34:32,3245,2.3762,2020,11,Friday
teVZTcqYk20,Siraj Raval,Who Wants to be a Code Millionaire? Ft. William Lin,2020-11-02 02:11:28+00:00,27,,PT23M34S,16922,270,32,2026-05-26 13:34:32,1414,1.7847,2020,11,Monday
2UMgKrVM45E,Siraj Raval,Let's Build an Operating System! LIVE,2020-10-30 18:29:56+00:00,27,,PT56M14S,53533,726,89,2026-05-26 13:34:32,3374,1.5224,2020,10,Friday
jBT6ZkrCji0,Siraj Raval,Let's Build Game Bots! LIVE,2020-10-23 18:11:21+00:00,27,,PT57M13S,13656,306,23,2026-05-26 13:34:32,3433,2.4092,2020,10,Friday
7h-NYtE-baA,Siraj Raval,Who Wants to Be a Code Millionaire? ft. Kamil Debowski,2020-10-19 00:13:51+00:00,27,,PT41M37S,18545,476,63,2026-05-26 13:34:32,2497,2.9064,2020,10,Monday
jeOU6KJFi8c,Siraj Raval,Let's Build a Compiler! LIVE,2020-10-09 17:59:51+00:00,27,,PT54M46S,62394,1267,121,2026-05-26 13:34:32,3286,2.2246,2020,10,Friday
nH85q7gC8uw,Siraj Raval,How I Gamify Learning,2020-10-01 17:34:22+00:00,27,siraj raval|siraj|machine learning|unreal engine|learning|tutorial|math|statistics,PT12M5S,52178,1200,221,2026-05-26 13:34:32,725,2.7234,2020,10,Thursday
tLZgW-R_Y7g,Siraj Raval,Baton Master - My 1st Virtual Reality Game,2020-08-05 15:45:58+00:00,27,virtual reality|baton master|siraj raval|gaming|education|C#|Unity|Unity Development|Visual Studio|coding tutorial,PT23M39S,24065,521,184,2026-05-26 13:34:32,1419,2.9296,2020,8,Wednesday
x4b3Oiy868k,Siraj Raval,Tren Black - Siraj Raval Podcast #6,2020-07-28 16:13:47+00:00,27,,PT58M31S,44496,751,258,2026-05-26 13:34:32,3511,2.2676,2020,7,Tuesday
B4pA6s5QZAA,Siraj Raval,Richard Burton | Siraj Raval Podcast #5,2020-04-21 19:11:36+00:00,27,siraj raval|siraj|richard burton|ethereum|cryptocurrency|podcast|tech|silicon valley|machine learning|artificial intelligence|virtual reality|VR|crypto|data scientist|data science|youtube|social media|algorithm|finance|san francisco|stripe|money,PT1H50M13S,27426,252,149,2026-05-26 13:34:32,6613,1.4621,2020,4,Tuesday
EVoZMRmtBkY,Siraj Raval,Coronavirus Competition Results (Remdesivir),2020-03-07 18:24:09+00:00,27,coronavirus|COVID|COVID-2019|siraj raval|siraj|machine learning|deep learning|competition|programming|python|drug discovery|molecular biology|biology|thomas macdougall|tinka vedovic|matt o'connor|sage health|dataset|data science,PT8M32S,147248,1807,160,2026-05-26 13:34:32,512,1.3358,2020,3,Saturday
K5KDZLHsr1o,Siraj Raval,The Hardest Kaggle Challenge,2020-03-02 18:04:52+00:00,27,siraj|siraj raval|kaggle|Artificial Intelligence|python|deep learning|program synthesis|genetic algorithm|cellular automata|convolutional neural network|CNN|neural network|machine learning|data science|programming|coding|tutorial|competition,PT40M26S,40241,835,112,2026-05-26 13:34:32,2426,2.3533,2020,3,Monday
JhfNJlnN_Bg,Siraj Raval,DeepFake Chatbots,2020-02-24 19:03:29+00:00,27,siraj|siraj raval|chatbot|meena|google|NLP|natural language processing|python|programming|text generation|deepfakes|text to speech|audio generation|video generation|state of the art|language model|deep learning|machine learning|artificial intelligence|AI|GPT-2|OpenAI,PT12M24S,49162,1161,83,2026-05-26 13:34:32,744,2.5304,2020,2,Monday
1LJgkovowgA,Siraj Raval,Coronavirus Deep Learning Competition,2020-02-17 19:27:51+00:00,27,coronavirus|COVID-19|nCOV-19|siraj raval|siraj|deep learning|machine learning|artificial intelligence|AI|python|generative adversarial network|competition|coding challenge|programming|biology|transformer|BERT|drug discovery,PT12M44S,83396,1887,180,2026-05-26 13:34:32,764,2.4785,2020,2,Monday
gAgZkdTF4KQ,Siraj Raval,CUDA Neural Networks,2020-02-11 17:30:01+00:00,27,neural networks|CUDA|Nvidia|github|python|programming|machine learning|deep learning|artificial intelligence|AI|siraj raval|siraj|classification|perceptron|GPU|linear algebra,PT29M7S,36840,834,76,2026-05-26 13:34:33,1747,2.4701,2020,2,Tuesday
G6PtQis8GDo,Siraj Raval,Cheapest Deep Learning PC in 2020,2020-02-10 18:16:39+00:00,27,siraj|siraj raval|cheapest deep learning PC|deep learning|nvidia|GPU|CPU|neural network|mathematics|matrix|windows|linux|jupyter|pytorch|python|artificial intelligence|DIY PC|machine learning|AI|math|CUDA|tutorial,PT12M9S,118014,2515,256,2026-05-26 13:34:33,729,2.348,2020,2,Monday
GQH-zWUylPY,Siraj Raval,AlphaFold Tutorial,2020-02-03 18:26:05+00:00,27,siraj|siraj raval|alphafold|deepmind|google|AI|artificial intelligence|machine learning|deep learning|statistics|protein folding|biochemistry|python|github|neural network|healthcare,PT11M5S,57551,1421,123,2026-05-26 13:34:33,665,2.6828,2020,2,Monday
Y8mSngdQb9Q,Siraj Raval,Explainable Computer Vision with Grad-CAM,2020-01-28 19:30:00+00:00,27,Siraj Raval|Explainable Machine Learning|Machine Learning|Deep Learning|Artificial Intelligence|AI|XAI|python|programming|computer vision|CNN|convolutional neural network|image processing|convolution|keras|tensorflow|colab,PT28M6S,50426,1138,120,2026-05-26 13:34:33,1686,2.4947,2020,1,Tuesday
rNG_hpSyZcE,Siraj Raval,The Reformer,2020-01-27 19:15:01+00:00,27,reformer|google|transformer|siraj raval|natural language processing|python|programming|word2vec|language modeling|hashing|neural network|deep learning|machine learning|artificial intelligence|AI|siraj|NLP|text processing|text classification|text generation|text summarization,PT11M14S,24886,986,79,2026-05-26 13:34:33,674,4.2795,2020,1,Monday
ya3AdrfKYzc,Siraj Raval,Drug Engineering,2020-01-21 17:30:01+00:00,27,siraj raval|reinforcement learning|deep reinforcement learning|drug discovery|AI in healthcare|artificial intelligence|drug engineering|neural network|virtual screening|startup|python|pytorch|self organizing map|autoencoder|variational autoencoder|generative modeling|github|anaconda|molecule,PT48M16S,27969,893,113,2026-05-26 13:34:33,2896,3.5968,2020,1,Tuesday
bA261BF0bdk,Siraj Raval,Graph Networks in 2020,2020-01-20 19:30:00+00:00,27,siraj raval|siraj|siraj machine learning|machine learning|deep learning|graph network|neural network|pytorch|tensorflow|deepmind|AI|artificial intelligence|AI Guru|python|programming|learn machine learning|graphs|mathematics|maths|math|github,PT9M11S,53883,1770,110,2026-05-26 13:34:33,551,3.489,2020,1,Monday
YW_fFBH6750,Siraj Raval,Reliable Machine Learning,2020-01-13 19:30:01+00:00,27,siraj raval|genomics|genetics|medicine|healthcare|healthcare AI|python|tensorflow|google research|neurips|AI research|math|mathematics|classification|algorithms|computer science|machine learning|deep learning|LSTM network|recurrent network|neural network|biology|bacteria|diagnosis|statistics,PT30M35S,28034,778,93,2026-05-26 13:34:33,1835,3.1069,2020,1,Monday
eN9Lb3vXsAw,Siraj Raval,AI in 2020,2020-01-12 19:33:13+00:00,27,artificial intelligence|deep learning|siraj raval|symbolic AI|AI|pytorch|tensorflow|python|learn pytorch|learn tensorflow|rust|clojure|swift|neurIPS|AI 2020|waymo|StyleGAN|AI research|quantization|math|mathematics|programming|education|computer science|machine learning|neural network,PT12M42S,66257,2739,237,2026-05-26 13:34:33,762,4.4916,2020,1,Sunday
ocko5StJj7w,Siraj Raval,Synthetic Biology Study Guide,2020-01-06 17:00:11+00:00,27,genetics|synthetic biology|biology|MIT|siraj raval|study guide|biochemistry|DNA|programming|python|github|software|computer science,PT11M48S,26560,962,193,2026-05-26 13:34:33,708,4.3486,2020,1,Monday
IAWAPKMKFFo,Siraj Raval,Molecular Programming with Dr Dominic Scalise,2020-01-02 17:00:03+00:00,27,molecular computing|molecular programming|caltech|siraj raval|dominic scalise|molecular robotics|cadnano|dna programming|dna computing|DNA|biotechnology|python|github|interview|learning|research|machine learning|artificial intelligence,PT44M28S,20196,576,157,2026-05-26 13:34:33,2668,3.6294,2020,1,Thursday
vu8ZsKK6AWA,Siraj Raval,We Live in a Simulation,2020-01-01 17:00:19+00:00,27,simulation|siraj raval|biology|information|matrix|education|elon musk|moleculardharma|molecular dharma|david sinclair|annaka harris|joe rogan|Rizwan Virk|computer science|information theory|claude shannon|aldous huxley|quantum mechanics|video game|observer effect|universe,PT11M7S,41117,1283,419,2026-05-26 13:34:33,667,4.1394,2020,1,Wednesday
AOfml29AJgw,Siraj Raval,Molecular Dharma (Trailer),2019-12-24 03:30:00+00:00,27,molecular programming|molecular computing|dharma|siraj raval|microsoft|kernel|seth lloyd|quantum computing|molecular dharma,PT1M54S,43444,849,334,2026-05-26 13:34:33,114,2.723,2019,12,Tuesday
0fCUxblwxpI,Siraj Raval,Healthcare & Reflections,2019-11-03 22:06:29+00:00,27,healthcare|technology|health|siraj raval|education|machine learning|learning|AI|artificial intelligence|deep learning|neural network|africa|coding|programming,PT12M26S,53808,845,577,2026-05-26 13:34:33,746,2.6427,2019,11,Sunday
__ByCy0PKKI,Siraj Raval,Machine Learning App Examples,2019-10-28 17:49:52+00:00,27,siraj raval|machine learning|deep learning|make money|student|education|course|image classification|convolutional neural network|neural network|generative model|text generation|web app|flask|node|paypal|stripe|developer|coding|programming|python|price prediction|finance|security,PT25M21S,65635,1482,603,2026-05-26 13:34:33,1521,3.1767,2019,10,Monday
7uEWnFluSY8,Siraj Raval,Live Q&A with Siraj Raval,2019-10-11 18:25:40+00:00,27,,PT49M43S,59806,612,516,2026-05-26 13:34:33,2983,1.8861,2019,10,Friday
dGDlDH5CAPE,Siraj Raval,Quantum Supremacy,2019-10-08 16:33:04+00:00,27,quantum computing|siraj raval|quantum supremacy|google|qubit|quantum mechanics|entanglement|superposition|algorithm|education|tutorial|block chain|encryption|crypto|cryptography,PT11M53S,38568,874,129,2026-05-26 13:34:33,713,2.6006,2019,10,Tuesday
jA-CBTUONMg,Siraj Raval,Vinod Khosla & Mental Models | Siraj Raval Podcast #4,2019-10-07 17:59:28+00:00,27,vinod khosla|yuval noah harari|sun microsystems|podcast|siraj raval|technology|software|hardware|nick bostrom|Artificial Intelligence|AI|machine learning|deep learning|tutor|education|learning|math|mathematics|books|deepfakes|file storage|venture capital|entrepeneur|startup,PT1H52S,19183,543,108,2026-05-26 13:34:33,3652,3.3936,2019,10,Monday
JjlV62_kGUc,Siraj Raval,Defense Against Adversarial Attacks,2019-10-01 18:36:15+00:00,27,generative modeling|adversarial networks|adversarial training|generative adversarial networks|siraj raval|education|tutorial|python|javascript|react|react.js|tensorflow|tensorflow.js|convolutional network|neural network|gradient descent|math|mathematics|maths|numpy|pytorch|colab|google|nvidia|security|cybersecurity,PT27M10S,27215,535,127,2026-05-26 13:34:33,1630,2.4325,2019,10,Tuesday
FZBFV7xfGaY,Siraj Raval,Generative Modeling Applications,2019-09-30 19:01:11+00:00,27,generative adversarial network|GAN|progan|nvidia|siraj raval|3D Modeling|3d Objects|autoencoder|neural network|deep learning|machine learning|artificial intelligence|software|engineering|code|coding|programming|colab|google|python|demo|tutorial|probability theory|probability|probability function|generative modeling|data|data distribution|discriminative modeling,PT12M29S,24651,814,74,2026-05-26 13:34:33,749,3.6023,2019,9,Monday
CzPYgRaYWUA,Siraj Raval,Image Classifier Example,2019-09-24 07:12:09+00:00,27,image classification|siraj raval|image classifier|coding challenge|python|fastai|fastdotai|fast.ai|deep learning|machne learning|artificial intelligence|coding|datasets|google|transfer learning|flutter|mobile|web app|API|stripe|firebase|tutorial|github|render,PT10M35S,38977,1295,217,2026-05-26 13:34:33,635,3.8792,2019,9,Tuesday
sMkMr2455mk,Siraj Raval,Succeed in Any Programming Interview 2019,2019-09-17 15:39:33+00:00,27,programming|interview|technical interview|study tips|siraj raval|python|learn python|leetcode|data structures|algorithms|data structures and algorithms|system design|web apps|django|flask|github|resume|onsite|google|job search|code|education|coding|whiteboard|practice problems,PT14M18S,51527,3003,145,2026-05-26 13:34:33,858,6.1094,2019,9,Tuesday
NeTVHv-vd_Y,Siraj Raval,AI for Humans Trailer,2019-09-10 02:44:07+00:00,27,netflix|siraj raval|AI for Humans|artificial intelligence|elon musk|stephen hawking|math|mathematical technique|engineer|scientist|science|drug discovery|artistic expression|trailer|movie|docuseries|machine learning|deep learning,PT3M30S,32116,2476,189,2026-05-26 13:34:33,210,8.298,2019,9,Tuesday
h9jC_V7ojqo,Siraj Raval,The Neural Qubit,2019-09-04 06:05:06+00:00,27,quantum computing|machine learning|deep learning|neural networks|siraj raval|neural nets|programming|coding|education|quantum machine learning|quantum mechanics|physics|classical mechanics|python|fraud detection|kaggle|dwave|google|algorithm|computer science|classical computing|qubit|bloch sphere|math|mathematics|maths|consciousness,PT15M59S,31120,1567,254,2026-05-26 13:34:33,959,5.8515,2019,9,Wednesday
BXw8vQXxvqc,Siraj Raval,How to Build a  Cybersecurity Startup,2019-08-28 16:12:07+00:00,27,cybersecurity|security|AWS|javascript|python|programming|node.js|flask|react|react native|startup|tutorial|coding|artificial intelligence|logistic regression|machine learning|deep learning|siraj raval,PT37M11S,40271,1160,100,2026-05-26 13:34:33,2231,3.1288,2019,8,Wednesday
BZ_sjvAHLpA,Siraj Raval,Generating Celebrity Voices & Music,2019-08-22 02:35:01+00:00,27,generative audio|generative music|algorithmic music|generative modeling|AI|artificial intelligence|machine learning|deep learning|siraj raval|python|programming|wavenet|melnet|deepmind|music,PT13M16S,79666,2763,209,2026-05-26 13:34:33,796,3.7306,2019,8,Thursday
8BXHmSzLEyw,Siraj Raval,3Blue1Brown & Mathematics | Siraj Raval Podcast #3,2019-08-20 01:48:13+00:00,27,mathematics|machine learning|3blue1brown|grant sanderson|siraj raval|podcast|consciousness|pytorch|maths|math|youtube|physics|quantum mechanics|classical mechanics|books|artificial intelligence|science,PT1H17M33S,94703,3349,389,2026-05-26 13:34:33,4653,3.9471,2019,8,Tuesday
p4DpQZfpzpE,Siraj Raval,Automatic Mathematics,2019-08-14 04:49:45+00:00,27,ramanujan machine|deepmind|deep learning|artificial intelligence|siraj raval|machine learning|programming|coding|math|mathematics|transformer network|neural network|education|millenium problems|math operations|maths|conjecture|ramanujan,PT14M2S,36605,1415,133,2026-05-26 13:34:33,842,4.2289,2019,8,Wednesday
m8-PY1oOT-8,Siraj Raval,Make Money with Machine Learning,2019-08-11 17:19:00+00:00,27,siraj raval|make money|machine learning|deep learning|course|education|consulting|startup|artificial intelligence|coding|learning,PT2M22S,71721,1680,604,2026-05-26 13:34:33,142,3.1846,2019,8,Sunday
VP9qwzzX54I,Siraj Raval,10 Speed Learning Techniques,2019-08-07 15:37:58+00:00,27,learn faster|learning techniques|meditation|sleep|diet|exercise|self help|lifestyle|siraj raval|education|knowledge|bhagavad gita|cold shower|social media|logisitic regression|supervised learning|machine learning|deep learning|artificial intelligence|habits,PT14M4S,61198,3213,242,2026-05-26 13:34:33,844,5.6456,2019,8,Wednesday
XiCDhGzi6gM,Siraj Raval,Best Laptop for Programmers 2019,2019-08-05 06:00:50+00:00,27,programming|machine learning|deep learning|GPU|CPU|siraj raval|RAM|HDD|SDD|motherboard|hardware|software|dell|asus|razer blade|macbook|web development|mobile development|artificial intelligence|technology|tech review,PT12M14S,284221,7037,657,2026-05-26 13:34:33,734,2.707,2019,8,Monday
fF6f0nzlfUA,Siraj Raval,How to Build a Retail Startup,2019-07-30 05:51:48+00:00,27,flutter|programming|siraj raval|startup|retail|coding|generative modeling|GAN|generative adversarial network|machine learning|deep learning|statistical modeling|code|artificial intelligence|AI|flask|OpenCV|tensorflow,PT55M55S,52798,1814,137,2026-05-26 13:34:33,3355,3.6952,2019,7,Tuesday
wxBk4WXMaiI,Siraj Raval,Our Neuralink Future,2019-07-29 05:28:06+00:00,27,neuralink|elon musk|kernel|siraj raval|hardware|software|brain technology|neural interface|neural lace|BCI|brain computer interface|neuroscience|yoga|depression|anxiety|health|healthcare,PT12M58S,56760,2738,562,2026-05-26 13:34:33,778,5.814,2019,7,Monday
jn-22XyKsgo,Siraj Raval,Automatic Machine Learning,2019-07-23 05:37:24+00:00,27,automl|framework|libraries compared|siraj raval|automatic machine learning|python|scikit learn|keras|TPOT|data science|data cleaning|data preprocessing|bayesian optimization|genetic programming|evolutionary programming|grid search|hyperparameter|machine learning|deep learning|artificial intelligence|data scientist|education|tutorial|coding|programming,PT12M41S,70121,2385,176,2026-05-26 13:34:33,761,3.6523,2019,7,Tuesday
grNU_svKs3o,Siraj Raval,Brian Armstrong & Cryptocurrency | Siraj Raval Podcast #2,2019-07-22 04:16:49+00:00,27,cryptocurrency|bitcoin|federal reserve|donald trump|andrew yang|siraj raval|brian armstrong|coinbase|yang2020|basic income|UBI|crypto currency|bit coin|facebook libra|libra|universal basic income|machine learning|singularity|social network|mining|china|finance|podcast|SEC|goverment|regulation|artificial intelligence|robots|education|learning,PT54M56S,12883,427,78,2026-05-26 13:34:33,3296,3.9199,2019,7,Monday
1lxHH1UBTBU,Siraj Raval,10 Books to Learn Machine Learning,2019-07-16 06:42:39+00:00,27,learn python|learn machine learning|siraj raval|machine learning|python|programming|quantum computing|data science|reinforcement learning|artificial intelligence|computer science|tensorflow|pytorch|AI|book review|casual reasoning|neuroscience|math|mathematics|probability|calculus,PT12M48S,74945,4152,211,2026-05-26 13:34:33,768,5.8216,2019,7,Tuesday
FSe_02FpJas,Siraj Raval,Learn Computer Vision,2019-07-15 05:12:12+00:00,27,computer vision|tensorflow|OpenCV|python|coding|siraj raval|education|curriculum|course|learn to code|linear algebra|calculus|optical flow|facial detection|object detection|image classification|segmentation|3D Objects|generative adversarial network|deep learning|machine learning|artificial intelligence|AI|stereo vision|tracking|YOLO|darknet,PT12M38S,83076,3648,235,2026-05-26 13:34:33,758,4.674,2019,7,Monday
w81Z8JHARTk,Siraj Raval,How to Build a Bitcoin Startup,2019-07-08 02:57:06+00:00,27,bitcoin|blockchain|AI|artificial intelligence|optical character recognition|keyword recognition|natural language processing|NLP|siraj raval|block chain|technology|education|tutorial|visualization|node.js|javascript|flutter|web development|machine learning|deep learning|computer vision|text processing|bitcoin explained|startup ideas|business ideas|app development|app design|app design tutorial for beginners|app development tutorial,PT50M56S,42993,1270,182,2026-05-26 13:34:33,3056,3.3773,2019,7,Monday
GazFsfcijXQ,Siraj Raval,Learn Natural Language Processing,2019-07-01 04:21:38+00:00,27,natural language processing|nlp|siraj raval|text classification|text generation|GPT-2|BERT|AI|artificial intelligence|text mining|machine learning|deep learning|probability|statistics|calculus|linear algebra|language model|python|programming|education|curriculum|course|transfer learning|pretraining|convolutional network|neural network|recurrent network|nlp training|nlp python|nlp training video,PT15M13S,57266,2716,157,2026-05-26 13:34:33,913,5.0169,2019,7,Monday
J9kbZ5I8gdM,Siraj Raval,How to Build a Biomedical Startup,2019-06-24 06:53:21+00:00,27,biobert|flutter|siraj raval|biomedical|startup|how to build|watch me build|stripe|razorpay|nlp|natural language processing|language model|machine learning|deep learning|python|colab|Q&A|question answering|dialogue|amazon|alexa|tutorial|app|coding|code|dart|artificial intelligence|healthcare,PT47M44S,56479,1493,204,2026-05-26 13:34:33,2864,3.0047,2019,6,Monday
b8xlCNzkX5w,Siraj Raval,How to Build a Healthcare Startup,2019-06-18 02:32:23+00:00,27,flutter|google|machine learning|deep learning|posenet|linear algebra|calculus|artificial intelligence|watch me build|siraj raval|education|startup|technology|engineering|widget tree|python|image classification|computer vision|pose detection|poseNet|yoga|healthcare|business ideas|entrepreneur|business|yoga app|bots|app builder|app builder tutorial|app building for beginners|app building|app building software|how to start a startup|how to code,PT47M10S,83928,2768,260,2026-05-26 13:34:33,2830,3.6079,2019,6,Tuesday
Ui1KbmutX0k,Siraj Raval,Transfer Learning,2019-06-13 03:42:36+00:00,27,geoscience|data|data science|U-Net|kaggle|siraj raval|transfer learning|math|mathematics|computer vision|natural language processing|artificial intelligence|AI|machine learning|deep learning|image classification|image segmentation|convolutional neural network|tesla|mineral|python|programming,PT12M37S,49568,1375,88,2026-05-26 13:34:33,757,2.9515,2019,6,Thursday
IWAe_mdTslc,Siraj Raval,Bryan Johnson & Neural Interfaces | Siraj Raval Podcast #1,2019-06-10 06:56:08+00:00,27,bryan johnson|kernel|braintree|siraj raval|podcast|interview|OS Fund|neuralink|neural interface|brain computer interface|science|technology|biology|physics|artificial intelligence|quantum mechanics|classical mechanics|business|depression|consciousness|neuroscience|startup|venture capital|machine learning|entrepreneur|entrepreneurship|education|data science|computer science|tech|bryan johnson interview|bryan johnson kernel|bryan johnson interview 2019,PT1H1M8S,26460,1045,144,2026-05-26 13:34:33,3668,4.4936,2019,6,Monday
sb_FI7nt4yk,Siraj Raval,Mathematics for Beginners,2019-06-03 05:36:20+00:00,27,math|mathematics|maths|siraj raval|equation|formula sheet|probability theory|statistics|physics|schrodinger|calculus|number theory|logic|science|technology|engineering|artificial intelligence|machine learning|language model|NLP|natural language processing|linear algebra|python|wolfram alpha|code|programming|learning|text generation|math tricks|math videos|learning math|math for beginners|tutorial|computer science|math problems|education|educational videos,PT13M9S,74235,2676,213,2026-05-26 13:34:33,789,3.8917,2019,6,Monday
f5YvatzVWxA,Siraj Raval,3 Limits of Artificial Intelligence,2019-05-28 10:41:31+00:00,27,causal reasoning|adversarial examples|explainable AI|interpretable AI|explainable machine learning|AI|artifiicial intelligence|neural network|deep learning|siraj raval|coding|programming|intelligence|education|decision tree|probability|statistics|mathematics|math|bias AI|amazon|google|robotics|machine learning|robotics engineering|computer engineer|technology|code,PT14M22S,47847,1777,177,2026-05-26 13:34:33,862,4.0839,2019,5,Tuesday
hKBZjH7Ot2g,Siraj Raval,10 Ways to Learn Faster,2019-05-21 05:48:58+00:00,27,learning to learn|learning|education|teaching|computer science|artificial intelligence|decentralized application|siraj raval|college|learning techniques|speed learning|learn faster|curriculum design|programming|science|math|technology|engineering|knowledge|meditation,PT12M43S,111474,6314,306,2026-05-26 13:34:33,763,5.9386,2019,5,Tuesday
7d1smRd-8aI,Siraj Raval,Watch Me Build an Education Startup,2019-05-20 06:09:21+00:00,27,education|startup|GPT-2|BERT|machine learning|deep learning|language modeling|NLP|natural language processing|teaching tool|Saas|data analytics|data science|text generation|text classification|python|programming|coding|business|technology|self education|app development|programming for beginners|code for beginners|entrepreneur ideas|business ideas|business motivation|app builder|app builder tutorial|computer engineering|computer programming|make money,PT40M4S,54466,1458,112,2026-05-26 13:34:33,2404,2.8825,2019,5,Monday
RGD6KQ6bRS8,Siraj Raval,Learn Physics Fast,2019-05-14 07:22:23+00:00,27,siraj raval|machine learning|computer engineering|quantum computing|learning|physics|classical mechanics|quantum mechanics|quantum field theory|statistical mechanics|general relativity|special relativity|thermodynamics|electromagnetism|maxwell|einstein|schrodinger|stanford|MIT|coursera|physics 101|physics lecture|education|physics class|online education|school of ai|computer science|software engineer|engineer|quantum physics,PT13M47S,66846,2725,368,2026-05-26 13:34:33,827,4.6271,2019,5,Tuesday
CH-EP_YHZOs,Siraj Raval,FutureFest 2019,2019-05-07 16:52:56+00:00,27,futurefest|school of ai|siraj raval|coding|artificial intelligence|programming|decentralized|blockchain|engineer|festival|event|AI|machine learning|deep learning|finance|virtual reality|astrophysics|educational|technology|computer science|code|technology events|international event|developer|data science|computer engineering|artificial intelligence course|future of the world|future of the universe|data scientist|technology documentary,PT11M18S,22572,1022,80,2026-05-26 13:34:33,678,4.8822,2019,5,Tuesday
myydDX-us4o,Siraj Raval,Watch Me Build a Trading Bot,2019-05-06 05:25:12+00:00,27,automated trading|trading bot|bitcoin|cryptocurrency|bit coin|BTC|siraj raval|javascript|python|time series|time series predicton|stock market prediction|stock prediction|financlal data|financial analysis|financial startup|watch me build a startup|coding|code|programming|market trends|algorithmic trading|bots|deep learning|machine learning|coder|developer|entrepreneur|startup|app building|app design|app development|web dev|computer programming,PT42M13S,208622,4664,396,2026-05-26 13:34:33,2533,2.4254,2019,5,Monday
CJDpF4xUieY,Siraj Raval,School of AI Research Fellows,2019-05-01 00:18:21+00:00,27,school of ai|siraj raval|research grants|google cloud|google|machine learning|quantum machine learning|unsupervised learning|one shot learning|AI Safety|coding|programming|education|academia|grant|data science|computer science|computer programming|computer engineer|code|developer|developers|web development|deep learning|coding tech|coding for beginners|technology|tech education|tech tutorial|data research|data science career,PT4M26S,25619,837,55,2026-05-26 13:34:34,266,3.4818,2019,5,Wednesday
oeraUtRgsbI,Siraj Raval,Watch Me Build a Finance Startup,2019-04-23 13:37:58+00:00,27,finance|android|coding|programming|siraj raval|watch me build a startup|ai startup|artificial intelligence|deep learning|machine learning|firebase|dialogflow|tensorflow|NLP|natureal language processing|text generation|text classification|plaid|alpaca|stock market|trading|stock prediction|financial advisor|finance management|save money|money management|money management tips|app development|app builder|app builder tutorial|app building|digital banking,PT41M,172416,3967,308,2026-05-26 13:34:34,2460,2.4795,2019,4,Tuesday
6oM3N6PRFz8,Siraj Raval,Watch Me Build a Marketing Startup,2019-04-22 16:10:21+00:00,27,tensorflowjs|tensorflow|siraj raval|marketing|AI startup|CRM|salesforce|data|tensor flow|clearbit|API|react|react native|javascript|node|nodejs|coding|tutorial|how to code|how to start a startup|build an ai startup|marketing startup|sales strategy|sales tutorial|marketing tutorial|javascript tutorial|business tips|marketing strategies|marketing plan|marketing 101|sales training|sales techniques|sales motivation|coding tech|programming knowledge,PT45M51S,76900,2009,170,2026-05-26 13:34:34,2751,2.8336,2019,4,Monday
mvwBgAqrheo,Siraj Raval,AI in 2040,2019-04-16 06:10:47+00:00,27,quantum mechanics|siraj raval|computer science|artificial intelligence|deep learning|coding|code|machine learning|quantum computing|quantum entanglement|neuromorphic computing|mind body machines|basic income|encryption|von neumann|ai|future of ai|data science|computer learning|big data|computer engineering|software engineering|ai technology|deep learning ai|web dev|software development|artificial intelligence explained|programming|developing,PT13M,52606,2245,445,2026-05-26 13:34:34,780,5.1135,2019,4,Tuesday
WS9Nckd2kq0,Siraj Raval,Make Money with Tensorflow 2.0,2019-04-09 05:31:28+00:00,27,tensorflow|tensorflow 2.0|siraj raval|openai|transformer|neural network|neural net|deep learning|machine learning|ai|artificial intelligence|startup|make money|financial data|automated investor|automated trading|trading bot|stock price prediction|stock prediction|data analysis|stock analysis|ai tools|ai systems|data science|technology|ai course|programming|artificial intelligence education|ai education|ai tutorial|coding,PT37M30S,259820,5821,448,2026-05-26 13:34:34,2250,2.4128,2019,4,Tuesday
OE6wssMJoag,Siraj Raval,Build an AI Startup with PyTorch,2019-04-08 06:41:56+00:00,27,pytorch|onnx|neural network|deep learning|machine learning|automated bot|therapy|CBT|AI Startup|Siraj Raval|make money|programming|coding|android|android development|java|python|google colab|app development|paypal|firebase|dialogflow|API|chatbot|AI|artificial intelligence|tutorial|app building|coder|programmer|developer|ai education|ai technology|data science|ai systems|ai tools|artificial intelligence course|web dev|big data,PT48M57S,94517,3208,275,2026-05-26 13:34:34,2937,3.6851,2019,4,Monday
okBOUrE8mC4,Siraj Raval,AI for Dating,2019-04-02 05:33:32+00:00,27,dating|AI|recommender system|collaborative filtering|text generation|BERT|google|siraj raval|natural language processing|NLP|deep learning|machine learning|coding|python|colab|research|technology|relationships|algorithm|computer science|online dating|data science|dating apps|artificial intelligence|tutorial|human relationships|web dev|programming|big data|startup|app building|tech tutorial,PT12M23S,36352,1155,131,2026-05-26 13:34:34,743,3.5376,2019,4,Tuesday
NzmoPqte4V4,Siraj Raval,Watch Me Build an AI Startup,2019-03-27 07:03:28+00:00,27,AI|artificial intelligence|startup|siraj raval|make money|machine learning|deep learning|computer vision|image classification|medical imaging|code|python|flask|web app|inference|data analysis|data science|technology|database|SQL|tutorial|computer science|web dev|programming|developer|app building|big data|education|tech tutorial|app developer|app dev|ai systems|ai tools|technology solutions|ai education|ai technology|artificial intelligence news,PT39M34S,201568,7165,485,2026-05-26 13:34:34,2374,3.7952,2019,3,Wednesday
bDxFvr1gpSU,Siraj Raval,Natural Language Processing,2019-03-26 06:57:48+00:00,27,natural language processing|NLP|computer science|artificial intelligence|deep learning|neural network|BERT|google|pytorch|embedding|visualization|data science|data engineering|data analysis|computational linguistics|siraj raval|machine learning|AI|python|coding|programming|technology solutions|ai education|ai tutorial|ai research|ai technology|web dev|programmer|ai systems|computer intelligence|data research|ai course|ai tools|computer engineering,PT12M36S,117704,3673,191,2026-05-26 13:34:34,756,3.2828,2019,3,Tuesday
AXBI5GxndkM,Siraj Raval,Really Quick Questions - Nvidia Research,2019-03-24 20:06:39+00:00,27,bryan catanzaro|nvidia|deep learning|AI|artificial intelligence|applied research|GPU|computing|technology|conference|interview|siraj raval|computer|IT|data|data science|programming|python|pytorch|AI research|computer science|ai tools|ai systems|data research|web dev|big data|machine learning|ai technology|silicon valley|technology news|ai research|computer engineering|technology solutions,PT8M10S,30644,1103,107,2026-05-26 13:34:34,490,3.9486,2019,3,Sunday
LGt4PE7-ATI,Siraj Raval,Discrete Math,2019-03-19 07:05:35+00:00,27,discrete math|cryptography|mathematics|math|sql|database|sql database|siraj raval|computer science|coding|python|shortest path|graph theory|set theory|combinatorics|number theory|logic|technology|networks|code|AI|computer engineering|deep learning|machine learning|ai course|programming|ai education|developer|web dev|big data|technology solutions|computer intelligence|artificial intelligence|artificial intelligence course|data science|ai technology,PT11M9S,90025,2497,156,2026-05-26 13:34:34,669,2.947,2019,3,Tuesday
RmU2zUIkfio,Siraj Raval,Healthcare Data,2019-03-12 06:49:55+00:00,27,healthcare|data|ai|drug discovery|automated diagnosis|siraj raval|school of ai|panel|health data|healthcare data|synthetic biology|classification|matrix multiplication|AI|artificial intelligence|coding|learning|education,PT55M59S,31035,981,91,2026-05-26 13:34:34,3359,3.4542,2019,3,Tuesday
8dqdDEyzkFA,Siraj Raval,Unsupervised Learning,2019-03-11 16:54:39+00:00,27,unsupervised learning|supervised learning|siraj raval|machine learning|AI|artificial intelligence|code|python|neural|data|data analysis|coding|tutorial|education|deep learning|learn coding|data science|healthcare|dataset|dimensionality reduction|clustering,PT10M47S,56363,1779,144,2026-05-26 13:34:34,647,3.4118,2019,3,Monday
w45t3itM5NM,Siraj Raval,Machine Learning with No Code,2019-03-05 08:50:00+00:00,27,machine learning|machine learning tutorial|machine learning basics|machine learning course|machine learning algorithms|siraj raval|artificial intelligence|deep learning|python tutorial|coding|code|learn to code|data science|data analytics|uber|azure|microsoft|machine learning applications|data science course|machine learning training|data scientist|data science training|computer science|machine learning tutorial for beginners|what is machine learning,PT11M44S,86063,3413,216,2026-05-26 13:34:34,704,4.2167,2019,3,Tuesday
98V6PnwVXCc,Siraj Raval,DeepMind StarCraft,2019-03-04 08:41:37+00:00,27,deepmind starcraft|starcraft 2|deepmind starcraft 2|siraj raval|machine learning|deep learning|deep reinforcement learning|reinforcement learning|gameplay|SC2|actor critic|code|coding|education|tutorial,PT13M21S,27494,1062,158,2026-05-26 13:34:34,801,4.4373,2019,3,Monday
0n95f-eqZdw,Siraj Raval,OpenAI Text Generator,2019-02-26 15:11:12+00:00,27,openai|siraj raval|text generation|generator|machine learning|nlp|natural language processing|transformer|google|AI|artificial intelligence|deep learning|research|gradient descent|GPT2|GPT-2|generative modeling|fake news|speech generation|python|code|math|mathermatics|distribution|data,PT13M8S,73609,2184,239,2026-05-26 13:34:34,788,3.2917,2019,2,Tuesday
TffGdSsWKlA,Siraj Raval,Kaggle Earthquake Prediction Challenge,2019-02-19 06:58:14+00:00,27,catboost|xgboost|gradient boosting|kaggle|siraj raval|data science|programming|python|coding|code|learn to code|education|earthquake|prediction|data analytics|math|mathematics|statistics|predictive analytics|competition,PT30M45S,84266,2146,130,2026-05-26 13:34:34,1845,2.701,2019,2,Tuesday
yEUKougrRSk,Siraj Raval,Regression Mathematics,2019-02-18 16:10:03+00:00,27,linear regression|regression analysis|nonlinear regression|multiple regression|python|math|mathematics|siraj raval|statistics|data science|machine learning|optimization|prediction|data analytics|big data|price prediction|code|artificial intelligence|ai|deep learning|data|computer science|education|data scientist|programming|machine learning tutorial|computers|software engineering|data science for beginners,PT12M56S,44024,1301,90,2026-05-26 13:34:34,776,3.1596,2019,2,Monday
WWKxzjKzN3A,Siraj Raval,Big Data Visualization,2019-02-11 15:22:54+00:00,27,python|plotly|data|big data|data visualization|tableau|google charts|plotting|matplotlib|programming|data science|data analysis|statistics|code|coding|tutorial|siraj raval|correlation|charting|animation|dataset,PT12M45S,58139,1421,108,2026-05-26 13:34:34,765,2.6299,2019,2,Monday
MdHtK7CWpCQ,Siraj Raval,Intro to Statistics,2019-02-04 09:03:24+00:00,27,probability distribution|statistics|data science|bayes|bayes theorem|naive bayes|machine learning|artificial intelligence|siraj raval|stat|math|mathematics|frequentist|kaggle|conditional probability|probability|python|code|coding|programming|data analytics|random variable|tutorial|data|ai|deep learning|programmers|datasets|data visualization|learn to code|big data|data scientist|computer science,PT13M32S,64777,1672,111,2026-05-26 13:34:34,812,2.7525,2019,2,Monday
3Pzni2yfGUQ,Siraj Raval,Sentiment Analysis,2019-01-28 15:39:27+00:00,27,data science|siraj raval|data lit|sentiment analysis|twitter data|twitter sentiment|opinion mining|text mining|machine learning|lexion based|nlp|natural language processing|learn python|python|programming|coding|data scientist|data science course|learn data science|data science for beginners|data science tutorial|artificial intelligence|computer science|data science tutorial for beginners|data science training|deep learning|what is data science,PT10M36S,93063,2445,183,2026-05-26 13:34:34,636,2.8239,2019,1,Monday
SJldOOs4vB8,Siraj Raval,Deep Learning Frameworks 2019,2019-01-22 07:43:39+00:00,27,siraj raval|deep learning|tensorflow|pytorch|chainer|deeplearning4j|sonnet|deepmind|google|coreML|onnx|facebook|programming|coding|github|developer|code|education|framework|library|computation|machine learning|artificial intelligence|AI,PT13M8S,166446,4616,349,2026-05-26 13:34:34,788,2.9829,2019,1,Tuesday
GlEUbETaoHk,Siraj Raval,AI Humanities (Book Review),2019-01-21 09:44:52+00:00,27,ai|artificial intelligence|deep learning|backpropagation|genetic algorithm|book review|siraj raval|machne learning|life 3.0|12 rules for life|superintelligence|gene|genetics|epigentics|quantum mechanics|philosophy|education|humanities|technology,PT13M44S,29364,1513,208,2026-05-26 13:34:34,824,5.8609,2019,1,Monday
2GwzlT2M59A,Siraj Raval,Data Lit (Official Music Video),2019-01-17 03:20:12+00:00,27,Data|siraj raval|music video|matrix operations|AI|artificial intelligence|NLP|School of AI|quantum|mathematics|rap|engineers|education|programming|machine learning|data science|deep learning|neural network|big data|hip hop|music|rap 2019|data science for beginners|what is data science|data analytics|introduction to data science|learn data science|data science tutorial for beginners|data science course|coding|ai course|intro to ai,PT2M45S,267188,5476,578,2026-05-26 13:34:34,165,2.2658,2019,1,Thursday
cw6_OP5An8s,Siraj Raval,DeepMind AlphaFold,2019-01-15 18:08:27+00:00,27,deepmind|alphafold|siraj raval|deep learning|residual network|mathematics|protein folding|biology|DNA|google|programming|coding|education|deep mind|alpha fold|machine learning|neural network|amino acid|RNA,PT12M6S,56773,2264,206,2026-05-26 13:34:34,726,4.3507,2019,1,Tuesday
AD3K8j12EIE,Siraj Raval,Neural Differential Equations,2019-01-14 15:04:34+00:00,27,neural network|deep learning|siraj raval|neurips|programming|python|coding|education|tutorial|math|mathematics|calculus|linear algebra|matrix|matrix operation|derivative|integral|physics|euler|reinforcement learning|data science|artificial intelligence|ai|neural net|machine learning|computer science,PT35M18S,144331,4998,377,2026-05-26 13:34:34,2118,3.7241,2019,1,Monday
1lgsQ3PKz9M,Siraj Raval,Kubernetes for Beginners,2019-01-08 08:29:30+00:00,27,kubernetes|docker|google cloud|deep learning|keras|python|artifiical intelligence|coding tutorial|AI tutorial|programming tutorial|python tutorial|siraj raval|machine learning|AI|coding|code|kubeflow|google|gcp|cloud computing|web development|web ops,PT11M5S,152520,3926,210,2026-05-26 13:34:34,665,2.7118,2019,1,Tuesday
Rjax4_ChBGI,Siraj Raval,Math in Nature,2019-01-05 10:58:46+00:00,27,mathematics|photosynthesis|nature|physics|approximate|compute|computer science|siraj raval|universe|natural world|math|beauty|numbers|equations|code|velocity|seattle|vlog|machine learning|artificial intelligence|programming|math videos,PT2M28S,25584,1729,185,2026-05-26 13:34:34,148,7.4812,2019,1,Saturday
BlPFE7R8psk,Siraj Raval,AI in 2019,2018-12-31 16:54:13+00:00,27,AI|deep learning|machine learning|artificial intelligence|siraj raval|prediction|technology|kubernetes|kubeflow|google|alphago|deepmind|edge computing|intel|generative adversarial network|nvidia|machine translation|neural network|deep reinforcement learning|reinforcement learning|supervised learning|unsupervised learning|school of ai|google cloud|artificial neural network|programming|data science,PT12M35S,195488,4777,476,2026-05-26 13:34:34,755,2.6871,2018,12,Monday
U2EYT5P4LvM,Siraj Raval,The Problem with Blockchain,2018-12-25 03:21:29+00:00,27,crypto|btc|bitcoin|eth|ethereum|crypto news|government|economy|solidity|cryptocurrency|blockchain|decentralized applications|dapps|siraj raval|programming|coding|ICO|ETO|equity token offering|initial coin offering|financial services|technology|tutorial,PT14M51S,91417,3020,424,2026-05-26 13:34:34,891,3.7674,2018,12,Tuesday
OHhoLhYW2cg,Siraj Raval,5 Steps to Pass Data Science Interviews,2018-12-18 16:17:40+00:00,27,data science|data science interview|data science interview questions|data science interview questions and answers|data scientist tutorial|data scientist training|analytics interview questions|data science interviews exposed|data scientist interview|data scientist interview questions|data scientist interview exposed|data science course|data science career path|data science for beginners|data science siraj raval|career|siraj raval|machine learning,PT13M43S,102990,3883,194,2026-05-26 13:34:34,823,3.9586,2018,12,Tuesday
D3fnGG7cdjY,Siraj Raval,Geometric Deep Learning,2018-12-12 16:11:05+00:00,27,geometric deep learning|deep learning|neural network|convolutional network|social graph|graph data|3D object classification|3d Object|euclidean|geometry|math|mathematics|siraj raval|python|programming|classification|machine learning|artificial intelligence|coding|tutorial,PT10M25S,84249,2402,156,2026-05-26 13:34:34,625,3.0362,2018,12,Wednesday
39hNjnhY7cY,Siraj Raval,Privacy in Data Science,2018-12-10 02:58:01+00:00,27,privacy|data science|siraj raval|openmined|github|programming|coding|healthcare|data analytics|GDPR|data regulation|encryption|cryptography|machine learning|deep learning|neural network|pytorch|python|ai|artificial intelligence|artificial neural network|convolutional neural network|unsupervised learning|supervised learning|computer science|tutorial|technology|ml|machine learning tutorial,PT10M17S,25608,1032,61,2026-05-26 13:34:34,617,4.2682,2018,12,Monday
2-0PR21vCfs,Siraj Raval,School of AI Campuses,2018-12-08 09:43:57+00:00,27,school of ai|college life|dorm living|siraj raval|artificial intelligence|education|online education|move 37|MOOC|online learning|campus|campus life|coliving|community|technology,PT6M56S,21492,1009,113,2026-05-26 13:34:34,416,5.2205,2018,12,Saturday
2jbMoGrFOuE,Siraj Raval,IBM Watson Discovery,2018-12-05 06:18:15+00:00,27,IBM|IBM Watson|Watson|Watson API|Natural Language Processing|NLP|machine learning|deep learning|dataset|data science|siraj raval|programming|technology|AI|artificial intelligence|tutorial|ml|big data|coding|education|ibmwatson|a.i.|ibm cloud|deeplearning|transfer learning|watson discovery|watson assistant|ai for business|software|cloud,PT7M28S,34710,998,78,2026-05-26 13:34:34,448,3.1,2018,12,Wednesday
7SBt6mMNCHk,Siraj Raval,Biotechnology,2018-12-04 09:52:46+00:00,27,Crispr|genetic engineering|designer baby|dna|cas9|crispr explained|aging|applications|bacteria|gene|dna editing|genome|hiv|gene drive|crispr human|mechanism|system|revolution|evolution|crops|china|life|designer babies|future|debate|futurism|animation|Crispr Cas9 system|in a nutshell|biotechnology|siraj raval|bio tech|chinese CRISPR|chinese scientist|life extension|gene therapy|DNA|DNA computing|AI|machine learning|watson|IBM|gene editing,PT17M18S,46387,1777,289,2026-05-26 13:34:34,1038,4.4538,2018,12,Tuesday
bSw-wcB6GZw,Siraj Raval,Quantum Computing with D-Wave,2018-12-03 02:52:24+00:00,27,D-Wave|quantum computing|quantum mechanics|programming|api|siraj raval|machine learning|AI|python|superposition|entanglement|research|computer science|artificial intelligence|uncertainty principle|quantum entanglement|quantum|double slit experiment|technology|d wave|quantum physics|computing,PT11M29S,39748,1156,143,2026-05-26 13:34:34,689,3.2681,2018,12,Monday
HhXg6568I3E,Siraj Raval,Brain Computer Interfaces,2018-11-27 09:58:29+00:00,27,biology|biotech|science|research|genetic|engineering genetics|molecular|dna|medicine|brain|artificial intelligence|bci|neuralink|neural lace|mind control|technology|neuroscience|machine learning|elon musk|ai|neuralink explained|elon musk neuralink|robotics|brain-computer interface|dna storage|computer science|dna computers|synthetic dna|dna computer|kernel|bryan johnson|siraj raval,PT13M37S,47322,1991,479,2026-05-26 13:34:34,817,5.2196,2018,11,Tuesday
4Gk6mxKXKTk,Siraj Raval,AI in China,2018-11-20 07:20:55+00:00,27,AI in China|Xinhua|Generative adversarial network|deep learning|social credit score|credit scoring system|chinese government|surveillance|privacy|GDPR|data security|confucianism|machine learning|artificial intelligence|siraj raval|neural network|convolutional neural network,PT12M48S,114337,4017,711,2026-05-26 13:34:34,768,4.1351,2018,11,Tuesday
vcYBiwvauA4,Siraj Raval,AI that Dresses Itself,2018-11-19 08:56:09+00:00,27,ai dresses itself|AI that dresses itself|trust region policy optimization|openai|reinforcement learning|markov decision process|siraj raval|machine learning|deep reinforcement learning|artificial intelligence|robotics|automation|fashion tech|gaming|elder care|coding|programming|python|code|education|tutorial|computer science|google brain,PT10M35S,25447,940,72,2026-05-26 13:34:34,635,3.9769,2018,11,Monday
d4Sn6ny_5LI,Siraj Raval,Time Series Prediction,2018-11-13 16:33:14+00:00,27,time series|time series prediction|multivariate time series|univariate time series|siraj raval|machine learning|deep learning|reinforcement learning|holts linear trend|statistics|math|mathematics|forecasting|time series database|lstm networks|recurrent networks,PT11M2S,158943,4244,167,2026-05-26 13:34:34,662,2.7752,2018,11,Tuesday
vI9BllT7ovg,Siraj Raval,Move 37 Explained,2018-11-12 08:19:42+00:00,27,alphago|move 37|siraj raval|reinforcement learning|deep learning|neural network|generative adversarial network|healthcare|personal assistant|AI|design|software|diagnosis|deepmind|google|automl|artificial intelligence,PT11M35S,127893,2181,213,2026-05-26 13:34:34,695,1.8719,2018,11,Monday
PngA5YLFuvU,Siraj Raval,Drone Flight Controller,2018-11-07 17:03:45+00:00,27,drone|flight controller|robots|robotics|policy gradients|deepmind|AI|machine learning|deep learning|deep reinforcement learning|reinforcement learning|siraj raval|artificial intelligence|programming|ROS|robot operating system|anomaly detection|computer vision|neural network|drone crash|technology|computer science|engineering,PT11M40S,33334,988,80,2026-05-26 13:34:34,700,3.2039,2018,11,Wednesday
mrRfpiAwad0,Siraj Raval,7 Ways to Make Money with Machine Learning,2018-11-05 02:08:10+00:00,27,make money|ai|AI|artificial intelligence|siraj raval|tensorflow|google|AWS|amazon|microsoft|data|data science|consulting|online business|SaAS|startup|machine learning|deep learning|tensor flow|GCP|google cloud|passive income|automated trading|ai for finance|trading bot|bitcoin,PT13M26S,540240,14559,470,2026-05-26 13:34:34,806,2.7819,2018,11,Monday
9rDhY1P3YLA,Siraj Raval,Learn Data Science in 3 Months,2018-10-30 07:27:01+00:00,27,curriculum|learn data science|siraj raval|programming|python|education|free|machine learning|deep learning|artificial intelligence|data analyst|data scientist|job skills|career skills|job training|kaggle|make money|contract work|SQL|hadoop|mapreduce|database|data storytelling|microsoft|udacity|khanacademy|coursera,PT11M14S,553742,21829,887,2026-05-26 13:34:34,674,4.1023,2018,10,Tuesday
aom4RMOHezc,Siraj Raval,Artificial Curiosity,2018-10-29 07:25:07+00:00,27,artificial curiosity|uc berkeley|siraj raval|machine learning|deep learning|deep reinforcement learning|reinforcement learning|education|programming|python|coding|code|entrepeneur|neural network|neural net|math|mathematics|optimization|curiosity|artificial intelligence|technology|ai|computer science|engineering|data|data science|computers|artificial neural network|science,PT10M41S,43960,1404,106,2026-05-26 13:34:34,641,3.4349,2018,10,Monday
acFwttp2d6Y,Siraj Raval,All Hands Meeting,2018-10-25 16:00:46+00:00,27,,P0D,0,45,0,2026-05-26 13:34:34,0,0.0,2018,10,Thursday
lXZ6y3lMymM,Siraj Raval,Boston Dynamics Atlas Explained,2018-10-23 16:45:34+00:00,27,boston dynamics|atlas robot|atlas parkour|boston dynamics atlas|humanoid robot|bipedal robot|walking robot|2 legged robot|siraj raval|mechatronics|mechanical engineering|control theory|hydraulics|asimo|machine learning|deep learning|deep reinforcement learning|artificial intelligence|AI|ML,PT11M10S,82793,2250,388,2026-05-26 13:34:34,670,3.1863,2018,10,Tuesday
2z0ofe2lpz4,Siraj Raval,Meta Learning,2018-10-22 07:44:07+00:00,27,meta learning|siraj raval|neuroevolution|evolutionary algorithm|neural network|deep learning|convolutional neural network|recurrent network|programming|machine learning|artificial intelligence|AI|optimize|data|dataset,PT10M18S,69120,1977,110,2026-05-26 13:34:34,618,3.0194,2018,10,Monday
MViBvQXQ3mM,Siraj Raval,Simple Blockchain in 5 Minutes,2018-10-19 19:12:42+00:00,27,blockchain|bitcoin|ethereum|siraj raval|tutorial|coding tutorial|python tutorial|google colab|python|programming|education|proof of work|hashing|algorithm|consensus algorithm|SHA256|block chain|bit coin,PT5M51S,39815,1248,102,2026-05-26 13:34:34,351,3.3907,2018,10,Friday
USOqNVz3gXQ,Alex The Analyst,Installing and Creating Database in PostgreSQL,2026-05-26 12:00:20+00:00,27,Data Analyst|Data Analyst job|Data Analyst Career|Data Analytics|Alex The Analyst,PT13M49S,270,47,5,2026-05-26 13:34:37,829,19.2593,2026,5,Tuesday
izCnz3f5830,Alex The Analyst,DAX in Power BI,2026-05-22 12:42:39+00:00,27,Data Analyst|Data Analyst job|Data Analyst Career|Data Analytics|Alex The Analyst,PT41S,5280,183,0,2026-05-26 13:34:37,41,3.4659,2026,5,Friday
cnjhHZNJEDk,Alex The Analyst,"2026 FREE Data Analyst Bootcamp [24 Hours+] for FREE | SQL, Excel, Python, Power BI, GitHub, AWS",2026-05-19 12:30:29+00:00,27,Data Analyst|Data Analyst job|Data Analyst Career|Data Analytics|Alex The Analyst,P1DT4H41M8S,122788,8912,463,2026-05-26 13:34:37,0,7.6351,2026,5,Tuesday
TCUcxpQ4Erg,Alex The Analyst,Should You Take Google's AI Certificate? My Honest Take,2026-05-11 15:00:58+00:00,27,Data Analyst|Data Analyst job|Data Analyst Career|Data Analytics|Alex The Analyst,PT7M24S,9539,328,21,2026-05-26 13:34:37,444,3.6587,2026,5,Monday
o2ehgG2VrsY,Alex The Analyst,Switching to Mac after 10 years as a Microsoft User,2026-05-05 12:01:35+00:00,27,Data Analyst|Data Analyst job|Data Analyst Career|Data Analytics|Alex The Analyst,PT8M20S,5441,212,72,2026-05-26 13:34:37,500,5.2196,2026,5,Tuesday
Vht4hoRHEek,Alex The Analyst,Learn ETL Pipelines in Databricks in Under 1 Hour | Data Engineering in Databricks,2026-04-28 12:00:57+00:00,27,Data Analyst|Data Analyst job|Data Analyst Career|Data Analytics|Alex The Analyst,PT1H4M56S,11595,366,9,2026-05-26 13:34:37,3896,3.2342,2026,4,Tuesday
SSz7HiyQN1M,Alex The Analyst,Full End-to-End Data Engineering Project in Databricks,2026-04-21 12:00:48+00:00,27,Data Analyst|Data Analyst job|Data Analyst Career|Data Analytics|Alex The Analyst,PT23M51S,12185,333,18,2026-05-26 13:34:37,1431,2.8806,2026,4,Tuesday
XCPleirm-ZY,Alex The Analyst,Alex The Analyst April Livestream!,2026-04-17 16:07:43+00:00,27,Data Analyst|Data Analyst job|Data Analyst Career|Data Analytics|Alex The Analyst|livestream,PT1H22M15S,4747,151,4,2026-05-26 13:34:37,4935,3.2652,2026,4,Friday
p4pdx6iWotU,Alex The Analyst,Job Orchestration in Databricks | Data Engineering in Databricks,2026-04-14 12:01:35+00:00,27,Data Analyst|Data Analyst job|Data Analyst Career|Data Analytics|Alex The Analyst,PT12M49S,4251,109,6,2026-05-26 13:34:37,769,2.7052,2026,4,Tuesday
rW8QT4OStXQ,Alex The Analyst,Building ETL Pipelines in Databricks | Data Engineering in Databricks,2026-04-07 12:01:38+00:00,27,Data Analyst|Data Analyst job|Data Analyst Career|Data Analytics|Alex The Analyst,PT21M26S,11466,327,11,2026-05-26 13:34:37,1286,2.9478,2026,4,Tuesday
oatwHam_m3I,Alex The Analyst,ETL vs ELT,2026-04-02 12:20:59+00:00,27,Data Analyst|Data Analyst job|Data Analyst Career|Data Analytics|Alex The Analyst,PT51S,7523,314,7,2026-05-26 13:34:37,51,4.2669,2026,4,Thursday
hEv5y_s0L3c,Alex The Analyst,Ingesting Data into Databricks | Data Engineering in Databricks,2026-03-31 12:00:54+00:00,27,Data Analyst|Data Analyst job|Data Analyst Career|Data Analytics|Alex The Analyst,PT8M30S,8626,269,17,2026-05-26 13:34:37,510,3.3156,2026,3,Tuesday
K_VPF9URZo4,Alex The Analyst,Semantic Layers in the Age of AI are 100% Needed,2026-03-24 12:00:30+00:00,27,Data Analyst|Data Analyst job|Data Analyst Career|Data Analytics|Alex The Analyst,PT6M12S,8312,283,15,2026-05-26 13:34:37,372,3.5852,2026,3,Tuesday
GqQakVQCnEo,Alex The Analyst,Microsoft Copilot Cowork Just Launched | Here's What You Need to Know,2026-03-17 12:00:26+00:00,27,Data Analyst|Data Analyst job|Data Analyst Career|Data Analytics|Alex The Analyst,PT8M56S,36882,616,48,2026-05-26 13:34:37,536,1.8003,2026,3,Tuesday
uX9ByOx0CGc,Alex The Analyst,Claude in Excel - Better than Copilot?,2026-03-10 12:01:38+00:00,27,Data Analyst|Data Analyst job|Data Analyst Career|Data Analytics|Alex The Analyst,PT16M55S,18210,450,28,2026-05-26 13:34:37,1015,2.6249,2026,3,Tuesday
Lipla15qOmc,Alex The Analyst,Alex The Analyst March Livestream!,2026-03-05 15:17:03+00:00,27,Data Analyst|Data Analyst job|Data Analyst Career|Data Analytics|Alex The Analyst|livestream,PT1H16M55S,4897,147,7,2026-05-26 13:34:37,4615,3.1448,2026,3,Thursday
nizvj7xAwq8,Alex The Analyst,Learn IDP in Databricks in Under 2 Hours!,2026-03-03 13:01:32+00:00,27,Data Analyst|Data Analyst job|Data Analyst Career|Data Analytics|Alex The Analyst,PT1H17M40S,4432,110,8,2026-05-26 13:34:37,4660,2.6625,2026,3,Tuesday
jvg60_1JSx0,Alex The Analyst,End-To-End IDP Project in Databricks | PDFs to Useable Data in 30 Minutes,2026-02-24 13:01:14+00:00,27,Data Analyst|Data Analyst job|Data Analyst Career|Data Analytics|Alex The Analyst,PT36M32S,7289,210,6,2026-05-26 13:34:37,2192,2.9634,2026,2,Tuesday
bgi96tG2y9U,Alex The Analyst,Ai_classify in Databricks,2026-02-17 13:00:59+00:00,27,Data Analyst|Data Analyst job|Data Analyst Career|Data Analytics|Alex The Analyst,PT8M38S,3268,64,6,2026-05-26 13:34:37,518,2.142,2026,2,Tuesday
kQ7Es0m82bs,Alex The Analyst,Ai_extract in Databricks,2026-02-10 13:01:30+00:00,27,Data Analyst|Data Analyst job|Data Analyst Career|Data Analytics|Alex The Analyst,PT11M5S,3489,77,9,2026-05-26 13:34:37,665,2.4649,2026,2,Tuesday
3rOk2sIp9P4,Alex The Analyst,Ai_Parse_Document in Databricks | Pulling Text and Tabular Data from PDFs,2026-02-03 13:00:07+00:00,27,Data Analyst|Data Analyst job|Data Analyst Career|Data Analytics|Alex The Analyst,PT14M44S,4354,113,10,2026-05-26 13:34:37,884,2.825,2026,2,Tuesday
ItzSyfNEptk,Alex The Analyst,What is IDP in Databricks?,2026-01-27 13:00:39+00:00,27,Data Analyst|Data Analyst job|Data Analyst Career|Data Analytics|Alex The Analyst,PT8M7S,5363,148,11,2026-05-26 13:34:37,487,2.9648,2026,1,Tuesday
VmU_5RuqUB8,Alex The Analyst,How to Collaborate in Data Roles | Soft Skills in Tech,2026-01-20 13:01:05+00:00,27,Data Analyst|Data Analyst job|Data Analyst Career|Data Analytics|Alex The Analyst,PT8M9S,3723,146,11,2026-05-26 13:34:37,489,4.217,2026,1,Tuesday
pzovb0o822Y,Alex The Analyst,How to Learn to Solve Problems | Problem Solving Lifecycle | Soft Skills in Tech,2026-01-13 13:01:53+00:00,27,Data Analyst|Data Analyst job|Data Analyst Career|Data Analytics|Alex The Analyst,PT9M21S,10559,462,18,2026-05-26 13:34:37,561,4.5459,2026,1,Tuesday
pOWdsMPeRvo,Alex The Analyst,Communication in Data Roles | Soft Skills in Tech,2026-01-06 13:01:46+00:00,27,Data Analyst|Data Analyst job|Data Analyst Career|Data Analytics|Alex The Analyst,PT15M45S,10388,464,30,2026-05-26 13:34:37,945,4.7555,2026,1,Tuesday
mCSbYbXWmH0,Alex The Analyst,"What Does a Data Analyst Do: Meetings, Data, Excel, SQL",2025-12-30 13:01:41+00:00,27,Data Analyst|Data Analyst job|Data Analyst Career|Data Analytics|Alex The Analyst,PT6M25S,12205,446,29,2026-05-26 13:34:37,385,3.8918,2025,12,Tuesday
JWczuteySBM,Alex The Analyst,"Day in the Life of a Data Analyst: Meetings, SQL, So Much Food",2025-12-23 13:00:40+00:00,27,Data Analyst|Data Analyst job|Data Analyst Career|Data Analytics|Alex The Analyst,PT11M20S,11615,417,33,2026-05-26 13:34:37,680,3.8743,2025,12,Tuesday
fF8erdGR7S8,Alex The Analyst,Data Analyst Salary in 2025: $50k to $175k,2025-12-16 13:01:15+00:00,27,Data Analyst|Data Analyst job|Data Analyst Career|Data Analytics|Alex The Analyst,PT9M21S,8323,290,49,2026-05-26 13:34:37,561,4.0731,2025,12,Tuesday
CoqZTt528ew,Alex The Analyst,Learn Databricks in Under 2 Hours,2025-12-09 13:00:23+00:00,27,Data Analyst|Data Analyst job|Data Analyst Career|Data Analytics|Alex The Analyst,PT1H40M15S,158321,2967,138,2026-05-26 13:34:37,6015,1.9612,2025,12,Tuesday
jegmI_hSx84,Alex The Analyst,Building an End-to-End Data Project in Databricks (Free Edition),2025-12-02 13:01:37+00:00,27,Data Analyst|Data Analyst job|Data Analyst Career|Data Analytics|Alex The Analyst|Databricks|databricks free edition|free edition databricks|learn databricks|databricks for data analysts|ai in databricks|databricks genie|how to use databricks,PT39M29S,35642,815,40,2026-05-26 13:34:37,2369,2.3989,2025,12,Tuesday
naFraZ1kMi8,Alex The Analyst,Genie and AI in Databricks,2025-11-25 13:00:42+00:00,27,Data Analyst|Data Analyst job|Data Analyst Career|Data Analytics|Alex The Analyst|Databricks|databricks free edition|free edition databricks|learn databricks|databricks for data analysts|ai in databricks|databricks genie|how to use databricks,PT19M4S,19563,416,22,2026-05-26 13:34:37,1144,2.2389,2025,11,Tuesday
3DZQopaf8xA,Alex The Analyst,Analyzing Data with SQL and Visualizations in Databricks,2025-11-18 13:00:07+00:00,27,Data Analyst|Data Analyst job|Data Analyst Career|Data Analytics|Alex The Analyst|Databricks|databricks free edition|free edition databricks|learn databricks|databricks for data analysts|ai in databricks|databricks genie|how to use databricks,PT21M,17844,530,29,2026-05-26 13:34:37,1260,3.1327,2025,11,Tuesday
QSzqvW4amMc,Alex The Analyst,Working with Data in Databricks (Free Edition),2025-11-11 13:00:54+00:00,27,Data Analyst|Data Analyst job|Data Analyst Career|Data Analytics|Alex The Analyst|Databricks|databricks free edition|free edition databricks|learn databricks|databricks for data analysts|ai in databricks|databricks genie|how to use databricks,PT13M17S,24556,724,50,2026-05-26 13:34:37,797,3.152,2025,11,Tuesday
Nr-pLhF0dmI,Alex The Analyst,Data is for Decision Making,2025-11-06 13:22:22+00:00,27,,PT51S,17455,817,10,2026-05-26 13:34:37,51,4.7379,2025,11,Thursday
fNQRQkx1SIQ,Alex The Analyst,Intro to Databricks (Free Edition) | UI Walkthrough,2025-11-04 13:01:34+00:00,27,Data Analyst|Data Analyst job|Data Analyst Career|Data Analytics|Alex The Analyst|Databricks|databricks free edition|free edition databricks|learn databricks|databricks for data analysts|ai in databricks|databricks genie|how to use databricks,PT10M45S,88294,2669,64,2026-05-26 13:34:37,645,3.0953,2025,11,Tuesday
AC4L_tbiwB8,Alex The Analyst,"Job Market in 2025: Over Saturated, Low-Paying, Helpless",2025-10-28 12:00:31+00:00,27,Data Analyst|Data Analyst job|Data Analyst Career|Data Analytics|Alex The Analyst,PT10M4S,27063,833,142,2026-05-26 13:34:37,604,3.6027,2025,10,Tuesday
LkMaNTLG0z0,Alex The Analyst,I just Turned 30 - What I've learned + Advice for You,2025-10-21 12:00:48+00:00,27,Data Analyst|Data Analyst job|Data Analyst Career|Data Analytics|Alex The Analyst,PT11M16S,15459,978,213,2026-05-26 13:34:37,676,7.7042,2025,10,Tuesday
0svyXh27sAc,Alex The Analyst,Analystbuilder.com to practice SQL and Python on your Phone!,2025-10-20 12:46:38+00:00,27,,PT28S,10739,318,13,2026-05-26 13:34:37,28,3.0822,2025,10,Monday
cMeYNpFch_A,Alex The Analyst,Excel is Key!,2025-10-16 12:15:55+00:00,27,,PT45S,10981,451,12,2026-05-26 13:34:37,45,4.2164,2025,10,Thursday
lLoJHifWTRw,Alex The Analyst,Learn Git and GitHub in 1 Hour!,2025-10-14 04:00:57+00:00,27,Data Analyst|Data Analyst job|Data Analyst Career|Data Analytics|Alex The Analyst,PT57M25S,48127,1244,40,2026-05-26 13:34:37,3445,2.6679,2025,10,Tuesday
usTbqD3BmyU,Alex The Analyst,Working with Git and GitHub Together,2025-10-07 12:01:32+00:00,27,Data Analyst|Data Analyst job|Data Analyst Career|Data Analytics|Alex The Analyst,PT11M11S,9105,172,6,2026-05-26 13:34:37,671,1.955,2025,10,Tuesday
Mh7f4P42IzQ,Alex The Analyst,Data Viz ain’t all that!,2025-10-03 11:52:23+00:00,27,,PT45S,12584,513,5,2026-05-26 13:34:37,45,4.1163,2025,10,Friday
KhORHy58Q-s,Alex The Analyst,Connecting Git to GitHub,2025-09-30 12:00:40+00:00,27,Data Analyst|Data Analyst job|Data Analyst Career|Data Analytics|Alex The Analyst,PT3M6S,14405,177,8,2026-05-26 13:34:37,186,1.2843,2025,9,Tuesday
Am3TErrQpNs,Alex The Analyst,Alex The Analyst Q/A Livestream | Come Ask Me Anything,2025-09-25 14:10:51+00:00,27,Data Analyst|Data Analyst job|Data Analyst Career|Data Analytics|Alex The Analyst|livestream,PT1H8M29S,3512,120,7,2026-05-26 13:34:37,4109,3.6162,2025,9,Thursday
_uKv_vxu398,Alex The Analyst,Branching and Merging in Git,2025-09-23 12:01:14+00:00,27,Data Analyst|Data Analyst job|Data Analyst Career|Data Analytics|Alex The Analyst,PT6M1S,5676,116,2,2026-05-26 13:34:37,361,2.0789,2025,9,Tuesday
36Uw2DZGIvQ,Alex The Analyst,Communication is very important,2025-09-19 12:25:58+00:00,27,,PT44S,7980,323,13,2026-05-26 13:34:37,44,4.2105,2025,9,Friday
--UrhIxxKFU,Alex The Analyst,Alex The Analyst Q/A Livestream | Come Ask Me Anything,2025-09-18 14:14:32+00:00,27,Data Analyst|Data Analyst job|Data Analyst Career|Data Analytics|Alex The Analyst|livestream,PT1H7M7S,2792,134,11,2026-05-26 13:34:37,4027,5.1934,2025,9,Thursday
zouVqtlHRHw,Alex The Analyst,Reverting Back to a Previous Commit in Git,2025-09-16 12:01:54+00:00,27,Data Analyst|Data Analyst job|Data Analyst Career|Data Analytics|Alex The Analyst,PT7M11S,9593,123,3,2026-05-26 13:34:37,431,1.3135,2025,9,Tuesday
ggPljOKc_C4,Alex The Analyst,Why you’re not getting Interviews,2025-09-12 11:41:07+00:00,27,,PT51S,9845,380,5,2026-05-26 13:34:37,51,3.9106,2025,9,Friday
XBhhfz0CUJY,Alex The Analyst,Alex The Analyst Q/A Livestream | Come Ask Me Anything,2025-09-12 06:55:47+00:00,27,Data Analyst|Data Analyst job|Data Analyst Career|Data Analytics|Alex The Analyst|livestream,PT1H5M41S,3117,115,10,2026-05-26 13:34:37,3941,4.0103,2025,9,Friday
SwtL-6w-B5c,Alex The Analyst,Basics of Git and using VS Code with Git,2025-09-09 12:00:50+00:00,27,Data Analyst|Data Analyst job|Data Analyst Career|Data Analytics|Alex The Analyst,PT16M4S,18129,370,4,2026-05-26 13:34:37,964,2.063,2025,9,Tuesday
6KGQpUg-y_8,Alex The Analyst,Alex The Analyst Q/A Livestream | Come Ask Me Anything,2025-09-04 14:07:30+00:00,27,Data Analyst|Data Analyst job|Data Analyst Career|Data Analytics|Alex The Analyst|livestream,PT1H3M16S,3297,134,7,2026-05-26 13:34:37,3796,4.2766,2025,9,Thursday
wDRoduig_98,Alex The Analyst,Installing and Setting up Git and GitHub,2025-09-02 12:01:51+00:00,27,Data Analyst|Data Analyst job|Data Analyst Career|Data Analytics|Alex The Analyst,PT7M14S,32866,572,14,2026-05-26 13:34:37,434,1.783,2025,9,Tuesday
Rcpidz-jnZQ,Alex The Analyst,SQL is King,2025-08-27 11:05:28+00:00,27,,PT45S,19772,872,22,2026-05-26 13:34:37,45,4.5215,2025,8,Wednesday
QzvA7r-WndM,Alex The Analyst,What is Git and GitHub?,2025-08-26 12:00:54+00:00,27,Data Analyst|Data Analyst job|Data Analyst Career|Data Analytics|Alex The Analyst,PT8M32S,29982,843,19,2026-05-26 13:34:37,512,2.8751,2025,8,Tuesday
yhlqKsYpzgE,Alex The Analyst,Alex The Analyst Q/A Livestream | Come Ask Me Anything,2025-08-21 14:09:29+00:00,27,Data Analyst|Data Analyst job|Data Analyst Career|Data Analytics|Alex The Analyst|livestream,PT1H1M13S,3398,129,11,2026-05-26 13:34:37,3673,4.1201,2025,8,Thursday
kk5zEOQzTmQ,Alex The Analyst,Data Visualization and Presentation in R | R for Data Analytics Series,2025-08-19 12:01:22+00:00,27,Data Analyst|Data Analyst job|Data Analyst Career|Data Analytics|Alex The Analyst,PT21M4S,5504,123,13,2026-05-26 13:34:37,1264,2.4709,2025,8,Tuesday
TP2OJuZhbIQ,Alex The Analyst,Things I Learned as a Data Analyst p1,2025-08-15 11:46:04+00:00,27,,PT38S,15834,560,20,2026-05-26 13:34:37,38,3.663,2025,8,Friday
Mi8st3hyMH8,Alex The Analyst,Alex The Analyst Q/A Livestream | Come Ask Me Anything,2025-08-14 14:18:24+00:00,27,Data Analyst|Data Analyst job|Data Analyst Career|Data Analytics|Alex The Analyst|livestream,PT1H6M7S,3076,114,8,2026-05-26 13:34:37,3967,3.9662,2025,8,Thursday
vAKs1-EEJ38,Alex The Analyst,How to Remove Duplicates in an R Dataframe | R for Data Analytics Series,2025-08-12 12:01:49+00:00,27,Data Analyst|Data Analyst job|Data Analyst Career|Data Analytics|Alex The Analyst,PT8M8S,3126,81,3,2026-05-26 13:34:37,488,2.6871,2025,8,Tuesday
-Z2KjOUcvTA,Alex The Analyst,Alex The Analyst Q/A Livestream | Come Ask Me Anything,2025-08-07 14:31:54+00:00,27,Data Analyst|Data Analyst job|Data Analyst Career|Data Analytics|Alex The Analyst|livestream,PT1H5M44S,3238,112,19,2026-05-26 13:34:37,3944,4.0457,2025,8,Thursday
v5jasYkmwZI,Alex The Analyst,Standardizing and Parsing Dates in R  using Lubridate | R for Data Analytics Series,2025-08-05 12:01:44+00:00,27,Data Analyst|Data Analyst job|Data Analyst Career|Data Analytics|Alex The Analyst,PT8M26S,2320,55,6,2026-05-26 13:34:37,506,2.6293,2025,8,Tuesday
kqhJff8ruKw,Alex The Analyst,Traditional applying to jobs is dead.,2025-08-01 12:53:29+00:00,27,,PT58S,21096,854,30,2026-05-26 13:34:37,58,4.1904,2025,8,Friday
QR8kxf925IQ,Alex The Analyst,Alex The Analyst Q/A Livestream | Come Ask Me Anything,2025-07-31 14:45:09+00:00,27,Data Analyst|Data Analyst job|Data Analyst Career|Data Analytics|Alex The Analyst|livestream,PT1H10M11S,3509,153,13,2026-05-26 13:34:37,4211,4.7307,2025,7,Thursday
klKWFqsqFeI,Alex The Analyst,Handling Missing Data in R | R for Data Analytics Series,2025-07-29 12:01:31+00:00,27,Data Analyst|Data Analyst job|Data Analyst Career|Data Analytics|Alex The Analyst,PT13M10S,3313,78,7,2026-05-26 13:34:37,790,2.5657,2025,7,Tuesday
XIWe4vCtHcY,Alex The Analyst,Alex The Analyst Q/A Livestream | Come Ask Me Anything,2025-07-24 14:06:55+00:00,27,Data Analyst|Data Analyst job|Data Analyst Career|Data Analytics|Alex The Analyst|livestream,PT1H4M8S,3863,140,6,2026-05-26 13:34:37,3848,3.7794,2025,7,Thursday
PqCp1f0RIaU,Alex The Analyst,Don’t jump into Power BI first,2025-07-23 12:47:30+00:00,27,,PT48S,556766,10704,135,2026-05-26 13:34:37,48,1.9468,2025,7,Wednesday
0B-lz9VQkYs,Alex The Analyst,Grouping and Aggregating Data in R | R for Data Analytics Series,2025-07-22 12:00:02+00:00,27,Data Analyst|Data Analyst job|Data Analyst Career|Data Analytics|Alex The Analyst,PT8M17S,3164,57,5,2026-05-26 13:34:37,497,1.9595,2025,7,Tuesday
_YG8b1g-QJA,Alex The Analyst,Getting Buy-in is a very difficult skill to learn,2025-07-18 12:11:49+00:00,27,,PT51S,7603,230,6,2026-05-26 13:34:37,51,3.104,2025,7,Friday
UT_hTGge_wc,Alex The Analyst,Alex The Analyst Q/A Livestream | Come Ask Me Anything,2025-07-17 14:41:40+00:00,27,Data Analyst|Data Analyst job|Data Analyst Career|Data Analytics|Alex The Analyst|livestream,PT1H22M49S,4666,202,14,2026-05-26 13:34:37,4969,4.6292,2025,7,Thursday
A42T_b0gwF4,Alex The Analyst,Filtering and Ordering Data in R | R for Data Analytics Series,2025-07-15 12:00:18+00:00,27,Data Analyst|Data Analyst job|Data Analyst Career|Data Analytics|Alex The Analyst,PT13M47S,4123,81,6,2026-05-26 13:34:37,827,2.1101,2025,7,Tuesday
8NfozskpBtY,Alex The Analyst,If I got hired today here’s exactly what I would do!,2025-07-11 11:34:46+00:00,27,,PT1M13S,15500,825,10,2026-05-26 13:34:37,73,5.3871,2025,7,Friday
lpK71OwmG0s,Alex The Analyst,Alex The Analyst Q/A Livestream | Come Ask Me Anything,2025-07-10 14:21:00+00:00,27,Data Analyst|Data Analyst job|Data Analyst Career|Data Analytics|Alex The Analyst|livestream,PT1H16M18S,5468,235,18,2026-05-26 13:34:37,4578,4.6269,2025,7,Thursday
QC1Jased-PA,Alex The Analyst,Reading and Writing Files in R | R for Data Analytics Series,2025-07-08 12:00:56+00:00,27,Data Analyst|Data Analyst job|Data Analyst Career|Data Analytics|Alex The Analyst,PT10M20S,3657,83,6,2026-05-26 13:34:37,620,2.4337,2025,7,Tuesday
O5nQKzBb0oc,Alex The Analyst,Operators in R | R for Data Analytics Series,2025-07-01 12:00:58+00:00,27,Data Analyst|Data Analyst job|Data Analyst Career|Data Analytics|Alex The Analyst,PT11M48S,6021,123,8,2026-05-26 13:34:37,708,2.1757,2025,7,Tuesday
73S2SJSTgQU,Alex The Analyst,"Basics of R | Environment, Variables, Data Types | R for Data Analytics Series",2025-06-24 12:00:13+00:00,27,Data Analyst|Data Analyst job|Data Analyst Career|Data Analytics|Alex The Analyst,PT11M29S,18254,204,11,2026-05-26 13:34:37,689,1.1778,2025,6,Tuesday
TsnGd6p9oTk,Alex The Analyst,Installing R and R Studio | R for Data Analytics Series,2025-06-17 12:00:48+00:00,27,Data Analyst|Data Analyst job|Data Analyst Career|Data Analytics|Alex The Analyst,PT5M59S,32552,414,13,2026-05-26 13:34:37,359,1.3117,2025,6,Tuesday
DsI1vG-kXR8,Alex The Analyst,Best Resources to Learn Data Analytics in 2025,2025-06-10 12:00:19+00:00,27,Data Analyst|Data Analyst job|Data Analyst Career|Data Analytics|Alex The Analyst,PT6M47S,29923,1132,49,2026-05-26 13:34:37,407,3.9468,2025,6,Tuesday
4lhPHhPkVLM,Alex The Analyst,Best Resources to Learn Data Visualization in 2025,2025-06-03 12:00:19+00:00,27,Data Analyst|Data Analyst job|Data Analyst Career|Data Analytics|Alex The Analyst,PT4M28S,16642,433,30,2026-05-26 13:34:37,268,2.7821,2025,6,Tuesday
dkU5n0G7FRQ,Alex The Analyst,Best Resources to Learn Excel in 2025,2025-05-27 12:01:27+00:00,27,Data Analyst|Data Analyst job|Data Analyst Career|Data Analytics|Alex The Analyst,PT4M49S,22749,936,15,2026-05-26 13:34:37,289,4.1804,2025,5,Tuesday
kagUDLvrcZ8,Alex The Analyst,Best Resources to Learn Python in 2025,2025-05-20 12:01:32+00:00,27,Data Analyst|Data Analyst job|Data Analyst Career|Data Analytics|Alex The Analyst,PT5M9S,27874,922,50,2026-05-26 13:34:37,309,3.4871,2025,5,Tuesday
P5uJYPjUtlc,Alex The Analyst,Best Resources to Learn SQL in 2025,2025-05-13 12:00:49+00:00,27,Data Analyst|Data Analyst job|Data Analyst Career|Data Analytics|Alex The Analyst,PT6M11S,34169,1145,36,2026-05-26 13:34:37,371,3.4563,2025,5,Tuesday
dStNNjOKML4,Alex The Analyst,How to Practice for General Technical Interviews | Analyst Builder,2025-05-06 12:01:11+00:00,27,Data Analyst|Data Analyst job|Data Analyst Career|Data Analytics|Alex The Analyst,PT10M21S,5817,193,18,2026-05-26 13:34:37,621,3.6273,2025,5,Tuesday
OQM9x6E3ojo,Alex The Analyst,How to Lie with Data | Biased Data Collection,2025-04-29 12:00:46+00:00,27,Data Analyst|Data Analyst job|Data Analyst Career|Data Analytics|Alex The Analyst,PT4M22S,3836,108,12,2026-05-26 13:34:37,262,3.1283,2025,4,Tuesday
z39SB95JbDo,Alex The Analyst,How to Lie with Data | Correlations,2025-04-22 12:01:50+00:00,27,Data Analyst|Data Analyst job|Data Analyst Career|Data Analytics|Alex The Analyst,PT3M33S,3681,135,18,2026-05-26 13:34:37,213,4.1565,2025,4,Tuesday
W5CQb7klLCs,Alex The Analyst,How to Lie with Data | Cherry Picking Data,2025-04-15 12:00:53+00:00,27,Data Analyst|Data Analyst job|Data Analyst Career|Data Analytics|Alex The Analyst,PT4M12S,4232,165,8,2026-05-26 13:34:37,252,4.0879,2025,4,Tuesday
xb5-UX-jYw0,Alex The Analyst,How to Lie with Data | Averages,2025-04-08 12:01:32+00:00,27,Data Analyst|Data Analyst job|Data Analyst Career|Data Analytics|Alex The Analyst,PT6M47S,4674,238,15,2026-05-26 13:34:37,407,5.4129,2025,4,Tuesday
V3ouFOBQP0k,Alex The Analyst,How to Lie with Data | Percentages and Baseline Numbers,2025-04-01 12:00:46+00:00,27,Data Analyst|Data Analyst job|Data Analyst Career|Data Analytics|Alex The Analyst,PT5M18S,4956,230,11,2026-05-26 13:34:37,318,4.8628,2025,4,Tuesday
oi9W142ELN0,Alex The Analyst,1 Million YouTube Play Button Unboxing!,2025-03-25 12:01:10+00:00,27,Data Analyst|Data Analyst job|Data Analyst Career|Data Analytics|Alex The Analyst,PT7M40S,3782,249,81,2026-05-26 13:34:37,460,8.7255,2025,3,Tuesday
5n52mlp9Ym0,Alex The Analyst,Maven Analytics + Analyst Builder Lifetime Access (Ends March 31st),2025-03-24 12:00:07+00:00,27,Data Analyst|Data Analyst job|Data Analyst Career|Data Analytics|Alex The Analyst,PT5M15S,9667,265,42,2026-05-26 13:34:37,315,3.1758,2025,3,Monday
hgp91KvbJV4,Alex The Analyst,How to Lie with Data | Misleading Graphs,2025-03-18 12:01:07+00:00,27,Data Analyst|Data Analyst job|Data Analyst Career|Data Analytics|Alex The Analyst,PT5M26S,8081,322,22,2026-05-26 13:34:37,326,4.2569,2025,3,Tuesday
1ql4kNv0_qY,Alex The Analyst,Where to find the Best Healthcare Data,2025-03-11 12:00:02+00:00,27,Data Analyst|Data Analyst job|Data Analyst Career|Data Analytics|Alex The Analyst,PT7M51S,11632,569,26,2026-05-26 13:34:37,471,5.1152,2025,3,Tuesday
r5512UY3MTc,Alex The Analyst,1 Million Subscriber Livestream!! Giveaways + Chat,2025-03-05 17:07:10+00:00,27,Data Analyst|Data Analyst job|Data Analyst Career|Data Analytics|Alex The Analyst|livestream,PT1H40M14S,10389,666,68,2026-05-26 13:34:37,6014,7.0652,2025,3,Wednesday
XuOcmjIbFGg,Alex The Analyst,"Taking a look at Real Healthcare Data | ICD11, CPT, HCPCS, Claims",2025-03-04 13:00:44+00:00,27,Data Analyst|Data Analyst job|Data Analyst Career|Data Analytics|Alex The Analyst,PT15M16S,15068,641,38,2026-05-26 13:34:37,916,4.5062,2025,3,Tuesday
Ka2mDrKEAhg,Alex The Analyst,How to Become a Healthcare Analyst in 2025,2025-02-25 13:00:21+00:00,27,Data Analyst|Data Analyst job|Data Analyst Career|Data Analytics|Alex The Analyst,PT17M52S,49770,2240,216,2026-05-26 13:34:37,1072,4.9347,2025,2,Tuesday
k8nBWL6K884,Alex The Analyst,What is Healthcare Analytics?,2025-02-18 13:01:11+00:00,27,Data Analyst|Data Analyst job|Data Analyst Career|Data Analytics|Alex The Analyst,PT10M56S,44662,1838,93,2026-05-26 13:34:37,656,4.3236,2025,2,Tuesday
WpX2F2BS3Qc,Alex The Analyst,What is Data Cleaning? | Data Fundamentals for Beginners,2025-02-11 13:00:47+00:00,27,Data Analyst|Data Analyst job|Data Analyst Career|Data Analytics|Alex The Analyst,PT7M4S,74048,1881,34,2026-05-26 13:34:37,424,2.5862,2025,2,Tuesday
cd_jj0IRmaA,Alex The Analyst,What is Data Collection? | Data Fundamentals for Beginners,2025-02-04 13:00:52+00:00,27,Data Analyst|Data Analyst job|Data Analyst Career|Data Analytics|Alex The Analyst,PT4M43S,34059,975,19,2026-05-26 13:34:37,283,2.9185,2025,2,Tuesday
OcG0B4ny1cE,Alex The Analyst,What are File Types? | Data Fundamentals for Beginners,2025-01-28 13:00:34+00:00,27,Data Analyst|Data Analyst job|Data Analyst Career|Data Analytics|Alex The Analyst,PT6M27S,19908,558,10,2026-05-26 13:34:37,387,2.8531,2025,1,Tuesday
hXpt8zj_ajc,Alex The Analyst,What are Data Types? | Data Fundamentals for Beginners,2025-01-21 13:00:55+00:00,27,Data Analyst|Data Analyst job|Data Analyst Career|Data Analytics|Alex The Analyst,PT4M54S,22321,632,20,2026-05-26 13:34:37,294,2.921,2025,1,Tuesday
ItZlTixh6Bs,Alex The Analyst,What are KPIs and Metrics? | Data Fundamental for Beginners,2025-01-14 13:00:34+00:00,27,Data Analyst|Data Analyst job|Data Analyst Career|Data Analytics|Alex The Analyst,PT5M46S,50659,1691,41,2026-05-26 13:34:38,346,3.4189,2025,1,Tuesday
PEWMgtu-1e4,Alex The Analyst,What is Data? | Data Fundamentals for Beginners,2025-01-07 13:00:35+00:00,27,Data Analyst|Data Analyst job|Data Analyst Career|Data Analytics|Alex The Analyst,PT6M56S,43416,1263,45,2026-05-26 13:34:38,416,3.0127,2025,1,Tuesday
hCmEfxy-BXg,Alex The Analyst,Is Big Tech Overrated in 2025? | Alex The Analyst Show Episode 28,2024-12-31 13:01:01+00:00,27,Data Analyst|Data Analyst job|Data Analyst Career|Data Analytics|Alex The Analyst,PT34M52S,9099,312,67,2026-05-26 13:34:38,2092,4.1653,2024,12,Tuesday
TtCBz1lutsY,Alex The Analyst,Most Commonly Asked Questions by Aspiring Data Analysts,2024-12-24 13:00:39+00:00,27,Data Analyst|Data Analyst job|Data Analyst Career|Data Analytics|Alex The Analyst,PT11M58S,16555,769,35,2026-05-26 13:34:38,718,4.8565,2024,12,Tuesday
Ihmq-qeA5Pc,Alex The Analyst,My Career Progression 7+ Years | Recreational Therapist to Data Analyst | Alex The Analyst Show 27,2024-12-17 13:30:12+00:00,27,Data Analyst|Data Analyst job|Data Analyst Career|Data Analytics|Alex The Analyst,PT37M17S,9204,394,125,2026-05-26 13:34:38,2237,5.6389,2024,12,Tuesday
wQQR60KtnFY,Alex The Analyst,"Ultimate Data Analyst Bootcamp [24 Hours!] for FREE | SQL, Excel, Tableau, Power BI, Python, Azure",2024-12-10 05:00:49+00:00,27,Data Analyst|Data Analyst job|Data Analyst Career|Data Analytics|Alex The Analyst|Data analyst bootcamp|free data analyst bootcamp|data bootcamp|sql bootcamp|python bootcamp|excel bootcamp|bootcamp,PT23H32M48S,1174254,42179,1423,2026-05-26 13:34:38,84768,3.7132,2024,12,Tuesday
oHte3qFa-oY,Alex The Analyst,"Learn AWS for Analytics in Under 2 Hours | S3, Athena, Glue, Glue DataBrew, Quicksight",2024-12-03 13:00:56+00:00,27,Data Analyst|Data Analyst job|Data Analyst Career|Data Analytics|Alex The Analyst,PT1H41M37S,47290,1181,46,2026-05-26 13:34:38,6097,2.5946,2024,12,Tuesday
P7p2OZj9ewU,Alex The Analyst,"Learn Azure for Analytics in Under 90 Minutes | Azure Synapse Analytics, SQL Databases, ADF + More",2024-11-26 13:00:27+00:00,27,Data Analyst|Data Analyst job|Data Analyst Career|Data Analytics|Alex The Analyst,PT1H17M17S,27071,618,26,2026-05-26 13:34:38,4637,2.3789,2024,11,Tuesday
I0vQ_VLZTWg,Alex The Analyst,"Learn Power BI in Under 3 Hours | Formatting, Visualizations, Dashboards + Full Project",2024-11-19 13:00:31+00:00,27,Data Analyst|Data Analyst job|Data Analyst Career|Data Analytics|Alex The Analyst,PT2H5M18S,768008,12041,349,2026-05-26 13:34:38,7518,1.6133,2024,11,Tuesday
tnz72ywhCoo,Alex The Analyst,Coding with R and AI Now on Analyst Builder!,2024-11-12 13:01:10+00:00,27,Data Analyst|Data Analyst job|Data Analyst Career|Data Analytics|Alex The Analyst,PT8M21S,6604,189,16,2026-05-26 13:34:38,501,3.1042,2024,11,Tuesday
j8FSP8XuFyk,Alex The Analyst,"Learn Tableau in Under 2 hours | Dashboards, Relationships, Visualizations + Mini Project",2024-11-05 13:01:16+00:00,27,Data Analyst|Data Analyst job|Data Analyst Career|Data Analytics|Alex The Analyst,PT1H30M10S,361618,5929,137,2026-05-26 13:34:38,5410,1.6775,2024,11,Tuesday
zXnQNytHCPM,Alex The Analyst,"Learn Excel in Under 3 Hours | Pivot Tables, Lookups, Data Cleaning",2024-10-29 12:01:19+00:00,27,Data Analyst|Data Analyst job|Data Analyst Career|Data Analytics|Alex The Analyst,PT2H38M36S,178111,3865,115,2026-05-26 13:34:38,9516,2.2346,2024,10,Tuesday
osA1QpBcxRs,Alex The Analyst,Nobody cares... so just do it!,2024-10-24 12:17:57+00:00,27,,PT36S,22948,2074,60,2026-05-26 13:34:38,36,9.2993,2024,10,Thursday
Mdq1WWSdUtw,Alex The Analyst,"Learn Pandas in Under 3 Hours | Filtering, Joins, Indexing, Data Cleaning, Visualizations",2024-10-22 12:00:28+00:00,27,Data Analyst|Data Analyst job|Data Analyst Career|Data Analytics|Alex The Analyst,PT2H40M7S,136708,2909,92,2026-05-26 13:34:38,9607,2.1952,2024,10,Tuesday
CZt2BUpgjgw,Alex The Analyst,Free Data Analyst Bootcamp 2024,2024-10-17 11:52:50+00:00,27,,PT31S,18526,1246,43,2026-05-26 13:34:38,31,6.9578,2024,10,Thursday
t1fQBD4B7xk,Alex The Analyst,"Learn Python in Under 3 Hours | Variables, For Loops, Web Scraping + Full Project",2024-10-15 12:01:10+00:00,27,Data Analyst|Data Analyst job|Data Analyst Career|Data Analytics|Alex The Analyst,PT2H32M1S,72521,1681,57,2026-05-26 13:34:38,9121,2.3965,2024,10,Tuesday
OT1RErkfLNQ,Alex The Analyst,Learn SQL Beginner to Advanced in Under 4 Hours,2024-10-08 12:00:27+00:00,27,Data Analyst|Data Analyst job|Data Analyst Career|Data Analytics|Alex The Analyst,PT4H4M58S,1511544,28385,1013,2026-05-26 13:34:38,14698,1.9449,2024,10,Tuesday
rxyLC247h6E,Alex The Analyst,AWS Quicksight | AWS Essentials,2024-10-01 12:00:58+00:00,27,Data Analyst|Data Analyst job|Data Analyst Career|Data Analytics|Alex The Analyst,PT12M10S,39684,514,19,2026-05-26 13:34:38,730,1.3431,2024,10,Tuesday
AycpRKyRagE,Alex The Analyst,AWS Glue DataBrew and Glue | AWS Essentials,2024-09-24 12:00:16+00:00,27,Data Analyst|Data Analyst job|Data Analyst Career|Data Analytics|Alex The Analyst|aws glue|aws glue databrew|glue|glue aws|glue tutorial,PT45M32S,15122,220,13,2026-05-26 13:34:38,2732,1.5408,2024,9,Tuesday
K2GfrERtliU,Alex The Analyst,Amazon Athena in AWS | AWS Fundamentals,2024-09-17 12:00:24+00:00,27,Data Analyst|Data Analyst job|Data Analyst Career|Data Analytics|Alex The Analyst|aws athena|athena|athena tutorial,PT24M33S,23898,385,12,2026-05-26 13:34:38,1473,1.6612,2024,9,Tuesday
xmVyaT-RuVo,Alex The Analyst,Alex Freberg and Ben Rogojan Livestream | Everything Data Analytics and Data Engineering,2024-09-11 03:20:13+00:00,27,,PT1H15M16S,6109,199,8,2026-05-26 13:34:38,4516,3.3884,2024,9,Wednesday
amb9bciHGSI,Alex The Analyst,Landing a Data Job Course on Analyst Builder,2024-09-03 12:00:05+00:00,27,Data Analyst|Data Analyst job|Data Analyst Career|Data Analytics|Alex The Analyst,PT8M20S,24256,825,96,2026-05-26 13:34:38,500,3.797,2024,9,Tuesday
hgaVi4sOHkM,Alex The Analyst,S3 Storage in AWS | AWS Essentials,2024-08-27 12:00:47+00:00,27,Data Analyst|Data Analyst job|Data Analyst Career|Data Analytics|Alex The Analyst|s3|s3 buckets|s3 tutorial|tutorial for s3|s3 bucket tutorial,PT14M38S,18557,291,14,2026-05-26 13:34:38,878,1.6436,2024,8,Tuesday
YSjbGET6R1A,Alex The Analyst,AWS Setup and UI Walkthough | AWS,2024-08-20 12:00:41+00:00,27,Data Analyst|Data Analyst job|Data Analyst Career|Data Analytics|Alex The Analyst|aws setup|aws account|how to setup aws|aws ui|aws ui walkthrough,PT7M21S,21857,392,15,2026-05-26 13:34:38,441,1.8621,2024,8,Tuesday
vDVcXXfc9e8,Alex The Analyst,Getting Started in Azure Synapse Analytics | Azure Fundamentals,2024-08-13 12:01:05+00:00,27,Data Analyst|Data Analyst job|Data Analyst Career|Data Analytics|Alex The Analyst|azure|azure synapse|azure synapse analytics|synapse analytics tutorials|azure synapse tutorial,PT19M37S,46539,614,19,2026-05-26 13:34:38,1177,1.3601,2024,8,Tuesday
Vg6ys_JvXzg,Alex The Analyst,August Q/A Livestream! Come Ask Me Anything!,2024-08-09 15:17:26+00:00,27,Data Analyst|Data Analyst job|Data Analyst Career|Data Analytics|Alex The Analyst|livestream,PT1H38M24S,5378,222,18,2026-05-26 13:34:38,5904,4.4626,2024,8,Friday
sge9qTf8GdY,Alex The Analyst,Getting Started in Azure Data Factory | Azure Fundamentals,2024-08-06 12:00:57+00:00,27,Data Analyst|Data Analyst job|Data Analyst Career|Data Analytics|Alex The Analyst|azure|azure data factory|azure data factory tutorial,PT24M31S,63646,935,41,2026-05-26 13:34:38,1471,1.5335,2024,8,Tuesday
9ur0OpMADuM,Alex The Analyst,How to use Azure SQL Databases | Azure Fundamentals,2024-07-30 12:00:10+00:00,27,Data Analyst|Data Analyst job|Data Analyst Career|Data Analytics|Alex The Analyst|azure|azure sql databases|sql databases in azure,PT13M46S,68090,1094,35,2026-05-26 13:34:38,826,1.6581,2024,7,Tuesday
UTMuL_86gSQ,Alex The Analyst,Complete Data Analyst Roadmap on Analyst Builder | Become a Data Analyst Faster!,2024-07-25 12:00:34+00:00,27,Data Analyst|Data Analyst job|Data Analyst Career|Data Analytics|Alex The Analyst,PT6M7S,64011,1780,167,2026-05-26 13:34:38,367,3.0417,2024,7,Thursday
sEImMaovc1Q,Alex The Analyst,Blob Storage and Storage Accounts in Azure | Azure Fundamentals,2024-07-23 12:01:00+00:00,27,Data Analyst|Data Analyst job|Data Analyst Career|Data Analytics|Alex The Analyst|azure storage accounts|azure storage|azure|azure storing data,PT15M41S,24541,429,14,2026-05-26 13:34:38,941,1.8051,2024,7,Tuesday
ZYps6TmBkWk,Alex The Analyst,Azure Account Setup + $200 Free Credits | Azure Fundamentals,2024-07-16 12:00:38+00:00,27,Data Analyst|Data Analyst job|Data Analyst Career|Data Analytics|Alex The Analyst|azure|azure setup|azure ui|azure walkthrough,PT6M37S,37215,676,31,2026-05-26 13:34:38,397,1.8998,2024,7,Tuesday
zv1nfZTYpio,Alex The Analyst,Building a Fully Interactive Web App using Shiny for Python,2024-07-09 12:01:07+00:00,27,Data Analyst|Data Analyst job|Data Analyst Career|Data Analytics|Alex The Analyst|shiny project|shiny full project|shiny tutorial,PT59M52S,18996,415,25,2026-05-26 13:34:38,3592,2.3163,2024,7,Tuesday
rn0dSsYXhIE,Alex The Analyst,Shiny for Python Components and Layouts | Customizing You Web App,2024-07-02 12:01:00+00:00,27,Data Analyst|Data Analyst job|Data Analyst Career|Data Analytics|Alex The Analyst|shiny|shiny components|shiny layouts|shiny tutorials,PT24M8S,6810,183,13,2026-05-26 13:34:38,1448,2.8781,2024,7,Tuesday
siHou7lObbo,Alex The Analyst,Shiny for Python Setup and Install | Deploying First Shiny App,2024-06-25 12:00:53+00:00,27,Data Analyst|Data Analyst job|Data Analyst Career|Data Analytics|Alex The Analyst|shiny|shiny for python|python shiny|shiny for python setup|shiny setup,PT14M24S,17046,387,41,2026-05-26 13:34:38,864,2.5109,2024,6,Tuesday
wJiJXD7MVoY,Alex The Analyst,Is the Economy on the Brink of a Recession? | Let's Look at the Data!,2024-06-18 12:00:06+00:00,27,Data Analyst|Data Analyst job|Data Analyst Career|Data Analytics|Alex The Analyst|economy|economic data|how is the economy doing|economy data|data about economy|will economy get better|will economy get worse,PT21M19S,13872,808,130,2026-05-26 13:34:38,1279,6.7618,2024,6,Tuesday
BzwAZ1k3WEY,Alex The Analyst,Top 5 Most Common Excel Functions in Excel,2024-06-11 12:00:10+00:00,27,Data Analyst|Data Analyst job|Data Analyst Career|Data Analytics|Alex The Analyst,PT16M47S,10384,407,9,2026-05-26 13:34:38,1007,4.0062,2024,6,Tuesday
5q2u8__sVhs,Alex The Analyst,5 Awesome Excel Functions You've Probably Never Heard Of,2024-06-04 12:00:09+00:00,27,Data Analyst|Data Analyst job|Data Analyst Career|Data Analytics|Alex The Analyst,PT14M4S,7124,246,17,2026-05-26 13:34:38,844,3.6917,2024,6,Tuesday
UJbNEH0_nGY,Alex The Analyst,How to Create Custom Functions in Excel | Lambda Functions,2024-05-28 12:00:23+00:00,27,Data Analyst|Data Analyst job|Data Analyst Career|Data Analytics|Alex The Analyst,PT16M34S,9712,267,12,2026-05-26 13:34:38,994,2.8727,2024,5,Tuesday
oz2K4HUNMW4,Alex The Analyst,Top 5 Most Popular Functions In Microsoft Excel,2024-05-21 12:00:53+00:00,27,Data Analyst|Data Analyst job|Data Analyst Career|Data Analytics|Alex The Analyst|Excel|Microsoft Excel|Functions in excel,PT16M32S,18134,471,27,2026-05-26 13:34:38,992,2.7462,2024,5,Tuesday
Y-4ri9QjsTI,Alex The Analyst,Infrastructure of Analyst Builder | Entire Tech Stack | Part 3,2024-05-14 12:00:28+00:00,27,Data Analyst|Data Analyst job|Data Analyst Career|Data Analytics|Alex The Analyst,PT45M40S,7661,93,10,2026-05-26 13:34:38,2740,1.3445,2024,5,Tuesday
F5v2dRYU5IA,Alex The Analyst,2 Hour Data Analyst Interview Masterclass | Interview Better Than The Competition,2024-05-07 15:16:53+00:00,27,Data Analyst|Data Analyst job|Data Analyst Career|Data Analytics|Alex The Analyst|livestream,PT2H4M40S,147612,4400,104,2026-05-26 13:34:38,7480,3.0512,2024,5,Tuesday
_R6K1aNtKpE,Alex The Analyst,Challenges of Creating Analyst Builder | Challenges of a Startup | Part 2,2024-05-07 12:00:30+00:00,27,Data Analyst|Data Analyst job|Data Analyst Career|Data Analytics|Alex The Analyst,PT45M7S,2667,65,11,2026-05-26 13:34:38,2707,2.8496,2024,5,Tuesday
5tKmTdvEAVk,Alex The Analyst,How We Started Analyst Builder | How We Created It | Part 1,2024-04-30 12:00:07+00:00,27,Data Analyst|Data Analyst job|Data Analyst Career|Data Analytics|Alex The Analyst,PT22M47S,6993,216,35,2026-05-26 13:34:38,1367,3.5893,2024,4,Tuesday
QYd-RtK58VQ,Alex The Analyst,MySQL Exploratory Data Analysis | Full Project,2024-04-23 12:00:21+00:00,27,Data Analyst|Data Analyst job|Data Analyst Career|Data Analytics|Alex The Analyst,PT32M44S,183474,4205,187,2026-05-26 13:34:38,1964,2.3938,2024,4,Tuesday
c5ko0sedE7k,Alex The Analyst,750k Subscriber Livestream! | Giveaways | Songs | Q/A,2024-04-18 18:35:41+00:00,27,Data Analyst|Data Analyst job|Data Analyst Career|Data Analytics|Alex The Analyst|livestream,PT1H23M16S,5214,229,13,2026-05-26 13:34:38,4996,4.6414,2024,4,Thursday
4UltKCnnnTA,Alex The Analyst,Data Cleaning in MySQL | Full Project,2024-04-16 12:00:05+00:00,27,Data Analyst|Data Analyst job|Data Analyst Career|Data Analytics|Alex The Analyst,PT51M11S,460931,9564,1250,2026-05-26 13:34:38,3071,2.3461,2024,4,Tuesday
BV5ckMNNvi4,Alex The Analyst,How to get Promoted as a Data Analyst | Alex The Analyst Show Episode 26,2024-04-09 12:00:08+00:00,27,Data Analyst|Data Analyst job|Data Analyst Career|Data Analytics|Alex The Analyst,PT56M14S,9427,294,87,2026-05-26 13:34:38,3374,4.0416,2024,4,Tuesday
QMUZ5HfWMRc,Alex The Analyst,Triggers and Events in MySQL | Advanced MySQL Series,2024-04-02 12:00:19+00:00,27,Data Analyst|Data Analyst job|Data Analyst Career|Data Analytics|Alex The Analyst,PT14M42S,170103,5313,192,2026-05-26 13:34:38,882,3.2363,2024,4,Tuesday
7b8ViCqD9JM,Alex The Analyst,How to give up on the job search fast,2024-03-27 12:19:35+00:00,27,Data Analyst|Data Analyst job|Data Analyst Career|Data Analytics|Alex The Analyst,PT52S,32219,2304,35,2026-05-26 13:34:38,52,7.2597,2024,3,Wednesday
7vnxpcqmqNQ,Alex The Analyst,Stored Procedures in MySQL | Advanced MySQL Series,2024-03-26 12:00:12+00:00,27,Data Analyst|Data Analyst job|Data Analyst Career|Data Analytics|Alex The Analyst,PT12M37S,181241,3330,104,2026-05-26 13:34:38,757,1.8947,2024,3,Tuesday
uEk07jXdKOo,Alex The Analyst,Temp Tables in MySQL | Advanced MySQL Series,2024-03-19 12:00:56+00:00,27,Data Analyst|Data Analyst job|Data Analyst Career|Data Analytics|Alex The Analyst,PT7M46S,117885,2412,82,2026-05-26 13:34:38,466,2.1156,2024,3,Tuesday
UC7uvOqcUTs,Alex The Analyst,CTEs in MySQL | Advanced MySQL Series,2024-03-12 12:00:23+00:00,27,Data Analyst|Data Analyst job|Data Analyst Career|Data Analytics|Alex The Analyst,PT10M31S,206126,3239,95,2026-05-26 13:34:38,631,1.6175,2024,3,Tuesday
1KEbiqRWOkA,Alex The Analyst,7 Mistakes to Avoid During Your Data Analyst Job Search,2024-03-05 13:00:01+00:00,27,Data Analyst|Data Analyst job|Data Analyst Career|Data Analytics|Alex The Analyst,PT11M54S,20475,760,50,2026-05-26 13:34:38,714,3.956,2024,3,Tuesday
UOBTLzWY1vs,Alex The Analyst,#DataAnalyst #AnalystBuilder #SQL,2024-03-01 13:43:29+00:00,27,,PT38S,24013,1575,17,2026-05-26 13:34:38,38,6.6297,2024,3,Friday
8zOkBTs0yxs,Alex The Analyst,Q/A Livestream | February Livestream | Ask Me Anything!,2024-02-29 17:10:18+00:00,27,Data Analyst|Data Analyst job|Data Analyst Career|Data Analytics|Alex The Analyst|livestream,PT1H34M57S,5703,189,7,2026-05-26 13:34:38,5697,3.4368,2024,2,Thursday
7NBt0V8ebGk,Alex The Analyst,Window Functions in MySQL | Intermediate MySQL,2024-02-27 13:00:08+00:00,27,Data Analyst|Data Analyst job|Data Analyst Career|Data Analytics|Alex The Analyst,PT13M29S,243708,6370,169,2026-05-26 13:34:38,809,2.6831,2024,2,Tuesday
FGC0cCAgGu0,Alex The Analyst,Twitter making me tear up over here 🥹,2024-02-23 13:34:27+00:00,27,,PT16S,8558,321,12,2026-05-26 13:34:38,16,3.8911,2024,2,Friday
Vj6RqA_X-IE,Alex The Analyst,Subqueries in MySQL | Intermediate MySQL,2024-02-20 13:00:32+00:00,27,Data Analyst|Data Analyst job|Data Analyst Career|Data Analytics|Alex The Analyst,PT11M1S,201070,3123,112,2026-05-26 13:34:38,661,1.6089,2024,2,Tuesday
RYIiOG4LsvQ,Alex The Analyst,Case Statements in MySQL | Intermediate MySQL,2024-02-13 13:00:19+00:00,27,Data Analyst|Data Analyst job|Data Analyst Career|Data Analytics|Alex The Analyst,PT8M53S,180430,3097,147,2026-05-26 13:34:38,533,1.7979,2024,2,Tuesday
5y7tLNPVJPA,Alex The Analyst,We did our best,2024-02-08 13:59:09+00:00,27,,PT9S,8201,251,5,2026-05-26 13:34:38,9,3.1216,2024,2,Thursday
_nf56aMPdZE,Alex The Analyst,"Microsoft Copilot Full Review | AI in Word, PowerPoint, Excel and More!",2024-02-06 13:00:35+00:00,27,Data Analyst|Data Analyst job|Data Analyst Career|Data Analytics|Alex The Analyst,PT24M45S,88762,1040,52,2026-05-26 13:34:38,1485,1.2303,2024,2,Tuesday
XbDRYzYUmMo,Alex The Analyst,Top 5 Emerging Trends in 2024 | CareerFoundry Webinar,2024-01-30 17:30:05+00:00,27,Data Analyst|Data Analyst job|Data Analyst Career|Data Analytics|Alex The Analyst,PT1H14M56S,13537,474,10,2026-05-26 13:34:38,4496,3.5754,2024,1,Tuesday
KRXSJb9ql1Y,Alex The Analyst,String Functions in MySQL | Intermediate MySQL Series,2024-01-30 13:00:17+00:00,27,Data Analyst|Data Analyst job|Data Analyst Career|Data Analytics|Alex The Analyst,PT11M54S,202322,3405,99,2026-05-26 13:34:38,714,1.7319,2024,1,Tuesday
iTQW_nDp938,Alex The Analyst,Unions in MySQL | Intermediate MySQL,2024-01-23 13:00:41+00:00,27,Data Analyst|Data Analyst job|Data Analyst Career|Data Analytics|Alex The Analyst,PT7M22S,195007,3356,106,2026-05-26 13:34:38,442,1.7753,2024,1,Tuesday
lXQzD09BOH0,Alex The Analyst,Joins in MySQL | Intermediate MySQL,2024-01-16 13:00:42+00:00,27,Data Analyst|Data Analyst job|Data Analyst Career|Data Analytics|Alex The Analyst,PT17M11S,427188,5892,223,2026-05-26 13:34:38,1031,1.4315,2024,1,Tuesday
xtC3212t4hI,Alex The Analyst,Is my background in Data Analytics?,2024-01-15 14:22:09+00:00,27,Data Analyst|Data Analyst job|Data Analyst Career|Data Analytics|Alex The Analyst,PT57S,34589,2248,33,2026-05-26 13:34:38,57,6.5946,2024,1,Monday
KZKizyBS9YM,Alex The Analyst,Solving VERY HARD SQL Interview Questions on Analyst Builder,2024-01-11 13:00:16+00:00,27,Data Analyst Career|Data Analytics|Alex The Analyst|Analyst Builder|Analyst Builder Questions|Analyst Builder Courses|SQL Technical Interview Questions|SQL Interview Questions|SQL Questions|hard sql interview questions|Easy sql interview questions|medium sql interview questions|interview questions|technical interview questions|technical interview practice|sql technical interview practice website|website to practice for technical interviews,PT17M3S,27126,649,23,2026-05-26 13:34:38,1023,2.4773,2024,1,Thursday
I0_ca6iyo6w,Alex The Analyst,Solving HARD SQL Interview Questions on Analyst Builder,2024-01-09 13:00:24+00:00,27,Data Analyst Career|Data Analytics|Alex The Analyst|Analyst Builder|Analyst Builder Questions|Analyst Builder Courses|SQL Technical Interview Questions|SQL Interview Questions|SQL Questions|hard sql interview questions|Easy sql interview questions|medium sql interview questions|interview questions|technical interview questions|technical interview practice|sql technical interview practice website|website to practice for technical interviews,PT21M26S,35548,722,38,2026-05-26 13:34:38,1286,2.138,2024,1,Tuesday
GZS7AgQ4Ksg,Alex The Analyst,Hard Skills vs Soft Skills,2024-01-08 13:06:02+00:00,27,Data Analyst|Data Analyst job|Data Analyst Career|Data Analytics|Alex The Analyst,PT30S,18041,1069,7,2026-05-26 13:34:38,30,5.9642,2024,1,Monday
fT-8mRf_-Hk,Alex The Analyst,Solving Medium SQL Interview Questions on Analyst Builder,2024-01-04 13:00:28+00:00,27,Data Analyst Career|Data Analytics|Alex The Analyst|Analyst Builder|Analyst Builder Questions|Analyst Builder Courses|SQL Technical Interview Questions|SQL Interview Questions|SQL Questions|hard sql interview questions|Easy sql interview questions|medium sql interview questions|interview questions|technical interview questions|technical interview practice|sql technical interview practice website|website to practice for technical interviews,PT12M24S,39086,866,51,2026-05-26 13:34:38,744,2.3461,2024,1,Thursday
ZHaYOC0H5KE,Alex The Analyst,Solving Easy SQL Interview Questions on Analyst Builder,2024-01-02 13:00:25+00:00,27,Data Analyst Career|Data Analytics|Alex The Analyst|Analyst Builder|Analyst Builder Questions|Analyst Builder Courses|SQL Technical Interview Questions|SQL Interview Questions|SQL Questions|hard sql interview questions|Easy sql interview questions|medium sql interview questions|interview questions|technical interview questions|technical interview practice|sql technical interview practice website|website to practice for technical interviews,PT12M18S,75302,1603,61,2026-05-26 13:34:38,738,2.2098,2024,1,Tuesday
K0-8G3DgjA4,Alex The Analyst,How I Would Become a Data Analyst if I had to Start Over in 2024 | 6 Month Plan,2023-12-26 13:00:10+00:00,27,Data Analyst|Data Analyst job|Data Analyst Career|Data Analytics|Alex The Analyst|become a data analyst|how to become a data analyst|what is a data analyst,PT11M1S,453437,17505,542,2026-05-26 13:34:38,661,3.98,2023,12,Tuesday
ZnAydTqCtFU,Alex The Analyst,Limit + Aliasing in MySQL | MySQL Beginner Series,2023-12-19 13:00:24+00:00,27,Data Analyst|Data Analyst job|Data Analyst Career|Data Analytics|Alex The Analyst,PT3M57S,209675,3888,123,2026-05-26 13:34:38,237,1.913,2023,12,Tuesday
qPOmj22QX04,Alex The Analyst,Practice SQL and Python right on your Phone!,2023-12-13 16:12:42+00:00,27,,PT28S,10976,642,20,2026-05-26 13:34:38,28,6.0313,2023,12,Wednesday
XD1ul5fpnGI,Alex The Analyst,Analyst Builder Full Launch! | The Learning Platform Built for Data Analysts,2023-12-12 13:00:21+00:00,27,Data Analyst|Data Analyst job|Data Analyst Career|Data Analytics|Alex The Analyst,PT16M27S,26184,1036,112,2026-05-26 13:34:38,987,4.3844,2023,12,Tuesday
kifhSqep9UM,Alex The Analyst,Analyst Builder Full Launch LiveStream | 20% Off Code & Giveaways,2023-12-11 19:04:05+00:00,27,Data Analyst|Data Analyst job|Data Analyst Career|Data Analytics|Alex The Analyst,PT4H34M24S,12096,475,14,2026-05-26 13:34:38,16464,4.0427,2023,12,Monday
dCNjUOc1cBY,Alex The Analyst,Having vs Where in MySQL | Beginner MySQL Series,2023-12-05 13:00:35+00:00,27,Data Analyst|Data Analyst job|Data Analyst Career|Data Analytics|Alex The Analyst,PT3M46S,251149,4256,73,2026-05-26 13:34:38,226,1.7237,2023,12,Tuesday
lEjmgE-hogg,Alex The Analyst,#Excel is Frustrating,2023-11-29 18:00:02+00:00,27,Data Analyst|Data Analyst job|Data Analyst Career|Data Analytics|Alex The Analyst,PT47S,13193,795,11,2026-05-26 13:34:38,47,6.1093,2023,11,Wednesday
qxj3dx0c7RM,Alex The Analyst,7 Mistakes to Avoid in Your Data Analytics Job Search | CareerFoundry Webinar,2023-11-28 17:36:39+00:00,27,Data Analyst|Data Analyst job|Data Analyst Career|Data Analytics|Alex The Analyst,PT1H11M37S,14359,430,11,2026-05-26 13:34:38,4297,3.0712,2023,11,Tuesday
zgYqUP_PhQo,Alex The Analyst,Group By + Order By in MySQL | Beginner MySQL Series,2023-11-28 13:00:57+00:00,27,Data Analyst|Data Analyst job|Data Analyst Career|Data Analytics|Alex The Analyst,PT10M46S,335081,5510,123,2026-05-26 13:34:38,646,1.6811,2023,11,Tuesday
MARn_mssG4A,Alex The Analyst,Where Clause in MySQL | Beginner MySQL Series,2023-11-21 13:00:24+00:00,27,Data Analyst|Data Analyst job|Data Analyst Career|Data Analytics|Alex The Analyst,PT12M27S,365799,5660,176,2026-05-26 13:34:38,747,1.5954,2023,11,Tuesday
TGAUZQJaQbQ,Alex The Analyst,Why Data Analysts Hate Using Excel,2023-11-14 13:00:21+00:00,27,Data Analyst|Data Analyst job|Data Analyst Career|Data Analytics|Alex The Analyst,PT7M24S,26697,972,139,2026-05-26 13:34:38,444,4.1615,2023,11,Tuesday
HYD8KjPB9F8,Alex The Analyst,Select Statement in MySQL | Beginner MySQL Series,2023-11-07 13:00:11+00:00,27,Data Analyst|Data Analyst job|Data Analyst Career|Data Analytics|Alex The Analyst,PT11M,570814,6985,241,2026-05-26 13:34:38,660,1.2659,2023,11,Tuesday
wgRwITQHszU,Alex The Analyst,Installing MySQL and Creating Databases | MySQL for Beginners,2023-10-31 12:00:54+00:00,27,Data Analyst|Data Analyst job|Data Analyst Career|Data Analytics|Alex The Analyst,PT12M4S,1603857,20019,2264,2026-05-26 13:34:38,724,1.3893,2023,10,Tuesday
1LG65qXfeQY,Alex The Analyst,Python Beginner to Advanced in One Hour | CareerFoundry Webinar,2023-10-26 16:30:05+00:00,27,Data Analyst|Data Analyst job|Data Analyst Career|Data Analytics|Alex The Analyst,PT1H18M29S,27634,992,12,2026-05-26 13:34:38,4709,3.6332,2023,10,Thursday
QzLz-W29Tww,Alex The Analyst,How to Start a Data YouTube Channel,2023-10-24 12:00:30+00:00,27,Data Analyst|Data Analyst job|Data Analyst Career|Data Analytics|Alex The Analyst,PT10M57S,10234,446,45,2026-05-26 13:34:38,657,4.7977,2023,10,Tuesday
ukIUVW2E-n0,Alex The Analyst,600k Livestream! | Analyst Builder Giveaways | Songs | My Mom is Joining!,2023-10-20 16:18:10+00:00,27,Data Analyst|Data Analyst job|Data Analyst Career|Data Analytics|Alex The Analyst|livestream,PT1H25M7S,5172,237,11,2026-05-26 13:34:38,5107,4.7951,2023,10,Friday
aofB2t5o2ao,Alex The Analyst,Consulting and Freelancing in Data Analytics | ATA Show: Episode 25,2023-10-17 12:00:04+00:00,27,Data Analyst|Data Analyst job|Data Analyst Career|Data Analytics|Alex The Analyst,PT1H14M3S,24041,908,293,2026-05-26 13:34:38,4443,4.9956,2023,10,Tuesday
-DwpkgtJjGw,Alex The Analyst,Data Analyst vs Business Analyst,2023-10-13 13:37:21+00:00,27,Data Analyst|Data Analyst job|Data Analyst Career|Data Analytics|Alex The Analyst,PT59S,190261,8782,65,2026-05-26 13:34:38,59,4.6499,2023,10,Friday
h4KTy2wxYcQ,Alex The Analyst,First Look at Analyst Builder! | The All-in-One Platform for Data Analysts | Beta Launch Coming Soon,2023-10-10 12:00:36+00:00,27,Data Analyst|Data Analyst job|Data Analyst Career|Data Analytics|Alex The Analyst,PT21M51S,32421,852,212,2026-05-26 13:34:38,1311,3.2818,2023,10,Tuesday
LaRXtE4OG9A,Alex The Analyst,#DataAnalysis #DataAnalyst #DataRealities,2023-10-09 12:11:16+00:00,27,Data Analyst|Data Analyst job|Data Analyst Career|Data Analytics|Alex The Analyst,PT40S,38190,2091,27,2026-05-26 13:34:38,40,5.546,2023,10,Monday
J0PcCv9f4JQ,Alex The Analyst,#DataAnalyst #DataCareers #DataAnalysis,2023-10-05 12:13:45+00:00,27,Data Analyst|Data Analyst job|Data Analyst Career|Data Analytics|Alex The Analyst,PT58S,18474,1335,32,2026-05-26 13:34:38,58,7.3996,2023,10,Thursday
_DGn-7134i0,Alex The Analyst,"Data Analyst vs Data Engineer | Responsibilities, Salaries, Skills, Education",2023-10-03 12:00:26+00:00,27,Data Analyst|Data Analyst job|Data Analyst Career|Data Analytics|Alex The Analyst,PT6M26S,38741,848,45,2026-05-26 13:34:38,386,2.3051,2023,10,Tuesday
EflE8U30pBo,Alex The Analyst,Data Analyst Q/A Livestream | September Livestream | Ask Me Anything!,2023-09-28 16:09:03+00:00,27,Data Analyst|Data Analyst job|Data Analyst Career|Data Analytics|Alex The Analyst|livestream,PT1H33M41S,9029,284,20,2026-05-26 13:34:38,5621,3.3669,2023,9,Thursday
j_sHaBJEHMk,Alex The Analyst,#Salary #DataAnalyst #SalaryNegotiation,2023-09-28 12:37:36+00:00,27,Data Analyst|Data Analyst job|Data Analyst Career|Data Analytics|Alex The Analyst,PT55S,15212,992,7,2026-05-26 13:34:38,55,6.5672,2023,9,Thursday
xuyKzpJ2SaY,Alex The Analyst,AI and Analytics with SAS | SAS Explore Recap,2023-09-26 12:00:49+00:00,27,Data Analyst|Data Analyst job|Data Analyst Career|Data Analytics|Alex The Analyst,PT2M59S,27452,563,33,2026-05-26 13:34:38,179,2.1711,2023,9,Tuesday
D0mEy6bJ2lA,Alex The Analyst,My Very First Video,2023-09-25 13:13:18+00:00,27,Data Analyst|Data Analyst job|Data Analyst Career|Data Analytics|Alex The Analyst,PT23S,10037,505,28,2026-05-26 13:34:38,23,5.3104,2023,9,Monday
GaoAc3-hScQ,Alex The Analyst,#DataAnalyst #CareerPath,2023-09-22 11:45:01+00:00,27,Data Analyst|Data Analyst job|Data Analyst Career|Data Analytics|Alex The Analyst,PT52S,120350,6323,45,2026-05-26 13:34:38,52,5.2912,2023,9,Friday
bxIF9X9k2IE,Alex The Analyst,"Data Analyst vs Data Scientist | Responsibilities, Salaries, Skills, Education",2023-09-19 12:00:34+00:00,27,Data Analyst|Data Analyst job|Data Analyst Career|Data Analytics|Alex The Analyst,PT11M13S,49365,1202,54,2026-05-26 13:34:38,673,2.5443,2023,9,Tuesday
z_xWpa88R0A,Alex The Analyst,#Excel #DataAnalyst #DataAnalysis,2023-09-18 11:38:11+00:00,27,Data Analyst|Data Analyst job|Data Analyst Career|Data Analytics|Alex The Analyst,PT56S,22228,1447,22,2026-05-26 13:34:38,56,6.6088,2023,9,Monday
_skKCLpwnyo,GeeksforGeeks,We are Hiring! | GfG Campus Mantri,2026-05-26 11:30:21+00:00,27,GeeksforGeeks|Programming|Algorithms|Data Structures|learn to code|learn coding|GFG|Coding Courses|GeeksforGeeks Courses|LIVE Coding classes|coding classes|Learn DSA,PT21S,2090,41,56,2026-05-26 13:34:42,21,4.6411,2026,5,Tuesday
XkLjVbwru4E,GeeksforGeeks,Summer SkillUp | Campus Mantri Hiring + FREE AI Toolkit Add-On,2026-05-25 12:30:03+00:00,27,GeeksforGeeks|Programming|Algorithms|Data Structures|learn to code|learn coding|GFG|Coding Courses|GeeksforGeeks Courses|LIVE Coding classes|coding classes|Learn DSA|hiring|jobs|summer skill up|internships for students|jobs for students|coding practice|campus mantri|student ambassador program|paid internship|career growth|upskill this summer|student jobs|internship opportunities|placement preparation|summer internships 2026|skill development,PT11M1S,738,32,3,2026-05-26 13:34:42,661,4.7425,2026,5,Monday
apmLIKeMV8Y,GeeksforGeeks,How to Crack High Paying Remote Tech Jobs in 2026 | ft. Avreen Chawla,2026-05-25 01:32:36+00:00,27,,PT49M18S,3022,210,3,2026-05-26 13:34:42,2958,7.0483,2026,5,Monday
ZL0YMGERQRI,GeeksforGeeks,Become a Data Scientist in  6-Months! | Master Data Science & ML with GeeksforGeeks this Summer!,2026-05-23 11:28:53+00:00,27,,PT2M32S,23910,494,4,2026-05-26 13:34:42,152,2.0828,2026,5,Saturday
AhjoXMNsl4U,GeeksforGeeks,GOOGLE Virtual Internship with AICTE !,2026-05-21 12:00:12+00:00,27,GeeksforGeeks|Programming|Algorithms|Data Structures|learn to code|learn coding|GFG|Coding Courses|GeeksforGeeks Courses|LIVE Coding classes|coding classes|Learn DSA,PT1M46S,35724,1813,41,2026-05-26 13:34:42,106,5.1898,2026,5,Thursday
sfo0Vw_iQGM,GeeksforGeeks,How AI is Changing DevOps Engineering | Ex-Amazon Engineer reveals the secret | @TrainWithShubham,2026-05-20 16:40:55+00:00,27,AI in DevOps|DevOps Engineering|DevOps with AI|AI automation|DevOps career|Ex Amazon Engineer|TrainWithShubham|Amazon engineer tips|DevOps roadmap|AI tools for DevOps|DevOps interview preparation|CI/CD pipeline|Kubernetes|Docker|AWS DevOps|Cloud Computing|MLOps|Platform Engineering|DevOps tutorial|Software Engineering|AI Engineer|SRE|Automation tools|Future of DevOps|DevOps jobs|GenAI|Infrastructure Automation|Tech careers,PT46M37S,2783,168,2,2026-05-26 13:34:42,2797,6.1085,2026,5,Wednesday
w9ynSpAAXJ0,GeeksforGeeks,"Summer SkillUp Walkthrough- Jobs, Courses, Campus Mantri Hiring and Much More! | GeeksforGeeks",2026-05-20 11:30:40+00:00,27,GeeksforGeeks|Programming|Algorithms|Data Structures|learn to code|learn coding|GFG|Coding Courses|GeeksforGeeks Courses|LIVE Coding classes|coding classes|Learn DSA|summer skill up|internships for students|coding practice|campus mantri|tech internships|coding internships|placement preparation|career growth|software engineering|coding roadmap|student opportunities|internship opportunities|jobs for students|skill development|coding platform,PT8M40S,2886,91,14,2026-05-26 13:34:42,520,3.6383,2026,5,Wednesday
FNwahTj-mFc,GeeksforGeeks,Can You Solve This Google Interview Question? | Puzzles for Software Engineers,2026-05-18 12:00:20+00:00,27,GeeksforGeeks|Programming|Algorithms|Data Structures|learn to code|learn coding|GFG|Coding Courses|GeeksforGeeks Courses|LIVE Coding classes|coding classes|Learn DSA,PT1M4S,24037,887,43,2026-05-26 13:34:42,64,3.869,2026,5,Monday
koxOR1aE3Eg,GeeksforGeeks,META Engineer Reveals System Design Tips to crack FAANG Interview | Ex-Google & Cisco,2026-05-17 01:44:58+00:00,27,system design interview|faang interview|meta engineer|ex google engineer|ex cisco engineer|system design tips|crack faang interview|software engineer interview|sde interview preparation|system design for beginners|scalable systems|distributed systems|mock interview|tech interview tips|meta interview prep|google interview prep|amazon system design|faang preparation|software architecture|backend engineering|system design course|tech careers,PT1H15M57S,1931,89,4,2026-05-26 13:34:42,4557,4.8162,2026,5,Sunday
jQLY6ZKw-nk,GeeksforGeeks,The alert you got on your phones…,2026-05-16 11:30:36+00:00,27,GeeksforGeeks|Programming|Algorithms|Data Structures|learn to code|learn coding|GFG|Coding Courses|GeeksforGeeks Courses|LIVE Coding classes|coding classes|Learn DSA,PT55S,14984,724,8,2026-05-26 13:34:42,55,4.8852,2026,5,Saturday
ao2QB5-ihAs,GeeksforGeeks,Build AI Agents That Actually Verify Their Own Work,2026-05-15 09:58:50+00:00,27,,P0D,0,72,0,2026-05-26 13:34:42,0,0.0,2026,5,Friday
wGp21bgMRaA,GeeksforGeeks,Structured vs Unstructured Data in 100 Seconds,2026-05-14 12:01:36+00:00,27,GeeksforGeeks|Programming|Algorithms|Data Structures|learn to code|learn coding|GFG|Coding Courses|GeeksforGeeks Courses|LIVE Coding classes|coding classes|Learn DSA,PT1M42S,7520,135,6,2026-05-26 13:34:42,102,1.875,2026,5,Thursday
AjtzABNaJyM,GeeksforGeeks,"Digital Logic Complete Lecture | Logic Gate | For CS, IT & EE, ECE | GeeksforGeeks GATE 2027 Prep",2026-05-13 12:30:24+00:00,27,digital logic|logic gate|logic gate by chandan jha sir|logic gate for gate exam|digital logic for gate cse|digital logic for gate|gate for digital logic|logic gates in digital electronics|truth tables|digital electronics gate|digital logic gate cse|digital logic gate cs|gate cse preparation|digital logic gates|basic logic gates|digital logic crash course|gate digital logic|logic gates|digital logic cse gate|gate exam|cse|gate 2027|gate 2027 preparation,PT3H50M21S,1096,39,1,2026-05-26 13:34:42,13821,3.6496,2026,5,Wednesday
aZ-Z-bd5_vM,GeeksforGeeks,This FREE AI Tool Just Beat Claude & ChatGPT! Google Gemma 4 | Google Gemma 4 Explained,2026-05-12 14:00:05+00:00,27,google gemma 4|gemma 4|google gemma ai|free ai tools|best free ai tools|chatgpt alternative|claude alternative|ai tools 2026|open source ai|gemma vs chatgpt|gemma vs claude|free chatgpt alternative|best ai models|ai tools for students|chatgpt vs gemma|claude vs gemma|gemma 4 local ai|gemma 4 tutorial|gemma 4 vs chatgpt|install gemma 4|how to use gemma 4|gemma 4 benifits|gemma 4 setup|gemma 4 mac|gemma 4 ai|gemma 4 iphone|lm studio tutorial,PT21M2S,2007,92,19,2026-05-26 13:34:42,1262,5.5306,2026,5,Tuesday
Z_Dx0fK6PwY,GeeksforGeeks,ML explained in just 100 seconds! #ml #machinelearning #techexplained,2026-05-12 11:30:25+00:00,27,GeeksforGeeks|Programming|Algorithms|Data Structures|learn to code|learn coding|GFG|Coding Courses|GeeksforGeeks Courses|LIVE Coding classes|coding classes|Learn DSA,PT1M59S,22264,1415,7,2026-05-26 13:34:42,119,6.387,2026,5,Tuesday
gJ4Ej4KjY3E,GeeksforGeeks,"If You Are Doom Scrolling, Please Watch This Video",2026-05-10 12:01:11+00:00,27,GeeksforGeeks|Programming|Algorithms|Data Structures|learn to code|learn coding|GFG|Coding Courses|GeeksforGeeks Courses|LIVE Coding classes|coding classes|Learn DSA,PT49S,9352,396,14,2026-05-26 13:34:42,49,4.3841,2026,5,Sunday
X3bb9HHAhhE,GeeksforGeeks,DBMS in 5 Minutes | Components + ACID Properties - Quick Tutorial by GeeksforGeeks,2026-05-08 13:01:06+00:00,27,GeeksforGeeks|Programming|Algorithms|Data Structures|learn to code|learn coding|GFG|Coding Courses|GeeksforGeeks Courses|LIVE Coding classes|coding classes|Learn DSA|acid properties|acid properties in dbms|acid properties in dbms with examples|dbms tutorial|dbms geeksforgeeks|dbms gfg|dbms free tutorial|DBMS Interview Questions|DBMS for Placements|Database Concepts|SQL and DBMS|DBMS Crash Course|Learn DBMS|DBMS One Shot|DBMS Real Life Examples,PT5M1S,1229,77,4,2026-05-26 13:34:42,301,6.5907,2026,5,Friday
6L42-81A2ok,GeeksforGeeks,AI Roadmap for Beginners || Complete AI Roadmap,2026-05-07 12:00:11+00:00,27,ai roadmap 2026|artificial intelligence roadmap|how to learn ai|ai tutorial for beginners|machine learning roadmap|generative ai roadmap|learn artificial intelligence|ai engineer roadmap|data science roadmap|roadmap to become ai engineer|ai skills 2026|generative ai tutorial|ai coding roadmap|data science for beginners|ai beginner guide|ai and machine learning|complete machine learning roadmap|ai developer roadmap|beginner to ai engineer,PT1M47S,13417,371,11,2026-05-26 13:34:42,107,2.8471,2026,5,Thursday
1NW_syZNWgU,GeeksforGeeks,Temperature in AI Explained | Controlling AI Randomness #Shorts #AI #GfG,2026-05-07 07:13:00+00:00,27,artificial intelligence|machine learning|llm|temperature controls ai randomness|ai temperature parameter|low vs high temperature|temperature in generative ai|how temperature works in llm|artificial intelligence explained|large language model llm|generative ai|llms|large language models|machine learning basics|llm explained simply|llm models explained|future of ai|deep learning|data science|what is a large language model|large language models chatgpt|shorts,PT1M9S,2135,71,3,2026-05-26 13:34:42,69,3.466,2026,5,Thursday
WhC8InVYW2g,GeeksforGeeks,Why Should Engineering Students Prepare for GATE? | Must Watch,2026-05-06 07:31:58+00:00,27,gate 2027|gate exam|benefits of gate exam|why should engineering students prepare for gate|gate 2027 roadmap|gate 2027 importance|gate 2027 syllabus|gate 2027 exam|gate exam roadmap|gate 2027 preparation plan|gate exam benefits|gate preparation strategy|gate exam preparation|gate exam strategy|gate 2027 preparation|how to prepare for gate 2027|gate strategy|all about gate 2027|how to start gate 2027 preparation|how to prepare for gate exam|gfg gate|gfg,PT18M2S,1375,55,2,2026-05-26 13:34:42,1082,4.1455,2026,5,Wednesday
ieaRJ64rEa4,GeeksforGeeks,GeeksforGeeks - Fast Track Hiring Program for 2026 Graduates | Apply Now!,2026-05-02 11:30:36+00:00,27,fast track hiring program|geeksforgeeks fast track hiring|geeksforgeeks placement program|coding interview preparation|data structures and algorithms course|software engineer interview prep|placement preparation 2026|internship preparation roadmap|learn dsa fast|hiring opportunity program|tech jobs for freshers|software engineer jobs india|coding practice for interviews|interview ready program|placement course for cse students|campus placement preparation,PT2M54S,1801,56,7,2026-05-26 13:34:42,174,3.4981,2026,5,Saturday
LJojRenzJMw,GeeksforGeeks,Cracking a Summer Internship in 2026? Here's the roadmap you should follow!,2026-05-01 12:00:44+00:00,27,summer internship 2026|how to get internship|college internships india|tech internships 2026|software engineering internship|internship tips for students|resume tips for internship|linkedin networking tips|how to get referrals|internship strategy|apply for internships|coding internship preparation|dsa for internships|crack tech internships|internship hacks|top company internships|faang internship preparation|internship guide 2026,PT57S,26336,1237,7,2026-05-26 13:34:42,57,4.7236,2026,5,Friday
bJLl1EjlnAc,GeeksforGeeks,Can You Solve This Microsoft Interview Question? | Puzzles for Software Engineers,2026-04-29 12:01:10+00:00,27,GeeksforGeeks|Programming|Algorithms|Data Structures|learn to code|learn coding|GFG|Coding Courses|GeeksforGeeks Courses|LIVE Coding classes|coding classes|Learn DSA,PT1M19S,18538,806,23,2026-05-26 13:34:42,79,4.4719,2026,4,Wednesday
DPRaC4WRLks,GeeksforGeeks,How to Get Summer Internships in 2026,2026-04-27 12:00:32+00:00,27,summer internships India|how to get internship|internship tips and tricks|how to apply for internships|internship preparation roadmap|DSA for internships|resume tips for internships|LinkedIn internship tips|referral tips for internships|coding interview preparation|fresher jobs India|engineering internships|college students internships|placement preparation|PPO internship guide|off campus internships|startup internships India|job portal internships,PT4M49S,42074,1827,60,2026-05-26 13:34:42,289,4.485,2026,4,Monday
MfxVmsyv5Zo,GeeksforGeeks,Watch This Before Your Next Interview (Real Mock) | DSA & MERN Interview Questions - 1st Round,2026-04-24 12:00:42+00:00,27,mock interview|software engineer interview|freshers interview tips|interview preparation|placement preparation|coding interview|technical interview|interview mistakes|interview feedback|how to crack interviews|fresher jobs|job interview tips|mock interview practice|real interview experience|interview questions and answers|GFG Connect|geeksforgeeks interview|software developer interview prep|DSA interview|interview guidance|career tips for freshers,PT10M47S,1141,49,6,2026-05-26 13:34:42,647,4.8203,2026,4,Friday
OaK63W6sLKU,GeeksforGeeks,3 Rate Limits You Must Know #Shorts #ViralVideo #GfG,2026-04-23 11:30:19+00:00,27,GeeksforGeeks|Programming|Algorithms|Data Structures|learn to code|learn coding|GFG|Coding Courses|GeeksforGeeks Courses|LIVE Coding classes|coding classes|Learn DSA,PT48S,3700,42,2,2026-05-26 13:34:42,48,1.1892,2026,4,Thursday
3RMjg45q53I,GeeksforGeeks,AI Helped Hack a Tech Giant! #vercel #cybersecurity,2026-04-22 11:30:07+00:00,27,AI security|Vercel breach|Context.ai hack|AI cyber attack|supply chain attack|ShinyHunters|data breach 2026|cloud security|AI risks|cybersecurity news|AI vulnerabilities|tech security|data leak|ethical hacking|AI threats,PT56S,23313,1227,17,2026-05-26 13:34:42,56,5.3361,2026,4,Wednesday
iv6CSXz-iJE,GeeksforGeeks,Stop Giving Wrong Answers in Interviews (Do This Instead),2026-04-21 12:01:18+00:00,27,job interview tips|interview preparation|how to crack interview|tell me about yourself|salary negotiation tips|job interview strategies|interview skills|fresher interview tips|software engineer interview|behavioral interview tips|linkedin interview advice|interview hacks|how to impress interviewer|interview success tips|job placement tips|career advice 2026|interview mindset|ace your interview|job search tips|interview preparation for freshers,PT2M53S,1192,41,0,2026-05-26 13:34:42,173,3.4396,2026,4,Tuesday
NDLvGhFWQKg,GeeksforGeeks,API Key Not Working Suddenly? #Shorts #API #GfG,2026-04-21 10:59:14+00:00,27,why api key stop|api|api key|api security best practices|api integration|api testing|api keys|rest api|api tutorial|what is an api|api attacks|api course|apis for beginners|what is an api and how does it work|api usage|api security owasp|linode api security|rest api explained|what is rest api|api meaning|what is an api key|shorts,PT28S,4510,78,6,2026-05-26 13:34:42,28,1.8625,2026,4,Tuesday
FV8RggjoC2I,GeeksforGeeks,What if you joined Apple in 2016?,2026-04-20 12:00:33+00:00,27,GeeksforGeeks|Programming|Algorithms|Data Structures|learn to code|GFG|Coding Courses|LIVE Coding classes|coding classes|Learn DSA|Apple software engineer salary|Apple stock growth|Apple career growth|FAANG salaries|software engineer compensation|tech salaries USA|Apple stock history|RSU compensation|stock vesting explained|tech career earnings|Apple engineer pay|FAANG stock benefits|long term investing tech|equity compensation|tech career growth,PT2M20S,19235,256,7,2026-05-26 13:34:42,140,1.3673,2026,4,Monday
huxex_OV_aY,GeeksforGeeks,Can You Solve This Amazon Interview Question? | Puzzles for Software Engineers #amazon #interview,2026-04-18 11:25:58+00:00,27,GeeksforGeeks|Programming|Algorithms|Data Structures|learn to code|learn coding|GFG|Coding Courses|GeeksforGeeks Courses|LIVE Coding classes|coding classes|Learn DSA,PT1M11S,23248,773,22,2026-05-26 13:34:42,71,3.4196,2026,4,Saturday
iSgXsGdA5lE,GeeksforGeeks,This Free AI Will Change the Game | Google Gemma 4,2026-04-17 12:31:03+00:00,27,google gemma 4|gemma 4 ai|google ai model|free ai tools|latest ai 2026|ai models comparison|gemma vs gpt|open source ai|google deepmind ai|ai for developers|machine learning|generative ai|llm models|best free ai tools|ai trends 2026|artificial intelligence|ai explained|tech updates|coding ai tools|ai for students,PT39S,22716,691,4,2026-05-26 13:34:42,39,3.0595,2026,4,Friday
vPjj4XAyK1w,GeeksforGeeks,Interview Prep Question in 40 Seconds! #gfg #GATE2027 #GATEExam,2026-04-15 13:10:01+00:00,27,GeeksforGeeks|Programming|Algorithms|Data Structures|learn to code|learn coding|GFG|Coding Courses|GeeksforGeeks Courses|LIVE Coding classes|coding classes|Learn DSA|gate|gate 2027|quick interview questions|gate 2027 cse|gate exam|gate gfg result|gate result|gate exam result|gfg for gate|geeksforgeeks gate|google interview preparation|google interview questions and answers|tech interview tips,PT34S,5651,90,0,2026-05-26 13:34:42,34,1.5926,2026,4,Wednesday
3VflRJ0pHRU,GeeksforGeeks,The Reinvention Playbook of Apple Inc,2026-04-13 12:30:07+00:00,27,GeeksforGeeks|Programming|Algorithms|Data Structures|learn to code|learn coding|GFG|Coding Courses|GeeksforGeeks Courses|LIVE Coding classes|coding classes|Learn DSA,PT4M11S,1028,46,9,2026-05-26 13:34:42,251,5.3502,2026,4,Monday
-dmIhwOh8Gk,GeeksforGeeks,"Vishal Saini , GATE, Rank - 203 | NIC MOCK Interview | GeeksforGeeks",2026-04-13 05:47:15+00:00,27,nic|nic mock interview|nic mock|nic mock interview question|nic mock interview question and answer|interview questions for nic interview|nic interview questions|nic interview|mock interviews|hr mock interview|nic scientist b interview preparation|nic interview guidance|nic interview preparation|nic scientist b cse interview preparation|interview questions and answers for nic|nic interview mock|nic scientist b electronics interview preparation|interview strategy,PT4M17S,772,19,2,2026-05-26 13:34:42,257,2.7202,2026,4,Monday
mwfcdxZ3ZhU,GeeksforGeeks,TCS NQT 2026 Soft Skill Day 06 | Interview Preparation Start | How To Crack TCS NQT Interview,2026-04-12 00:24:35+00:00,27,,PT1H32M52S,2845,84,8,2026-05-26 13:34:42,5572,3.2337,2026,4,Sunday
UEoTSoy_qlA,GeeksforGeeks,Every Hackathon Team Ever 🤣😛 | GfG Offline Classroom Centre Experience- Enroll to Participate!,2026-04-11 04:31:49+00:00,27,Gfg offline centre|Geeksforgeeks|Gfg offline|Gfg offline classes|Geeksforgeeks offline|GfG Classroom program|Geeksforgeeks classroom|Gfg classroom|Gfg hackfest|Offline hackfest gfg|Offline ha aka,PT38S,8614,166,1,2026-05-26 13:34:42,38,1.9387,2026,4,Saturday
xmqLnQm9JGE,GeeksforGeeks,TCS NQT 2026 OOPs Day 05 | Interview Preparation Start | How To Crack TCS NQT Interview,2026-04-11 00:27:50+00:00,27,,PT1H27M54S,1997,56,3,2026-05-26 13:34:42,5274,2.9544,2026,4,Saturday
ZD3v2r2jQR8,GeeksforGeeks,TCS NQT 2026 Core CS/DBMS/OS Day 04 | Interview Preparation Start | How To Crack TCS NQT Interview,2026-04-09 12:52:17+00:00,27,,PT2H14M10S,2668,77,4,2026-05-26 13:34:42,8050,3.036,2026,4,Thursday
myTYfcBlTFw,GeeksforGeeks,TCS NQT 2026 🚀 Gen AI Day 03 | Interview Preparation Start | How To Crack TCS NQT Interview?,2026-04-08 23:44:59+00:00,27,GeeksforGeeks|Programming|Algorithms|Data Structures|learn to code|learn coding|GFG|Coding Courses|GeeksforGeeks Courses|LIVE Coding classes|coding classes|Learn DSA,PT1H7M14S,3327,91,8,2026-05-26 13:34:42,4034,2.9757,2026,4,Wednesday
aZ3LBH3U4CM,GeeksforGeeks,Jobs You Can Get Without Coding (After 4 Years of B.Tech) | Top Non-Tech Jobs #jobs #hiringtrends,2026-04-08 12:55:12+00:00,27,non tech jobs after btech|jobs without coding|careers after engineering|alternative careers for engineers|product manager jobs|consulting jobs india|non coding jobs for engineers|high paying jobs without coding|career options after btech|jobs for engineers without coding|hiring trends 2026|tech jobs vs non tech jobs|genz careers|jobs without programming|engineering career options,PT1M29S,15101,370,8,2026-05-26 13:34:42,89,2.5031,2026,4,Wednesday
KBFFWSPWqV8,GeeksforGeeks,ISRO CS Engineer Role | What CS Engineers Actually Do #Shorts #ISRO #ISROMockInterview #GfG,2026-04-08 05:45:02+00:00,27,what does a cs engineer do at isro|isro cs engineer role|life of cs engineer at isro|what cs engineers actually do|cs at isro|isro mock interview|isro mock|shorts|isro scientist|isro interview preparation|isro scientist salary|isro interview guidance|indian space research|mock interviews|life of an isro scientist|isro scientist lifestyle|life at isro as scientist|isro interview|aerospace engineer in isro|isro selection process|isro recruitment|gfg,PT15S,11799,198,1,2026-05-26 13:34:42,15,1.6866,2026,4,Wednesday
v45JNljcR4M,GeeksforGeeks,TCS NQT 2026 🚀 DSA Day 02 | Interview Preparation Start | How To Crack TCS NQT Interview?,2026-04-08 00:46:59+00:00,27,tcs nqt|tsc nqt 2026|tcs nqt interview question|tcs nqt inteview,PT1H57M29S,2994,76,2,2026-05-26 13:34:42,7049,2.6052,2026,4,Wednesday
OpLnPsVfPbg,GeeksforGeeks,Are You Made For A 9-6 Job? GenZ v/s Boomers! #worklife #GenZ #workculture #gfg,2026-04-07 12:31:15+00:00,27,gen z vs boomers|9 to 6 job|corporate life reality|gen z careers|offbeat careers|alternative careers|freelancing india|startup culture india|career growth fast|gen z mindset|work life balance|corporate vs freelancing|future of jobs 2026|career advice india|jobs vs business|remote work india|side hustle ideas|quit 9 to 5|corporate truth|genz work culture|modern careers|unconventional careers|job vs passion|career guidance 2026|tech jobs future,PT56S,10507,449,1,2026-05-26 13:34:42,56,4.2829,2026,4,Tuesday
eovzM08J0wc,GeeksforGeeks,Meet Dhairya (GATE CSE AIR - 12) | GATE Rankers from GfG Rank Booster Batch #Shorts #GfG #GATE,2026-04-07 05:30:30+00:00,27,GeeksforGeeks|Programming|Algorithms|Data Structures|learn to code|learn coding|GFG|Coding Courses|GeeksforGeeks Courses|LIVE Coding classes|coding classes|Learn DSA|gate 2026|gate exam|gfg gate|gate toppers,PT24S,5124,41,6,2026-05-26 13:34:42,24,0.9173,2026,4,Tuesday
JJkNucRg-KQ,GeeksforGeeks,TCS NQT 2026 🚀 DSA Day 01 | Interview Preparation Start | How To Crack TCS NQT Interview?,2026-04-07 00:45:32+00:00,27,tcs nqt 2026|tcs nqt interview preparation|tcs nqt interview|tcs nqt interview question|tcs nqt digital interview|tcs nqt interview questions|tcs nqt interview process|tcs interview for freshers|tcs nqt ninja interview experience|tcs nqt interview update|tcs interview questions and answers|coding interview questions|tcs interview round|tcs coding questions|tcs interview mistakes|tcs nqt preparation|tcs nqt interview tips|tcs interview questions|tcs nqt|gfg,PT1H45M32S,5646,171,20,2026-05-26 13:34:42,6332,3.3829,2026,4,Tuesday
bOHbNK0N6z8,GeeksforGeeks,Is Your Tech Degree Still Relevant? #jobmarket #techjobs #degree #skills #codinginterview,2026-04-06 12:30:47+00:00,27,ai impact on jobs|tech job market|ajay suneja|tech jobs 2026|is degree worth it|coding interview prep|tech career advice|software engineer jobs|skills vs degree|job market trends|learn coding|dsa preparation|tech layoffs|future of jobs|programming careers|tech jobs|is tech degree worth it|degree vs skills|coding interview|job market 2026|future of tech jobs|fresher tech jobs|cs degree|upskilling|tech skills|placements 2026|projects for resume,PT47S,10274,431,4,2026-05-26 13:34:42,47,4.234,2026,4,Monday
Ok-hBZ5zoNI,GeeksforGeeks,"Aman Pradipkumar Patel, GATE, Rank - 105 | ISRO MOCK Interview | GeeksforGeeks",2026-04-06 05:45:02+00:00,27,isro|isro mock interview|isro mock|isro interview preparation|isro interview questions for cse|isro interview experience|how to crack isro interview|ISRO|isro interview guidance|job interview tips|isro icrb interview|isro scientist/engineer interview guidance|isro cse interview preparation|isro scientist selection process|isro interview|isro exam|isro scientist|how to crack isro|isro interview questions|isro selection process|how to prepare for isro|GfG|gfg,PT8M15S,7432,120,3,2026-05-26 13:34:42,495,1.655,2026,4,Monday
zFHa24AJd3M,GeeksforGeeks,Improve Communication Skills 💯| ISRO Mock Interview #Shorts #ISRO #ISROMockInterview #ISROInterview,2026-04-05 05:45:05+00:00,27,isro|isro mock interview|isro interview|isro mock interview question|why communication important|improve communication skills|ISRO|isro preparation strategy|improve english speaking|isro interview preparation|how to improve your voice|isro exam preparation|how to prepare for isro interview|isro computer science interview preparation|how to prepare for isro|isro interview guidance|interview questions for isro interview|shorts|isro interview questions|gfg,PT44S,7926,199,1,2026-05-26 13:34:42,44,2.5233,2026,4,Sunday
vQFYzYGpyW0,GeeksforGeeks,From War to WFH: Is Your Job Safe?,2026-04-04 12:31:16+00:00,27,war time|gfg|geeksforgeeks|future of jobs|job security 2026|AI jobs|automation jobs|remote work future|work from home trends|is your job safe|future careers|AI vs humans|tech layoffs|global economy|war impact on jobs|recession proof jobs|digital economy|job market trends|career advice 2026|upskilling|tech careers|layoffs news|AI disruption|jobs at risk|jobs disappearing|will AI take your job|safe careers|high demand skills|job crisis,PT1M2S,5733,229,5,2026-05-26 13:34:42,62,4.0816,2026,4,Saturday
46XSjjAX3k0,GeeksforGeeks,TCS NQT 2026 🚨 Important Interview Update | Must Watch!,2026-04-04 10:58:49+00:00,27,tcs nqt interview|how to crack tcs nqt interview|tcs interview|tcs nqt interview preparation|tcs nqt interview preparation 2026|tcs interview experience|tcs freshers interview|tcs technical interview|tcs interview questions|tcs digital interview experience|tcs interview preparation|tcs nqt|tcs nqt preparation|latest tcs interview experience|tcs nqt interview process|tcs interview experiences|tcs hr interview questions|tcs nqt interview question|gfg|tcs|nqt,PT11M15S,5814,159,79,2026-05-26 13:34:43,675,4.0936,2026,4,Saturday
kBjOZ2eG2dM,GeeksforGeeks,Why ISRO? 🤔 Smart Answer for Interview #Shorts #ISRO #GfG,2026-04-04 05:46:10+00:00,27,isro|isro interview question|isro mock interview|isro mock interview questions|isro preparation strategy,PT38S,11148,226,3,2026-05-26 13:34:43,38,2.0542,2026,4,Saturday
y48Hl66vkig,GeeksforGeeks,Understand Your Interviewer & How to Impress Them! #interviewtips #gfgconnect #geeksforgeeks,2026-04-04 05:21:37+00:00,27,,PT46S,3399,44,0,2026-05-26 13:34:43,46,1.2945,2026,4,Saturday
dx_-NK3MBN0,GeeksforGeeks,You’re Not Bad at Coding — You’re Doing It Wrong,2026-04-02 12:32:11+00:00,27,GeeksforGeeks|Programming|Algorithms|Data Structures|learn to code|learn coding|GFG|Coding Courses|GeeksforGeeks Courses|LIVE Coding classes|coding classes|Learn DSA|job|tech jobs|how to learn coding|mistakes in tech|interview mistakes|how to crack tech interviews|how to learn programming|software engineer|coding jobs|how to become a developer|sde roadmap|coding interview preparation|improve coding skills,PT4M23S,2716,193,9,2026-05-26 13:34:43,263,7.4374,2026,4,Thursday
VpP_YgR8Fzc,GeeksforGeeks,Are You Making These Mistakes In Your Tech Interview? 5 Common Mistakes You Can Avoid!,2026-03-29 11:30:30+00:00,27,GeeksforGeeks|Programming|Algorithms|Data Structures|learn to code|learn coding|GFG|Coding Courses|GeeksforGeeks Courses|LIVE Coding classes|coding classes|Learn DSA|interview mistakes|gfg connect|tech interview|tech interview mistakes|coding interview mistakes|software engineering interview|common interview mistakes|tech interview tips|coding interview tips|how to crack tech interview|interview mistakes to avoid|programming interview tips,PT2M22S,1973,61,1,2026-05-26 13:34:43,142,3.1424,2026,3,Sunday
23zU3cqv6SE,GeeksforGeeks,Will AI Take Your Job? #jobtrends #hiring2026 #hiringtrends #AITrends,2026-03-27 12:16:37+00:00,27,,PT1M10S,8854,139,6,2026-05-26 13:34:43,70,1.6377,2026,3,Friday
sBS-TKHYbSE,GeeksforGeeks,Industry Layoffs Are Back 😨 | What It Means for You,2026-03-25 12:31:20+00:00,27,industry layoff|layoff|layoff again|layoffs|tech layoffs|ai layoffs|layoffs in tech|big tech layoffs|are tech layoffs about ai,PT5M20S,5798,141,21,2026-05-26 13:34:43,320,2.7941,2026,3,Wednesday
Vg_npNN7XyQ,GeeksforGeeks,Master this to crack placements - Give mock interview #Shorts #GfG,2026-03-25 10:27:08+00:00,27,GeeksforGeeks|Programming|Algorithms|Data Structures|learn to code|learn coding|GFG|Coding Courses|GeeksforGeeks Courses|LIVE Coding classes|coding classes|Learn DSA,PT53S,7061,100,0,2026-05-26 13:34:43,53,1.4162,2026,3,Wednesday
5gJ0sfA7MNA,GeeksforGeeks,Where do you stand right now in the Job Market? #Shorts #GfG,2026-03-22 06:13:20+00:00,27,GeeksforGeeks|Programming|Algorithms|Data Structures|learn to code|learn coding|GFG|Coding Courses|GeeksforGeeks Courses|LIVE Coding classes|coding classes|Learn DSA,PT57S,7416,130,0,2026-05-26 13:34:43,57,1.753,2026,3,Sunday
gi2msRZqbwQ,GeeksforGeeks,Hard Truth of FDE | Reality of Software Development Career,2026-03-20 12:01:22+00:00,27,fde|hard truth of fde|Forward Deployed Engineering|modern software engineering|software engineer salary|engineering students|computer science,PT7M38S,2819,68,16,2026-05-26 13:34:43,458,2.9798,2026,3,Friday
im36I5Itwq8,GeeksforGeeks,Is Kiro OverHyped? #Shorts #GfG,2026-03-19 05:45:02+00:00,27,GeeksforGeeks|Programming|Algorithms|Data Structures|learn to code|learn coding|GFG|Coding Courses|GeeksforGeeks Courses|LIVE Coding classes|coding classes|Learn DSA,PT2M28S,9543,107,6,2026-05-26 13:34:43,148,1.1841,2026,3,Thursday
Z3sYuajeIDw,GeeksforGeeks,What is Vibe Coding? | Vibe Coding Explained | How to Enter the Coding Flow State,2026-03-17 12:45:06+00:00,27,vibe coding|what is vibe coding|vibe coding explaied|how to use vibe coding|how to enter the coding flow chart|complete vibe coding|the satisfying death of vibe coding|vibe coding explained|ai coding|vibe coding cursor ai|vibe coding exposed|the truth about ai coding|vibe coding for beginners|vibe coding tutorial|the rise of vibe coding|vibe coding apps|vibe coding full course|the reality of vibe coding|vibe coding course|vibe coding kya hai|vibe code,PT25M45S,1333,39,2,2026-05-26 13:34:43,1545,3.0758,2026,3,Tuesday
MmqitHtl29A,GeeksforGeeks,What Is Product Required Document #Shorts #PRD #Viralvideo #GfG,2026-03-16 12:06:53+00:00,27,GeeksforGeeks|Programming|Algorithms|Data Structures|learn to code|learn coding|GFG|Coding Courses|GeeksforGeeks Courses|LIVE Coding classes|coding classes|Learn DSA,PT1M58S,7157,78,0,2026-05-26 13:34:43,118,1.0898,2026,3,Monday
8DUOeuSVh8U,GeeksforGeeks,Tech Mock Interview on GeeksforGeeks Connect | Practice for Coding Interview Rounds,2026-03-16 11:30:09+00:00,27,GeeksforGeeks|Algorithms|Data Structures|learn to code|learn coding|GFG|Coding Courses|GeeksforGeeks Courses|LIVE Coding classes|coding classes|Learn DSA|gfg connect|geeksforgeeks connect|mock interview|tech mock|coding mock interview|coding interview|amazon coding interview question|interview practice|coding mock|coding interview preparation|coding interview mock|mock|what is gfg connect|gfg connect mock|gfg connect services|connect review,PT11M30S,1462,17,0,2026-05-26 13:34:43,690,1.1628,2026,3,Monday
mul_9NqWWyY,GeeksforGeeks,How To Make Viral AI Videos 100% Free? | Free AI Video,2026-03-15 05:30:33+00:00,27,talking food ai|talking food ai video tutorial|viral ai shorts|food animation ai|talking fruit ai video|viral ai video|viral ai videos|create viral ai videos|how to make veo 3 ai video|ai video kaise banaye free mein|ai video kaise banaye free|mobile se ai video kaise banaye|ai video kaise banaye free main|ai video kaise banaye|how to go viral with ai|ai video|ai|ai video generation free|ai video free|ai video editing|ai video generator free|text tovideo,PT8M55S,7479,203,14,2026-05-26 13:34:43,535,2.9015,2026,3,Sunday
qoU4DNRe55g,GeeksforGeeks,Mock Interview on GfG Connect | Practice Before the Real Interview #Shorts #GfG,2026-03-14 11:30:50+00:00,27,GeeksforGeeks|Programming|Algorithms|Data Structures|learn to code|learn coding|GFG|Coding Courses|GeeksforGeeks Courses|LIVE Coding classes|coding classes|Learn DSA,PT38S,3961,64,0,2026-05-26 13:34:43,38,1.6158,2026,3,Saturday
bPApIqH3zBA,GeeksforGeeks,Zero to AI Tester: Building End-to-End Automation with KaneAI | TestMu AI X GeeksforGeeks,2026-03-14 10:15:50+00:00,27,,PT1H5M58S,7006,358,26,2026-05-26 13:34:43,3958,5.481,2026,3,Saturday
b1s4JhIZUR4,GeeksforGeeks,How To Maximize Your TCS NQT Score? #Shorts #GfG #ViralVideo #TCSNQT #TCSNQTScore,2026-03-14 07:30:19+00:00,27,tcs nqt|how to maximize tcs nqt score|shorts|tcs nqt preparation|tcs nqt previous year question paper|tcs nqt exam pattern|tcs nqt coding questions|tcs nqt numerical ability previous year questions|tcs aptitude questions|tcs nqt coding|tcs nqt previous year questions|tcs nqt aptitude preparation|tcs nqt aptitude questions|tcs aptitude questions with answers|tcs nqt eligibility|how to crack tcs nqt|tcs nqt syllabus|tcs nqt reasoning ability|tcs nqt notification,PT1M34S,37350,1484,2,2026-05-26 13:34:43,94,3.9786,2026,3,Saturday
CyPe9Vf3FwY,GeeksforGeeks,Are LLMs the Solution to Every Problem? | AI Explained,2026-03-13 12:30:31+00:00,27,are llm the solution to every problem|llm|large language models|llm explained|machine learning|is llm answer to evey problem|chatgpt llm explained|local chatgpt|how do large language models work|llm explanation|large language models explained|language model|machine learning tutorial for beginners|learn machine learning|what is an llm|great learning|what are large language models|what is large language model|openai|llm large language model|llm for beginners,PT5M,471,24,2,2026-05-26 13:34:43,300,5.5202,2026,3,Friday
zolskRTrs24,GeeksforGeeks,Real Interview Practice with Mock Interviews on GfG Connect #Shorts,2026-03-13 06:10:24+00:00,27,GeeksforGeeks|Programming|Algorithms|Data Structures|learn to code|learn coding|GFG|Coding Courses|GeeksforGeeks Courses|LIVE Coding classes|coding classes|Learn DSA,PT53S,11381,261,14,2026-05-26 13:34:43,53,2.4163,2026,3,Friday
hYCDQ3PS5zY,GeeksforGeeks,End of Era of SDE? #Shorts #SDE #ViralVideo #GfG,2026-03-12 14:30:40+00:00,27,GeeksforGeeks|Programming|Algorithms|Data Structures|learn to code|learn coding|GFG|Coding Courses|GeeksforGeeks Courses|LIVE Coding classes|coding classes|Learn DSA,PT1M38S,14436,244,3,2026-05-26 13:34:43,98,1.711,2026,3,Thursday
fKI3wMic-Po,GeeksforGeeks,ChatGPT vs Claude vs Gemini | The Ultimate AI Showdown,2026-03-12 12:45:08+00:00,27,claude vs gemini|gemini|chatgpt vs gemini make geometry dash from scratch|chagpt vs gemini vs claude|claude vs gemini vs chatgpt|chatgpt vs gemini vs claude|chatgpt|claude opus 4.5|gemini 3|chatgpt vs gemini|google ai|google gemini|how to use chatgpt|chatgpt 5.2|gemini ai|chatgpt vs gemini make fnaf from scratch|chatgpt 5 vs gemini 3|claude code|chatgpt coding|best ai model|gemini 3.1 pro|claude ai|claude code tutorial|claude vs chatgpt|gemini pro,PT9M41S,1329,55,15,2026-05-26 13:34:43,581,5.2671,2026,3,Thursday
ieTXh-lXMhs,GeeksforGeeks,"TCS NQT 2026 | Aptitude 15 | Permutation and combination , Probability & DI | TCS NQT Preparation",2026-03-11 16:56:57+00:00,27,GeeksforGeeks|Programming|Algorithms|Data Structures|learn to code|learn coding|GFG|Coding Courses|GeeksforGeeks Courses|LIVE Coding classes|coding classes|Learn DSA,PT1H53M25S,15874,406,39,2026-05-26 13:34:43,6805,2.8033,2026,3,Wednesday
SFvqq8--z7E,GeeksforGeeks,Is Prompt Engineering a dead-end career? #Shorts #PromptEngineering #GfG,2026-03-11 05:45:02+00:00,27,GeeksforGeeks|Programming|Algorithms|Data Structures|learn to code|learn coding|GFG|Coding Courses|GeeksforGeeks Courses|LIVE Coding classes|coding classes|Learn DSA,PT56S,4859,70,1,2026-05-26 13:34:43,56,1.4612,2026,3,Wednesday
ddOiz_04Ue4,GeeksforGeeks,TCS NQT 2026 | Aptitude 14 | Algebra and progression | TCS NQT Preparation,2026-03-10 16:31:00+00:00,27,GeeksforGeeks|Programming|Algorithms|Data Structures|learn to code|learn coding|GFG|Coding Courses|GeeksforGeeks Courses|LIVE Coding classes|coding classes|Learn DSA,PT1H50M46S,10638,260,15,2026-05-26 13:34:43,6646,2.5851,2026,3,Tuesday
WuUACJ1mM7g,GeeksforGeeks,TCS NQT 2026 | Verbal 14 | VOCABULARY | TCS NQT Preparation,2026-03-10 10:14:03+00:00,27,GeeksforGeeks|Programming|Algorithms|Data Structures|learn to code|learn coding|GFG|Coding Courses|GeeksforGeeks Courses|LIVE Coding classes|coding classes|Learn DSA,PT2H20M48S,24310,450,43,2026-05-26 13:34:43,8448,2.028,2026,3,Tuesday
KTWKcsfNI_s,GeeksforGeeks,TCS NQT 2026 | Programming 13 | Number Theory 05 | TCS NQT Preparation,2026-03-10 02:01:22+00:00,27,GeeksforGeeks|Programming|Algorithms|Data Structures|learn to code|learn coding|GFG|Coding Courses|GeeksforGeeks Courses|LIVE Coding classes|coding classes|Learn DSA,PT2H1M32S,29566,273,18,2026-05-26 13:34:43,7292,0.9842,2026,3,Tuesday
NTGeq-FT9Uc,GeeksforGeeks,TCS NQT 2026 | Aptitude 13 | Non verbal reasoning | TCS NQT Preparation,2026-03-09 17:06:23+00:00,27,GeeksforGeeks|Programming|Algorithms|Data Structures|learn to code|learn coding|GFG|Coding Courses|GeeksforGeeks Courses|LIVE Coding classes|coding classes|Learn DSA,PT1H52M9S,87907,837,42,2026-05-26 13:34:43,6729,0.9999,2026,3,Monday
535Bgdw0G2M,GeeksforGeeks,"Is ""Dead Internet"" theory becoming true? #Shorts #ViralVideo GfG",2026-03-09 12:37:18+00:00,27,GeeksforGeeks|Programming|Algorithms|Data Structures|learn to code|learn coding|GFG|Coding Courses|GeeksforGeeks Courses|LIVE Coding classes|coding classes|Learn DSA,PT51S,4868,73,0,2026-05-26 13:34:43,51,1.4996,2026,3,Monday
qTGhSAlibxo,GeeksforGeeks,TCS NQT 2026 | Verbal 12 | READING COMPREHENSION | TCS NQT Preparation,2026-03-09 10:08:32+00:00,27,GeeksforGeeks|Programming|Algorithms|Data Structures|learn to code|learn coding|GFG|Coding Courses|GeeksforGeeks Courses|LIVE Coding classes|coding classes|Learn DSA,PT2H1M48S,11302,390,13,2026-05-26 13:34:43,7308,3.5657,2026,3,Monday
xjsnCsNDnfg,GeeksforGeeks,TCS NQT 2026 | Programming 12 | Number Theory 04 | TCS NQT Preparation,2026-03-09 00:26:57+00:00,27,GeeksforGeeks|Programming|Algorithms|Data Structures|learn to code|learn coding|GFG|Coding Courses|GeeksforGeeks Courses|LIVE Coding classes|coding classes|Learn DSA,PT1H45M51S,6288,126,8,2026-05-26 13:34:43,6351,2.131,2026,3,Monday
paG2hNpT1YU,GeeksforGeeks,TCS NQT 2026 | Programming 11 | Number Theory 03 | TCS NQT Preparation,2026-03-08 00:35:49+00:00,27,GeeksforGeeks|Programming|Algorithms|Data Structures|learn to code|learn coding|GFG|Coding Courses|GeeksforGeeks Courses|LIVE Coding classes|coding classes|Learn DSA,PT1H57M46S,7180,147,6,2026-05-26 13:34:43,7066,2.1309,2026,3,Sunday
T2pCfaadKdw,GeeksforGeeks,TCS NQT 2026 | Aptitude 12 | Seating arrangement and Puzzle test | TCS NQT Preparation,2026-03-07 17:06:21+00:00,27,GeeksforGeeks|Programming|Algorithms|Data Structures|learn to code|learn coding|GFG|Coding Courses|GeeksforGeeks Courses|LIVE Coding classes|coding classes|Learn DSA,PT1H50M24S,18285,452,16,2026-05-26 13:34:43,6624,2.5595,2026,3,Saturday
sPFpfiHNGDM,GeeksforGeeks,TCS NQT 2026 | Verbal 11 | ACTIVE PASSIVE VOICE | TCS NQT Preparation,2026-03-07 10:19:50+00:00,27,GeeksforGeeks|Programming|Algorithms|Data Structures|learn to code|learn coding|GFG|Coding Courses|GeeksforGeeks Courses|LIVE Coding classes|coding classes|Learn DSA,PT2H3M16S,10034,345,25,2026-05-26 13:34:43,7396,3.6875,2026,3,Saturday
TpiAMmA_nLs,GeeksforGeeks,TCS NQT 2026 | Programming 10 | Number Theory 02 | TCS NQT Preparation,2026-03-06 23:53:15+00:00,27,GeeksforGeeks|Programming|Algorithms|Data Structures|learn to code|learn coding|GFG|Coding Courses|GeeksforGeeks Courses|LIVE Coding classes|coding classes|Learn DSA,PT1H17M21S,4497,128,7,2026-05-26 13:34:43,4641,3.002,2026,3,Friday
6tjVVMaODZo,GeeksforGeeks,"TCS NQT 2026 | Aptitude 11 | Blood relation, Direction & Mathematical operations | TCS NQT",2026-03-06 17:56:51+00:00,27,GeeksforGeeks|Programming|Algorithms|Data Structures|learn to code|learn coding|GFG|Coding Courses|GeeksforGeeks Courses|LIVE Coding classes|coding classes|Learn DSA,PT1H53M47S,30950,652,41,2026-05-26 13:34:43,6827,2.2391,2026,3,Friday
hJIbqMukWmc,GeeksforGeeks,Chat GPT 5.4 Launch 🔥🔥 #shorts #chatgpt #viralvideo,2026-03-06 15:13:25+00:00,27,GeeksforGeeks|Programming|Algorithms|Data Structures|learn to code|learn coding|GFG|Coding Courses|GeeksforGeeks Courses|LIVE Coding classes|coding classes|Learn DSA,PT1M,6422,146,31,2026-05-26 13:34:43,60,2.7562,2026,3,Friday
PYU94_uYRFo,GeeksforGeeks,TCS NQT 2026 | Verbal 10 | DIRECT AND INDIRECT SPEECH | TCS NQT Preparation,2026-03-06 09:49:09+00:00,27,,PT1H48M36S,10978,392,25,2026-05-26 13:34:43,6516,3.7985,2026,3,Friday
zhrIXkwn_NA,GeeksforGeeks,TCS NQT 2026 | Programming 09 | Number Theory 01 | TCS NQT Preparation,2026-03-06 00:01:54+00:00,27,,PT1H22M56S,7365,181,8,2026-05-26 13:34:43,4976,2.5662,2026,3,Friday
3Sligb3z6JA,GeeksforGeeks,"TCS NQT 2026 | Aptitude 10 | Series ,Coding decoding and Analogy | TCS NQT Preparation",2026-03-05 16:07:11+00:00,27,GeeksforGeeks|Programming|Algorithms|Data Structures|learn to code|learn coding|GFG|Coding Courses|GeeksforGeeks Courses|LIVE Coding classes|coding classes|Learn DSA,PT1H25M25S,16577,449,13,2026-05-26 13:34:43,5125,2.787,2026,3,Thursday
Lmz6Lye-ymI,GeeksforGeeks,TCS NQT 2026 | Verbal 08 | Rules For Usage Of Interjection | TCS NQT Preparation,2026-03-05 09:42:40+00:00,27,,PT1H28M44S,8545,337,11,2026-05-26 13:34:43,5324,4.0726,2026,3,Thursday
03EEJjfkfhA,GeeksforGeeks,TCS NQT 2026 | Aptitude 09 | Clock and Calendar | TCS NQT Preparation,2026-03-04 16:29:15+00:00,27,GeeksforGeeks|Programming|Algorithms|Data Structures|learn to code|learn coding|GFG|Coding Courses|GeeksforGeeks Courses|LIVE Coding classes|coding classes|Learn DSA,PT1H50M11S,30246,697,39,2026-05-26 13:34:43,6611,2.4334,2026,3,Wednesday
WP-MR6xUqVM,GeeksforGeeks,TCS NQT 2026 | Programming 08 | String 04 | TCS NQT Preparation,2026-03-04 00:21:33+00:00,27,,PT1H31M30S,6402,156,7,2026-05-26 13:34:43,5490,2.5461,2026,3,Wednesday
xX0UmPDUmGM,GeeksforGeeks,TCS NQT 2026 | Aptitude 08 | Mensuration 2D &3D | TCS NQT Preparation,2026-03-03 17:10:47+00:00,27,GeeksforGeeks|Programming|Algorithms|Data Structures|learn to code|learn coding|GFG|Coding Courses|GeeksforGeeks Courses|LIVE Coding classes|coding classes|Learn DSA,PT1H53M21S,25342,553,35,2026-05-26 13:34:43,6801,2.3203,2026,3,Tuesday
aJY9Z6cFJNQ,GeeksforGeeks,TCS NQT 2026 | Programming 07 | String 03 | TCS NQT Preparation,2026-03-03 01:28:58+00:00,27,,PT1H6M48S,5897,151,20,2026-05-26 13:34:43,4008,2.8998,2026,3,Tuesday
8z9bDGyNQEY,GeeksforGeeks,TCS NQT 2026 | Aptitude 07 | Number system | TCS NQT Preparation,2026-03-02 17:30:24+00:00,27,,PT1H51M21S,36895,923,85,2026-05-26 13:34:43,6681,2.7321,2026,3,Monday
Ft36ni8GsMo,GeeksforGeeks,TCS NQT 2026 | Verbal 07 | Rules For Usage Of Conjunction | TCS NQT Preparation,2026-03-02 08:56:41+00:00,27,,PT1H7M14S,10091,387,16,2026-05-26 13:34:43,4034,3.9937,2026,3,Monday
PmxujfHK48Q,GeeksforGeeks,"TCS NQT 2026 | Aptitude 06 | SI & CI , Average | TCS NQT Preparation",2026-02-28 17:19:55+00:00,27,,PT1H54M5S,39073,898,47,2026-05-26 13:34:43,6845,2.4185,2026,2,Saturday
mVzFQaBy6II,GeeksforGeeks,TCS NQT 2026 | Programming 06 | String 02 | TCS NQT Preparation,2026-02-28 13:04:50+00:00,27,,PT1H44M56S,9190,225,5,2026-05-26 13:34:43,6296,2.5027,2026,2,Saturday
xjqeHT0Vvoc,GeeksforGeeks,TCS NQT 2026 | Verbal 06 | Rules For Usage Of Preposition | TCS NQT Preparation,2026-02-28 10:49:01+00:00,27,,PT1H57M8S,13555,527,20,2026-05-26 13:34:43,7028,4.0354,2026,2,Saturday
YW4qxQWQdR0,GeeksforGeeks,"TCS NQT 2026 | Aptitude 05 | Profit , Loss & discount | TCS NQT Preparation",2026-02-27 17:17:26+00:00,27,,PT1H57M40S,49212,1088,58,2026-05-26 13:34:43,7060,2.3287,2026,2,Friday
7zGgXtWcySQ,GeeksforGeeks,NIMCET 2026 Notification Released | Exam Date | Syllabus | Online Form Details,2026-02-27 14:59:30+00:00,27,nimcet 2026 notification|nicet 2026 notification released|nimcet 2026 preparation|nimcet 2026 exam date|nimcet 2026 syllabus|nimcet notification out|nimcet 2026 form start date|nimcet exam pattern|nimcet latest update|nimcet preparation|nimcet exam preparation|nimcet preparation roadmap|nimcet exam|how to crack nimcet exam|nimcet exam update|nimcet 2026|nimcet 2026 notification out|nimcet exam syllabus|nimcet cut off|nimcet roadmap|nimcet test series|gfg,PT6M35S,3293,61,5,2026-05-26 13:34:43,395,2.0043,2026,2,Friday
x3_RZbzjvks,GeeksforGeeks,TCS NQT 2026 | Programming 05 | String 01 | TCS NQT Preparation,2026-02-27 12:23:16+00:00,27,,PT1H40M15S,16260,394,7,2026-05-26 13:34:43,6015,2.4662,2026,2,Friday
tegkf8rOuoo,GeeksforGeeks,TCS NQT 2026 | Verbal 05 | Rules For Usage Of Adverbs | TCS NQT Preparation,2026-02-27 11:40:56+00:00,27,GeeksforGeeks|Programming|Algorithms|Data Structures|learn to code|learn coding|GFG|Coding Courses|GeeksforGeeks Courses|LIVE Coding classes|coding classes|Learn DSA,PT1H49M55S,14424,781,32,2026-05-26 13:34:43,6595,5.6364,2026,2,Friday
afawt9_IyEo,GeeksforGeeks,"TCS NQT 2026 | Aptitude 04 | Ratio & proportion , Mixture | TCS NQT Preparation",2026-02-26 16:41:50+00:00,27,,PT1H54M54S,54913,1588,57,2026-05-26 13:34:43,6894,2.9956,2026,2,Thursday
NgZa2IHcQS8,GeeksforGeeks,TCS NQT 2026 | Programming 04 | Array 04 | TCS NQT Preparation,2026-02-26 13:05:00+00:00,27,tcs nqt|array|tcs nqt programming|tcs nqt array,PT1H51M8S,11920,274,17,2026-05-26 13:34:43,6668,2.4413,2026,2,Thursday
xpp2_oCMa6M,GeeksforGeeks,TCS NQT 2026 | Verbal 04 | Rules For Usage Of Adjective | TCS NQT Preparation,2026-02-26 08:57:29+00:00,27,tcs nqt 2026|tcs nqt|rules for usage of adjective|verbal in tcs nqt|verbal tcs nqt|adjective tcs nqt|tcs nqt how to prepare|tcs nqt preparation|tcs nqt aptitude practice|tcs nqt previous year questions|verbal ability for tcs nqt one shot|tcs nqt verbal ability previous year questions|tcs nqt free preparation|tcs nqt aptitude questions|tcs nqt prepartion|tcs interview questions|tcs nqt coding questions|tcs|tcs nqt strategy|gfg,PT1H14M39S,15853,575,24,2026-05-26 13:34:43,4479,3.7785,2026,2,Thursday
5ToqG0SJTLo,GeeksforGeeks,TCS NQT 2026 | Aptitude 03 | Percentage | TCS NQT Preparation,2026-02-25 17:18:39+00:00,27,tcs nqt 2026|tcs nqt|tcs nqt 2026 preparation|aptitude tcs nqt|tcs nqt 2026 aptitude|percentage|tcs nqt percentage|tcs nqt previous year questions|tcs nqt preparation|tcs nqt questions and answers|how to crack tcs nqt|how to prepare for tcs nqt|tcs nqt eligibility|tcs previous year question paper|tcs nqt coding questions|tcs nqt aptitude questions|tcs nqt verbal ability|tcs nqt previous year question paper|tcs nqt strategy|tcs nqt aptitude preparation|gfg,PT1H53M28S,82175,1840,123,2026-05-26 13:34:43,6808,2.3888,2026,2,Wednesday
eLPApI-lxcY,GeeksforGeeks,TCS NQT 2026 | Programming 03 | Array 03 | TCS NQT Preparation,2026-02-25 12:53:51+00:00,27,tcs nqt 2026|tcs nqt|tcs nqt programming|tcs nqt array|tcs nqt programming preparation|tcs nqt playlist|tcs nqt preparation|tcs nqt previous year questions|tcs nqt numerical ability previous year questions|tcs nqt coding questions|tcs nqt questions and answers|tcs coding questions|tcs nqt coding quetsion|tcs nqt aptitude questions|tcs nqt previous year coding questions|tcs nqt coding questions with answers|tcs nqt previous year aptitude questions|TCS NQT|gfg,PT2H38S,18525,408,11,2026-05-26 13:34:43,7238,2.2618,2026,2,Wednesday
ehzyrcFCOb4,GeeksforGeeks,Can You Solve This IBM Interview Question? 🖥️ #Shorts #GfG #IBM,2026-02-25 09:46:55+00:00,27,GeeksforGeeks|Programming|Algorithms|Data Structures|learn to code|learn coding|GFG|Coding Courses|GeeksforGeeks Courses|LIVE Coding classes|coding classes|Learn DSA,PT1M,12507,432,12,2026-05-26 13:34:43,60,3.55,2026,2,Wednesday
DgHV4dvV_jk,GeeksforGeeks,TCS NQT 2026 | Verbal 03 | Rules For Usage Of Verbs | TCS NQT Preparation,2026-02-25 09:23:12+00:00,27,tcs nqt 2026|tcs nqt|rules for usage of verbs|verbs|tcs nqt verbal|tcs nqt verbal verb|tcs nqt preparation|tcs nqt previous year question paper|tcs nqt aptitude questions|tcs nqt reasoning shortcuts|tcs nqt exam|tcs nqt verbal preparation|tcs nqt 2026 strategy|tcs free nqt|tcs nqt previous year question paper with solutions|tcs nqt verbal ability preparation|how to crack tcs nqt|tcs nqt reasoning ability|tcs nqt questions and answers|tcs nqt aptitude|gfg,PT1H37M51S,23263,851,57,2026-05-26 13:34:43,5871,3.9032,2026,2,Wednesday
mLHtKPEXss8,GeeksforGeeks,"TCS NQT 2026 | Aptitude 02 | Time speed & distance , Boat & stream | TCS NQT Preparation",2026-02-24 17:11:08+00:00,27,GeeksforGeeks|Programming|Algorithms|Data Structures|learn to code|learn coding|GFG|Coding Courses|GeeksforGeeks Courses|LIVE Coding classes|coding classes|Learn DSA,PT1H55M13S,81059,2375,105,2026-05-26 13:34:43,6913,3.0595,2026,2,Tuesday
DqKr02yt_MI,GeeksforGeeks,TCS NQT 2026 | How To register? | How To Apply? | FAQ's | Complete Information,2026-02-24 14:19:50+00:00,27,tcs nqt|tcs nqt preparation|tcs nqt 2026 preparation|tcs nqt 2026 roadmap|how to apply tcs nqt|tcs nqt register|tcs nqt questions and answers|tcs nqt aptitude questions|tcs nqt exam|tcs nqt numerical ability previous year questions|tcs nqt eligibility|tcs nqt registration process|tcs nqt previous year question paper|tcs nqt coding questions|tcs nqt exam pattern|tcs nqt syllabus|tcsnqt|tcs nqt previous year aptitude questions|tcs aptitude questions|gfg|tcs|nqt,PT7M12S,3378,84,15,2026-05-26 13:34:43,432,2.9307,2026,2,Tuesday
HayvoShS1LQ,GeeksforGeeks,TCS NQT 2026 | Programming 02 | Array 02 | TCS NQT Preparation,2026-02-24 12:58:58+00:00,27,tcs nqt|tcs nqt array|tcs nqt array question|tcs nqt array pyq|tcs coding round|tcs interview preparation|tcs coding questions nqt|tcs nqt previous year coding questions|#tcs nqt previous year questions|tcs nqt previous year question paper|tcs nqt nextstep|tcs nqt previous year question paper with solutions|tcs interview experience|tcs interview question|tcs nqt coding questions|tcs nqt coding questions with answers|tcs nqt advanced coding preparation,PT2H5M1S,29747,666,31,2026-05-26 13:34:43,7501,2.3431,2026,2,Tuesday
TVfKqbenTgM,GeeksforGeeks,TCS NQT 2026 | Verbal 02 | Rules For Usage Of Pronouns | TCS NQT Preparation,2026-02-24 12:10:01+00:00,27,tcs nqt 2026|tcs nqt|tcs nqt pronoun|tcs nqt noun|tcs nqt verbal ability|tcs nqt verbal ability preparation|tcs nqt verbal ability questions|tcs nqt preparation|tcs nqt reasoning shortcuts|tcs nqt reasoning questions|tcs nqt verbal ability previous year questions|vocabulary tcs nqt|tcs nqt strategy|tcs placement exam|verbal ability tcs nqt|tcs nqt previous year question paper|verbal ability for tcs nqt one shot|tcs nqt exam|tcs verbal ability one shot|gfg,PT1H14M21S,23289,905,52,2026-05-26 13:34:43,4461,4.1092,2026,2,Tuesday
3EI9YAySwHQ,GeeksforGeeks,"TCS NQT 2026 | Aptitude 01 | Time & Work , Pipes & Cisterns ,LCM HCF  | TCS NQT Preparation",2026-02-23 17:14:30+00:00,27,GeeksforGeeks|Programming|Algorithms|Data Structures|learn to code|learn coding|GFG|Coding Courses|GeeksforGeeks Courses|LIVE Coding classes|coding classes|Learn DSA,PT1H59M40S,140008,3650,164,2026-05-26 13:34:43,7180,2.7241,2026,2,Monday
g9W7uh_Jfxs,GeeksforGeeks,TCS NQT 2026 | Programming 01 | Array | TCS NQT Preparation,2026-02-23 14:17:20+00:00,27,tcs nqt 2026|tcs nqt array coding questions|tcs nqt array|tcs nqt array quetions|tcs nqt exam|tcs nqt coding question|tcs nqt coding|tcs coding interview questions|tcs nqt coding questions|tcs|tcs nqt coding questions with answers in java|tcs nqt aptitude questions|tcs coding questions|tcs nqt preparation|tcs nqt eligibility|tcs coding questions with answers|tcs nqt questions and answers|tcs nqt coding preparation|tcs nqt previous year questions|tcs prime,PT2H6M56S,98945,2232,135,2026-05-26 13:34:43,7616,2.3922,2026,2,Monday
SJMNAltbKpM,GeeksforGeeks,TCS NQT 2026 | Verbal 01 | Rules For Usage Of Nouns | TCS NQT Preparation,2026-02-23 10:16:55+00:00,27,tcs nqt 2026|tcs nqt|rules for usage of noun|tcs nqt aptitude|tcs nqt prepartion|tcs nqt eligibility|tcs nqt preparation|tcs nqt registration|tcs interview questions|tcs nqt previous year questions|tcs nqt aptitude preparation|tcs nqt aptitude pyq|tcs ninja interview|tcs nqt interview|tcs nqt advanced mock test|tcs nqt aptitude practice|tcs nqt previous year question paper with solutions|tcs nqt aptitude questions|tcs interview for freshers|tcs nqt coding,PT1H44M41S,78322,2621,130,2026-05-26 13:34:43,6281,3.5124,2026,2,Monday
H5gppI9lku4,GeeksforGeeks,TCS NQT 2026 Preparation Strategy | Complete Roadmap,2026-02-22 00:05:20+00:00,27,tcs nqt 2026|tcs nqt|tcs nqt 2026 preparation|tcs nqt strategy|tcs nqt 2026 roadmap|how to crack tcs nqt 2026|tcs nqt 2026 syllabus|tcs nqt 2026 placement|tcs nqt salary details|tcs nqt preparation|tcs nqt eligibility|tcs digital interview|tcs nqt prime|tcs nqt free exam|tcs nqt questions and answers|tcs nqt coding questions|tcs nqt cracking strategy|tcs aptitude preparation|tcs nqt last date|tcs nqt previous year question paper|tcs nqt how to prepare,PT23M46S,72028,2735,425,2026-05-26 13:34:43,1426,4.3872,2026,2,Sunday
sV6gz0N_ZSs,GeeksforGeeks,Can You Solve Microsoft Interview Question? #interviewquestion #shorts #GfG,2026-02-20 05:45:03+00:00,27,GeeksforGeeks|Programming|Algorithms|Data Structures|learn to code|learn coding|GFG|Coding Courses|GeeksforGeeks Courses|LIVE Coding classes|coding classes|Learn DSA,PT1M16S,28581,1354,29,2026-05-26 13:34:43,76,4.8389,2026,2,Friday
2jKKz2CAlio,GeeksforGeeks,All About TCS NQT 2026 | Syllabus | Cut Off | Eligibility | CTC - 12 To 15 Lakh,2026-02-19 12:36:21+00:00,27,tcs nqt|tcs nqt recruitment 2026|tcs nqt recruitment|tcs nqt 2026 syllabus|tcs nqt cut off|tcs nqt exam pattern|tcs nqt 2026 eligibility|tcs nqt salary|tcs nqt strategy|how to prepare for tcs nqt|tcs nqt registration|tcs nqt eligibility|tcs nqt cutoff for ninja|tcs nqt notification|tcs nqt last date|tcs nqt 2026 notification|tcs freshers hiring|tcs nqt exam|tcs digital hiring|tcs free nqt|tcs nqt syllabus|tcs ninja hiring|how to apply for tcs nqt|gfg,PT10M5S,21898,560,235,2026-05-26 13:34:43,605,3.6305,2026,2,Thursday
1k8dQnBZGIU,GeeksforGeeks,What is SQL? 🤔 Future Career Scope & Best Resources to Learn,2026-02-15 12:30:03+00:00,27,sql|what is sql|basic of sql|future of sql|sql training|sql roadmap|learn sql fast|step-by-step sql|sql tutorial for beginners|sql for beginners|sql full course|sql lessons|sql query|learn sql queries|free sql course|sql interview questions and answers|sql basic queries|sql tutorial|sql bootcamp|select command in sql|sql interview questions|sql basics for beginners|how to learn sql fast|learn sql|full sql course|sql course for beginners|gfg|SQL,PT11M56S,3221,126,11,2026-05-26 13:34:43,716,4.2533,2026,2,Sunday
WshIObeAwcQ,GeeksforGeeks,What is System Design? 🤔 Explained with a Simple Example #Shorts #SystemDesign #GfG,2026-02-14 05:45:01+00:00,27,what is system design|system design|system design kya hai|shorts|system design shorts|system design fundamentals|software developer|system design basics|system design interview questions|system design for beginners|system design interview|system architecture|software architecture|design system|software engineering|system design whatsapp|software development|coding interview|system design interview preparation|whatsapp system design|system design tutorial,PT1M1S,22102,972,7,2026-05-26 13:34:43,61,4.4295,2026,2,Saturday
A7fUbUqdgrY,GeeksforGeeks,Can you solve this Netflix Interview Puzzle Question? #Shorts #Netflix #GfG,2026-02-13 06:37:44+00:00,27,GeeksforGeeks|Programming|Algorithms|Data Structures|learn to code|learn coding|GFG|Coding Courses|GeeksforGeeks Courses|LIVE Coding classes|coding classes|Learn DSA,PT1M,14996,562,13,2026-05-26 13:34:43,60,3.8344,2026,2,Friday
cH3mvlMcCrU,GeeksforGeeks,DSA In Java | Graph 01 | Java in One Shot | Graph in Java,2026-02-12 12:30:47+00:00,27,dsa in graph|graph|dsa by raghav bhaiya|dsa|graph data structure|graph theory|graph theory tutorial|graphs for placements|graph algorithms|graph in dsa|python graph|graph in data structure|graph python|dsa roadmap|graph series|graphs in python|graphs python|python graphs|graphs in data structure|dsa for beginners|graphs for interviews|graph data structure python|graph theory python|graphs data structures|striver graph series|graph playlist|gfg,PT5H22S,16317,259,131,2026-05-26 13:34:43,18022,2.3901,2026,2,Thursday
Vy6rzfV4sK0,GeeksforGeeks,Your Life Has Been Changed 🔥 | Powerful Motivation for Students #Shorts #GfG #ViralVideo,2026-02-12 03:27:23+00:00,27,GeeksforGeeks|Programming|Algorithms|Data Structures|learn to code|learn coding|GFG|Coding Courses|GeeksforGeeks Courses|LIVE Coding classes|coding classes|Learn DSA,PT1M3S,21740,1636,10,2026-05-26 13:34:43,63,7.5713,2026,2,Thursday
kEP5QMPKH_A,GeeksforGeeks,250+ Refunds Claimed | GeeksforGeeks Three 90 Challenge!,2026-02-11 12:36:14+00:00,27,GeeksforGeeks|Programming|Algorithms|Data Structures|learn to code|learn coding|GFG|Coding Courses|GeeksforGeeks Courses|LIVE Coding classes|coding classes|Learn DSA|three 90 challenge|three 90|refund|refunds,PT50S,6788,26,3,2026-05-26 13:34:43,50,0.4272,2026,2,Wednesday
W8gBhEKxzCw,GeeksforGeeks,Do Not Ignore Mental Health | It Matters More Than You Think #Shorts #GfG,2026-02-10 08:44:42+00:00,27,GeeksforGeeks|Programming|Algorithms|Data Structures|learn to code|learn coding|GFG|Coding Courses|GeeksforGeeks Courses|LIVE Coding classes|coding classes|Learn DSA,PT50S,11904,634,6,2026-05-26 13:34:43,50,5.3763,2026,2,Tuesday
1Gxn6R0IpT4,GeeksforGeeks,GATE Offline Centre in Hyderabad | GfG GATE Classroom Program,2026-02-10 00:07:13+00:00,27,,PT1H12M17S,2340,68,11,2026-05-26 13:34:43,4337,3.3761,2026,2,Tuesday
oEQx_TnErzc,GeeksforGeeks,🚀 India ka Defence Tech Boom! #Shorts #GfG #ViralVideo,2026-02-09 08:04:33+00:00,27,GeeksforGeeks|Programming|Algorithms|Data Structures|learn to code|learn coding|GFG|Coding Courses|GeeksforGeeks Courses|LIVE Coding classes|coding classes|Learn DSA,PT48S,14117,518,5,2026-05-26 13:34:43,48,3.7048,2026,2,Monday
wXv5GRM029U,GeeksforGeeks,Hack-4-Viksit Bharat Hackathon | Big Opportunity for Students | FoT DU x Google Cloud x SISL x GfG ,2026-02-08 12:31:13+00:00,27,data science students hackathon|uidai hackathon for students|hackathon for engineering students|uidai data hackathon 2026|code for good hackathon 2023|hackathon apna college|jp morgan code for good hackathon 2025|data hackathon india|student hackathon india|code for good hackathon tips|uidai hackathon 2026|data science hackathon india|data hackathon|hackathon 2026|what is hackathon in tamil|code for good hackathon|student hackathon|government hackathon india,PT37M29S,7491,266,11,2026-05-26 13:34:43,2249,3.6978,2026,2,Sunday
W9KCK2Kirso,GeeksforGeeks,What Is an Array? | Explained in 60 Seconds #Shorts #Array #GfG,2026-02-07 05:45:06+00:00,27,array|shorts|array in just 1 minute|what is an array|array explain|what is array|java arrays|arrays|data structures and algorithms|what's array|1d array|array in c|data structures in java|java array|array data structure|linked list|memory|introduction to array|why do we need arrays in c programming|stack|arrays in c language|programming language|array definition in c|array introduction|array in data structure|c++ array|array in c language|viral video,PT1M1S,15789,697,6,2026-05-26 13:34:43,61,4.4525,2026,2,Saturday
s23_FgP-xHk,GeeksforGeeks,"1–2 Hours Gone Daily 😶 | Thoda Scroll, Din Khatam | Reality Check #Shorts #GfG #ViralVideo",2026-02-06 05:45:04+00:00,27,GeeksforGeeks|Programming|Algorithms|Data Structures|learn to code|learn coding|GFG|Coding Courses|GeeksforGeeks Courses|LIVE Coding classes|coding classes|Learn DSA,PT43S,15898,787,11,2026-05-26 13:34:43,43,5.0195,2026,2,Friday
J0NQlLKj5LE,GeeksforGeeks,Google Launches VEP 😱 | Voluntary Exit Program Explained #Shorts #Google #VoluntaryExitProgram #GfG,2026-02-04 05:45:00+00:00,27,google launches vep|voluntary exit program|google voluntary exit program|vep|what is vep|what is google vep|shorts,PT51S,20156,625,2,2026-05-26 13:34:43,51,3.1107,2026,2,Wednesday
5iA-PZydN5k,GeeksforGeeks,DSA In Java | Backtracking | Java in One Shot | Backtracking in Java,2026-02-03 12:45:01+00:00,27,dsa in java|dsa|dsa by raghav sir|backtracking|backtracking in java|what is backtracking|backtracking algorithms|dsa in java full course|sudoku backtracking|backtracking problems|backtracking algorithm playlist|learn dsa|knapsack problem using backtracking|dsa roadmap|dsa strategy|dsa full course in hindi playlist|backtracking explained|introduction to backtracking|backtracking playlist|what is backtracking algorithm|sum of subset problem using backtracking,PT4H4M45S,9377,177,32,2026-05-26 13:34:43,14685,2.2289,2026,2,Tuesday
FdS_n-h40Ek,GeeksforGeeks,What Does a Project Manager at Google Actually Do? #Shorts #ViralVideo #GfG,2026-02-02 05:45:00+00:00,27,GeeksforGeeks|Programming|Algorithms|Data Structures|learn to code|learn coding|GFG|Coding Courses|GeeksforGeeks Courses|LIVE Coding classes|coding classes|Learn DSA,PT50S,12497,372,4,2026-05-26 13:34:43,50,3.0087,2026,2,Monday
qtW8Zl9eqvE,GeeksforGeeks,Linux vs Windows vs Mac 💻 | Best OS for Developers? #Shorts #GfG,2026-02-01 05:45:07+00:00,27,GeeksforGeeks|Programming|Algorithms|Data Structures|learn to code|learn coding|GFG|Coding Courses|GeeksforGeeks Courses|LIVE Coding classes|coding classes|Learn DSA,PT1M,16098,611,16,2026-05-26 13:34:43,60,3.8949,2026,2,Sunday
MReRZvVJUp4,GeeksforGeeks,Resume Finding Hack 💼 | How Recruiters Search Resumes #Shorts #GfG #Resume,2026-01-31 05:45:02+00:00,27,resume building|resume hack|resume|resume finding hack|how to recuiters search resume|how to write a resume|resume writing|ats resume tips|resume tips|resume advice|resume writing tips|resume optimization|how to write a good resume|information technology resume|how to make a resume|resume hacks|how to make a good resume|resume template|resume review|how to make a resume for first job|resume examples|resume tips for experienced professionals|shorts|gfg,PT1M,32106,2505,4,2026-05-26 13:34:43,60,7.8147,2026,1,Saturday
B2UY-pXdE2E,GeeksforGeeks,DSA In Java | Binary Search On Answer | Java in One Shot | Binary Search On Answer in Java,2026-01-30 12:45:01+00:00,27,,PT1H58M52S,6039,138,35,2026-05-26 13:34:43,7132,2.8647,2026,1,Friday
aHYBqZFa4Pk,GeeksforGeeks,NIMCET 2026 Complete Roadmap #Shorts #NIMCET #NIMCET2026Strategy #NIMCET2026Roadmap #NIMCET #GfG,2026-01-30 06:05:13+00:00,27,nimcet|nimcet 2026 roadmap|nimcet 2026|nimcet 2026 exam|nimcet roadmap|nimcet syllabus|nimcet maths preparation|nimcet maths syllabus|all about nimcet|nimcet online classes|nimcet preparation strategy|nimcet exam|nimcet exam preparation|nimcet mca admissions|nimcet exam pattern|nimcet aspirants|nimcet exam tips|nimcet eligibility criteria|how to crack nimcet|nimcet cut off|nimcet free resources|all about nimcet exam|nimcet test series|nimcet batch,PT1M3S,8175,298,3,2026-05-26 13:34:43,63,3.682,2026,1,Friday
rGXEM0d2Hs4,GeeksforGeeks,MOST GATE Aspirants SOLVE PYQ Wrong way | Best TOPPER Strategy to practice PYQ Revealed!,2026-01-29 12:31:24+00:00,27,GeeksforGeeks|Programming|Algorithms|Data Structures|learn to code|learn coding|GFG|Coding Courses|GeeksforGeeks Courses|LIVE Coding classes|coding classes|Learn DSA|topper secret gate pyq strategy|how to practice gate pyqs|gate pyq practice strategy|gate previous year questions strategy|gate 2026 preparation|pyq mistakes to avoid|gate pyq revision strategy|gate exam preparation tips|gate 2026|gfg gate|gfg|gate 2027|gate exam strategy|gate preparation,PT49S,4158,94,0,2026-05-26 13:34:43,49,2.2607,2026,1,Thursday
-d1zUwlx8HQ,GeeksforGeeks,How to Crack GATE Exam? | Topper’s Secret Strategy Revealed,2026-01-28 11:48:10+00:00,27,gate 2027|gate 2027 preparation|gate 2027 preparation strategy|how to crack gate exam|topper secrete strategy to crack gate exam|how to prepare for gate 2027|gate 2027 roadmap|gate 2027 strategy|gate preparation|gate 2027 time management|gate exam strategy|gate 2027 study plan|gate 2027 syllabus|gate exam preparation|gate exam|all about gate 2027|gate strategy|gate 2027 exam preparation|gate exam 2027|how to start gate 2027 preparation|gate|GATE exam|gfg,PT33M40S,974,37,2,2026-05-26 13:34:43,2020,4.0041,2026,1,Wednesday
mZsDnOG7kKs,GeeksforGeeks,LinkedIn Hacks to Find the Best Jobs 🔥 | Job Search Secrets You Must Know #Shorts #GfG #ViralVideo,2026-01-28 05:45:02+00:00,27,GeeksforGeeks|Programming|Algorithms|Data Structures|learn to code|learn coding|GFG|Coding Courses|GeeksforGeeks Courses|LIVE Coding classes|coding classes|Learn DSA,PT1M,28070,1520,1,2026-05-26 13:34:43,60,5.4186,2026,1,Wednesday
dowRKtalB_4,GeeksforGeeks,Can You Solve This Microsoft Interview Question? #Shorts #GfG #Microsoft,2026-01-27 05:45:04+00:00,27,GeeksforGeeks|Programming|Algorithms|Data Structures|learn to code|learn coding|GFG|Coding Courses|GeeksforGeeks Courses|LIVE Coding classes|coding classes|Learn DSA,PT57S,16855,606,10,2026-05-26 13:34:43,57,3.6547,2026,1,Tuesday
ZLrE8tOGZrA,GeeksforGeeks,DSA In Java | DP 03 | Java in One Shot | DP ( Dynamic Programming ) in Java,2026-01-26 12:45:05+00:00,27,dsa in java|dsa|dp|dynamic programming|dsa by raghav sir|dynamic programming problems|dsa java full course|dsa playlist|java dsa|dsa complete playlist in java|dsa roadmap for beginners|data structures and algorithms in java|spinner|coding|java basics|dsa full course in hindi playlist|programming|binary tree|computer science|coding interviews|dsa for beginners,PT4H54M52S,6201,129,20,2026-05-26 13:34:43,17692,2.4028,2026,1,Monday
GFKW0C6f0pI,GeeksforGeeks,"SQL vs NoSQL Explained 🔥 | Differences, Use Cases & Examples #Shorts #SQL #GfG",2026-01-25 05:45:01+00:00,27,sql|nosql|sql vs nosql|difference between sql and nosql|sql tutorial|sql course|main types of nosql|mongodb vs mysql|shorts|sql vs nosql database|learn sql for beginners|mysql vs sql server|mongodb vs sql|mysql tutorial for beginners|learn sql|sql full course|sql beginner tutorial|is sql better than nosql|how to learn sql|sql vs mongodb performance|sql free course|sql course for beginners|sql vs nosql when to use|nosql database|mysql|gfg|learn mysql,PT56S,27352,1244,6,2026-05-26 13:34:43,56,4.57,2026,1,Sunday
_3P-0yXBTao,GeeksforGeeks,Technical Scripter 2026 | How to Join & Win with GeeksforGeeks,2026-01-24 11:28:36+00:00,27,GeeksforGeeks|Programming|Algorithms|Data Structures|learn to code|learn coding|GFG|Coding Courses|GeeksforGeeks Courses|LIVE Coding classes|coding classes|Learn DSA,PT2M19S,1472,31,12,2026-05-26 13:34:43,139,2.9212,2026,1,Saturday
xQwFKMEJKwQ,GeeksforGeeks,Learn Machine Learning in 50 Seconds 🔥 | Complete Roadmap #Shorts #ML #MachineLearning #GfG,2026-01-24 05:45:04+00:00,27,machine learning|machine learning roadmap|machine learning roadmap 2026|short|ml|machine learning engineer roadmap|how to learn machine learning|ai roadmap|machine learning jobs|ai ml roadmap|what is data science|ml engineer skills|machine learning tutorial for beginners|shorts|learn data science|ai|what is machine learning|machine learning roadmap for beginners|tech jobs|machine learning basics|machine learning engineer path|programming with mosh|gemini,PT59S,25134,1726,25,2026-05-26 13:34:43,59,6.9667,2026,1,Saturday
URepBV8jHjA,GeeksforGeeks,Future After B.Tech CSE | Top Career Options for CS Students,2026-01-23 12:45:09+00:00,27,future of cse|computer science future|govt job opportunities for computer science engineers|government job opportunities after btech|government job cse india|government job opportunities for cse|cse government job in india|cse job for cse student|government job after btech cse|government job after btech|best career option after cse|career option after btech|job after btech csit|psu jobs through gate for cse|government jobs after btech|computer science|programming,PT11M27S,17468,475,37,2026-05-26 13:34:43,687,2.9311,2026,1,Friday
Dr8x9rbUfUQ,GeeksforGeeks,Aggregate Functions in SQL for Beginners | Placement & Interviews,2026-01-22 12:45:01+00:00,27,aggregate functions|aggregate function in sql|sql|aggregate demand and aggregate supply|learn sql server|sql tutorial for beginners|sql for beginners|sql course for beginners|sql sum|sql aggregate function count|beginner sql course|aggregate functions in sql|sql roadmap|sql basics|how to learn sql|learn sql from scratch|beginner sql tutorial|sql tutorial|sql queries|sql for business analyst|sql videos|sql window functions|learn data science|learn sql,PT5M,1388,50,4,2026-05-26 13:34:43,300,3.8905,2026,1,Thursday
2arAKqJTwwY,GeeksforGeeks,Crack Aptitude of Any Company 🚀 | Best Resources for Placements & Interviews #Shorts #GfG,2026-01-22 05:45:00+00:00,27,GeeksforGeeks|Programming|Algorithms|Data Structures|learn to code|learn coding|GFG|Coding Courses|GeeksforGeeks Courses|LIVE Coding classes|coding classes|Learn DSA,PT48S,24201,1416,5,2026-05-26 13:34:44,48,5.8717,2026,1,Thursday
Qg5fj0ruhEI,GeeksforGeeks,DSA In Java | DP 02 | Java in One Shot | DP ( Dynamic Programming ) in Java,2026-01-21 13:45:03+00:00,27,dsa|dsa in java|dsa by raghav sir|dp|dynamic programming|dynamic programming iin dsa|dynamic programming fibonacci sequence|dsa roadmap|dynamic programming tutorial|how to learn dsa|dynamic programming and divide and conquer|dynamic programming allocation problem|dsa preparation|dsa roadmap for beginners|dsa for beginners|best dsa course|dsa complete playlist in java|dsa course in java|how to start dsa|2d dp|dsa strategy|dynamic programming playlist|gfg,PT5H7M42S,8410,167,39,2026-05-26 13:34:44,18462,2.4495,2026,1,Wednesday
hLa7OQPNqBo,GeeksforGeeks,NIMCET 2026 Crash Course Batch LAUNCH! 🔥 Complete Course in 90 DAYS,2026-01-20 05:46:16+00:00,27,nimcet fast track batch 2025|cuet pg crash course|nimcet 2026 preparation|nimcet 2026 best test series|how to crack nimcet in 4 months|krd madam physics eamcet 2026|how to crack nimcet without coaching|crack norcet in first attempt|nimcet online class|how to crack nimcet|bca course details in hindi job|college placement course|how to crack nimcet 2026|nimcet coaching|mca|nimcet roadmap|nimcet syllabus|nit mca placement|nimcet exam|nimcet|best nimcet classes,PT20M44S,1409,31,7,2026-05-26 13:34:44,1244,2.6969,2026,1,Tuesday
_T0bdTsX0rg,GeeksforGeeks,Strongest TEAM of CS & DA in INDIA 🔥| Unstoppable TEAM United | Abdul Bari JOINED the GfG Revolution,2026-01-19 12:51:50+00:00,27,abdul bari joined gfg|abdul bari gate cs|gate cs it da top teachers|gfg gate announcement|biggest gate update 2026|gate preparation tips|gate exam tips|gate cs and da strongest team|gate cs & da|gate cs and da preparation|gate exam facts|gfg revolution|gfg|gfg gate|strategy for gate exam|gate|gate preparation|india best computer science teachers|gate da mentors|gate cs mentors india|historic gate announcement|gate exam strategy|gate strategy|gate 2027,PT9M57S,4211,95,16,2026-05-26 13:34:44,597,2.636,2026,1,Monday
Qd6uWWd2Yoo,GeeksforGeeks,Complete Data Science Roadmap 2026 | How To Become a Data Scientist Step by Step,2026-01-18 13:30:27+00:00,27,data science roadmap 2026|complete data science roadmap|how to become data scientist|data science roadmap|data science career|data scientist salary|data science for beginners|data science roadmap for beginners|data science career path|learn data science roadmap|data scientist|how to become a data scientist|how to become a data scientist roadmap|data scientist roadmap|data analyst|how to learn data science for beginners|data analyst salary|what is data science,PT10M54S,2918,121,4,2026-05-26 13:34:44,654,4.2838,2026,1,Sunday
qu3vf5SVM0Y,GeeksforGeeks,Can You Solve This Famous SAP Interview Question? (Bridge & Torch Puzzle) 🤔,2026-01-17 12:31:23+00:00,27,GeeksforGeeks|Programming|Algorithms|Data Structures|learn to code|learn coding|GFG|Coding Courses|GeeksforGeeks Courses|LIVE Coding classes|coding classes|Learn DSA|sap interview question|bridge and torch puzzle|dsa|puzzle based interview question|tech interview puzzles|logical reasoning questions interview|bridge and torch interview puzzle|company interview aptitude question|problem-solving skills|coding skills|gfg courses|reasoning puzzle interview|gfg,PT1M31S,21858,1337,13,2026-05-26 13:34:44,91,6.1762,2026,1,Saturday
Besi1rnkYvs,GeeksforGeeks,HOW TO CRACK NIMCET ? Complete Roadmap for Beginners in 2026,2026-01-17 12:30:26+00:00,27,how to crack nimcet 2026|nimcet preparation strategy|nimcet complete roadmap|nimcet syllabus and exam pattern|nimcet logical reasoning preparation|nimcet english preparation|nimcet study plan 2026|mca entrance exam preparation|nimcet previous year questions|nimcet preparation without coaching|nimcet topper strategy|nimcet exam guidance|mca entrance roadmap|nimcet logical reasoning|nimcet syllabus|gfg nimcet|all about nimcet exam|nimcet roadmap|nimcet books,PT3M42S,13519,339,38,2026-05-26 13:34:44,222,2.7887,2026,1,Saturday
KUZRLlAmAHc,GeeksforGeeks,Can You Solve This FAANG Interview Question? 🤔 | 95% Failed | Try It!,2026-01-16 12:30:27+00:00,27,faang interview question|interview question 95 percent failed|try this interview question|coding interview questions|dsa interview problems|faang preparation|problem solving interview|interview problem solving skills|placement preparation coding|engineering students interview prep|faang level questions practice|tech interview preparation|cracking the google interview|faang interview questions|coding interview|google interview tips|gfg|google interview prep,PT54S,12418,515,22,2026-05-26 13:34:44,54,4.3244,2026,1,Friday
AGGqRQLWsjA,GeeksforGeeks,How Do I Win Three 90 Challenge? All Questions Answered | GeeksforGeeks,2026-01-16 11:45:01+00:00,27,three90|what is three90|three90 faq|faq three90|how to use three90|three90 challenge,PT1M56S,522,16,8,2026-05-26 13:34:44,116,4.5977,2026,1,Friday
eixx5s2VFRg,GeeksforGeeks,What Should You Do in B.Tech 1st & 2nd Year? | Complete Roadmap for Students | B.Tech Roadmap,2026-01-15 12:45:10+00:00,27,btech first year roadmap|btech second year roadmap|gate 2027|gate 2028|end year btech roadmap|roadmap for college students|gate 2027 preparation|gate 2028 strategy|gate preparation 2028|how to start gate preparation|gate 2027 preparation strategy|gate 2027 strategy|gate exam benefits|gate 2028 preparation|gate exam strategy|gate exam roadmap|gate exam preparation strategy|gate 2027 roadmap|gate exam preparation|how to prepare for gate 2027|gate|gate exam,PT5M26S,3494,115,4,2026-05-26 13:34:44,326,3.4058,2026,1,Thursday
2LPFjQwdLHc,GeeksforGeeks,This Puzzle Was Asked in a VMWARE Interview #Shorts #VMWARE #ViralVideo #GfG,2026-01-15 08:45:01+00:00,27,vmware interview|vmware interview puzzle|how to solve vmware interview question|vmware interview questions|vmware interview experience|how to clear vmware interview|manjeet rawat|vmware interview experience for experienced|vmware interview preparation|vmware interview questions and answers for experienced|shorts|vmware tutorial|get ready for vmware administrator|vmware interview questions and answers|vmware administrator interview|cloud and virtualization|gfg,PT1M8S,15718,646,8,2026-05-26 13:34:44,68,4.1608,2026,1,Thursday
zsr9jiLv2T4,GeeksforGeeks,🎯 Why GATE? | Why GATE 2027? #Shorts #GfG #GATE2027 #ViralVideo,2026-01-14 11:26:19+00:00,27,gate 2027|gate 2027 preparation|gate 2027 strategy|gate 2027 roadmap|gate 2027 preparation strategy|gate 2027 exam|gate 2027 syllabus|how to prepare for gate 2027|gate 2027 opportunities|gate 2027 study plan|gate 2027 subject weighatge|gate 2027 batch|shorts|how to get single digit rank in gate 2027|gate 2027 exam preparation|how to start gate 2027 preparation|gate 2027 complete roadmap|gate 2027 subject-wise preparation,PT1M18S,18113,705,1,2026-05-26 13:34:44,78,3.8978,2026,1,Wednesday
NCzwXEutr30,GeeksforGeeks,DSA In Java | DP 01 | Java in One Shot | DP ( Dynamic Programming ) in Java,2026-01-13 13:30:28+00:00,27,dsa|dsa in java|dsa by raghav sir|dp|dynamic programming|dynamic programming iin dsa|dynamic programming fibonacci sequence|dsa roadmap|dynamic programming tutorial|how to learn dsa|dynamic programming and divide and conquer|dynamic programming allocation problem|dsa preparation|dsa roadmap for beginners|dsa for beginners|best dsa course|dsa complete playlist in java|dsa course in java|how to start dsa|2d dp|dsa strategy|dynamic programming playlist|gfg,PT5H55M38S,18238,354,60,2026-05-26 13:34:44,21338,2.27,2026,1,Tuesday
3zJudXc4xEU,GeeksforGeeks,Can You Solve This Microsoft Interview Question? 🤔  #Shorts #GfG,2026-01-12 09:22:25+00:00,27,GeeksforGeeks|Programming|Algorithms|Data Structures|learn to code|learn coding|GFG|Coding Courses|GeeksforGeeks Courses|LIVE Coding classes|coding classes|Learn DSA,PT1M40S,26787,1405,18,2026-05-26 13:34:44,100,5.3123,2026,1,Monday
BijzqYEMtbw,GeeksforGeeks,GATE 2026 | How to Score 55+ Marks with the Easiest CS Topics,2026-01-11 11:45:02+00:00,27,score 55+ in gate 2026|easiest topics in gate|gate 2026 easy topics|gate 2026 strategy|gate selective study plan|gate high scoring easy topics|gate preparation for average students|gate smart preparation strategy|gate syllabus priority|gate marks strategy|how to score 55+ in gate|gate late start strategy|gate exam preparation tips|gate aspirants strategy 2026|gfg gate|gate 2026|gate 2026 csit easy topics|gate 2026 preparation|gate 2026 csit preparation|gate,PT7M3S,24368,815,22,2026-05-26 13:34:44,423,3.4348,2026,1,Sunday
cXHU1Zej4qA,GeeksforGeeks,DSA In Java | Bit Manipulation | Java in One Shot | Bit Manipulation in Java,2026-01-10 13:45:14+00:00,27,bit manipulation|dsa bit manipulation|bit manipulation course|bit manipulation playlist|bit manipulation dsa course|bit manipulation basics|bit manipulation algorithm|what is bit manipulation|bit manipulation dsa|bit manipulation interview|dsa in java|dsa by raghav sir|bit manipulation interview questions|bit manipulations|bit manipulation tutorial|bit manipulation utf|bit manipulation problems|basics of bit manipulation|bit manipulation problem|dsa|gfg,PT4H33M52S,16191,291,31,2026-05-26 13:34:44,16432,1.9888,2026,1,Saturday
L3zoQVqofXA,GeeksforGeeks,Can you solve this mystery question? #Shorts #interviewpuzzle #gfg #viralvideo,2026-01-10 09:45:02+00:00,27,GeeksforGeeks|Programming|Algorithms|Data Structures|learn to code|learn coding|GFG|Coding Courses|GeeksforGeeks Courses|LIVE Coding classes|coding classes|Learn DSA,PT1M34S,14771,873,18,2026-05-26 13:34:44,94,6.0321,2026,1,Saturday
LBAvSOFJlV8,GeeksforGeeks,2026: Start Coding? | The Best Path for Beginners #Shorts #GfG #Coding,2026-01-09 13:55:51+00:00,27,how to start coding|coding for begineer|coding roadmap|coding roadmap for begineers|complete roadmap to coding|roadmap for coding|coding journey|coding roadmap for beginners|programming journey|learn to code|coding for beginners|how to learn coding|learning to code|coding advice|programming for beginners|how to learn code|how to learn coding for beginners|how to start coding for beginners|coding|how to start coding 2026|code tip|shorts,PT53S,12136,532,3,2026-05-26 13:34:44,53,4.4084,2026,1,Friday
Hp08k6yzX7o,GeeksforGeeks,Can You Solve This Google Interview Question? #Shorts #GoogleInterview #Google #GfG,2026-01-08 05:45:01+00:00,27,GeeksforGeeks|Programming|Algorithms|Data Structures|learn to code|learn coding|GFG|Coding Courses|GeeksforGeeks Courses|LIVE Coding classes|coding classes|Learn DSA,PT39S,19388,716,18,2026-05-26 13:34:44,39,3.7858,2026,1,Thursday
VViN3Z-svoQ,GeeksforGeeks,Ready to take your money back? Introducing Three 90 Challenge by GeeksforGeeks!,2026-01-07 12:45:05+00:00,27,GeeksforGeeks|Programming|Algorithms|Data Structures|learn to code|learn coding|GFG|Coding Courses|GeeksforGeeks Courses|LIVE Coding classes|coding classes|Learn DSA,PT1M43S,1658,51,7,2026-05-26 13:34:44,103,3.4982,2026,1,Wednesday
Cbz16ytZgig,GeeksforGeeks,Enrol & Earn Back What You Pay- Three 90 Challenge! #gfg #geeksforgeeks #three90challenge,2026-01-07 08:38:39+00:00,27,,PT25S,24374,458,11,2026-05-26 13:34:44,25,1.9242,2026,1,Wednesday
Bul9eqiZClc,GeeksforGeeks,Complete the Course- Take Your Money Back | Three 90 Challenge by GeeksforGeeks,2026-01-06 11:32:21+00:00,27,GeeksforGeeks|Programming|Algorithms|Data Structures|learn to code|learn coding|GFG|Coding Courses|GeeksforGeeks Courses|LIVE Coding classes|coding classes|Learn DSA,PT1M21S,5390,94,12,2026-05-26 13:34:44,81,1.9666,2026,1,Tuesday
gLHw9GtMYqI,GeeksforGeeks,Can You Solve This Facebook Interview Question? #Shorts #GfG,2026-01-06 05:45:06+00:00,27,GeeksforGeeks|Programming|Algorithms|Data Structures|learn to code|learn coding|GFG|Coding Courses|GeeksforGeeks Courses|LIVE Coding classes|coding classes|Learn DSA,PT24S,30668,765,11,2026-05-26 13:34:44,24,2.5303,2026,1,Tuesday
pAho3GrFHPA,GeeksforGeeks,DSA In Java | Hashmap 02 | Java in One Shot | Hashmap in Java,2026-01-05 12:45:18+00:00,27,hashmap in java|hashmap and hashset in java|hashmap|hashmap and hashset|hashmap vs hashset in java|how hashmap works|internal-working-hashmap|what is hashmap in java|how hashmaps work|difference between hashset and hashmap|internal implementation of hashmap|dsa by raghav sir|dsa in java|hashmap and hashtable differences|internal working of hashmap in java|java hashmap implementation|hashmap internal work flow|java hashmap|hashmap java|maps in java|get method,PT3H24M34S,9109,175,41,2026-05-26 13:34:44,12274,2.3713,2026,1,Monday
M2UlsWb9ewY,GeeksforGeeks,Can You Solve This Microsoft Interview Question? | Puzzles for Software Engineers #Shorts #GfG,2026-01-05 05:45:00+00:00,27,shorts|microsoft interview question|microsoft interview|how to solve microsoft interview question|microsoft interview questions|microsoft pm interview|microsoft interview experience|coding interview|microsoft interview process|microsoft pm interview questions|microsoft interview questions and answers|product manager|microsoft pm questions|coding interview preparation|microsoft program manager interview|product management|microsoft program manager,PT32S,31907,913,35,2026-05-26 13:34:44,32,2.9711,2026,1,Monday
7FStxT-Hs2g,GeeksforGeeks,Can You Solve This Amazon Interview Question? 🤔  #Shorts #GfG,2026-01-04 05:45:01+00:00,27,GeeksforGeeks|Programming|Algorithms|Data Structures|learn to code|learn coding|GFG|Coding Courses|GeeksforGeeks Courses|LIVE Coding classes|coding classes|Learn DSA,PT30S,14656,377,12,2026-05-26 13:34:44,30,2.6542,2026,1,Sunday
m_jJapV8NGY,GeeksforGeeks,GSOC 2026 Complete Roadmap for Beginners | Google Summer of Code Preparation Guide,2026-01-03 12:45:07+00:00,27,GSOC 2026|Google Summer of Code roadmap|GSOC preparation guide|how to crack GSOC|GSOC for beginners|GSOC proposal tips|GSOC eligibility|open source for beginners|GSOC roadmap 2026|GSOC step by step|GSOC guide for students|College Wallah GSOC video|Google Summer of Code tips|GSOC project selection|gsoc tips and tricks|open source|gsoc timeline|google internship|microsoft hiring tips|google|opensource|how to start contributing in open source|gsoc advice,PT5M17S,17783,524,20,2026-05-26 13:34:44,317,3.0591,2026,1,Saturday
1FeQWG782ro,GeeksforGeeks,I Wasted 2 Years Learning Tech the Wrong Way #Shorts #GfG #ViralVideo,2026-01-03 05:45:00+00:00,27,GeeksforGeeks|Programming|Algorithms|Data Structures|learn to code|learn coding|GFG|Coding Courses|GeeksforGeeks Courses|LIVE Coding classes|coding classes|Learn DSA,PT44S,19949,996,34,2026-05-26 13:34:44,44,5.1632,2026,1,Saturday
qJvrT2g6VgM,GeeksforGeeks,GATE 2026 Last 30 Days Strategy | How To Get 65+ Marks In GATE 2026,2026-01-02 05:32:44+00:00,27,gate 2026|gate 2026 strategy|gate 2026 last 30 days strategy|how to get double digit rank in gate 2026|gate 2026 preparation|how to get good marks in gate test series|gate exam 2026 preparation|gate exam strategy|gate preparation|how to prepare for gate 2026|gate 2026 preparation strategy|how to get single digit rank in gate 2026|gate exam|gate roadmap|gate 2026 important topics|how to crack gate exam|gate exam preparation 2026|gate 2026 preparation stratgey,PT46S,12240,405,3,2026-05-26 13:34:44,46,3.3333,2026,1,Friday
apWZRCRgKuk,GeeksforGeeks,If AI Had Self-Awareness… This Would Be the First Sign. #Shorts #GfG #ViralVideo,2026-01-01 05:45:01+00:00,27,GeeksforGeeks|Programming|Algorithms|Data Structures|learn to code|learn coding|GFG|Coding Courses|GeeksforGeeks Courses|LIVE Coding classes|coding classes|Learn DSA,PT52S,9706,434,1,2026-05-26 13:34:44,52,4.4818,2026,1,Thursday
0DJifcw2UGI,GeeksforGeeks,DSA In Java | Hashmap 01 | Java in One Shot | Hashmap in Java,2025-12-31 13:30:00+00:00,27,hashmap in java|hashmap and hashset in java|hashmap|hashmap and hashset|hashmap vs hashset in java|how hashmap works|internal-working-hashmap|what is hashmap in java|how hashmaps work|difference between hashset and hashmap|internal implementation of hashmap|dsa by raghav sir|dsa in java|hashmap and hashtable differences|internal working of hashmap in java|java hashmap implementation|hashmap internal work flow|java hashmap|hashmap java|maps in java|get method,PT2H42M47S,21618,422,43,2026-05-26 13:34:44,9767,2.151,2025,12,Wednesday
8mKVk4oBMY8,GeeksforGeeks,Can You Solve This Amazon Interview Question? | Puzzles for Software Engineers  #Shorts #GfG,2025-12-31 05:45:01+00:00,27,GeeksforGeeks|Programming|Algorithms|Data Structures|learn to code|learn coding|GFG|Coding Courses|GeeksforGeeks Courses|LIVE Coding classes|coding classes|Learn DSA,PT37S,26484,739,23,2026-05-26 13:34:44,37,2.8772,2025,12,Wednesday
dcLhSTP9G9Q,GeeksforGeeks,Can You Solve This Google Interview Question? | Puzzles for Software Engineers  #Shorts #GfG,2025-12-30 05:45:03+00:00,27,google interview question|how to solve google interview question|can you solve this google interview question|puzzles for software engineer interview|software engineering jobs|google interview secrets|google interview tips|google interview questions|google interview questions and answers|google interview preparation|google interview experience|technical interview|software engineering interview|coding interview google|shorts|google interview|crack google interview,PT27S,27291,701,24,2026-05-26 13:34:44,27,2.6566,2025,12,Tuesday
gCMGXwUiUDw,GeeksforGeeks,Synthetic Empathy Explained | Are Machines Replacing Human Connection?,2025-12-29 12:45:07+00:00,27,synthetic empathy|confiding in machine|artificial intelligence|human and ai|aiempathy|artificial intelligence explained|artificialintelligence|machine learning|syntheticempathy|openai|what is ai technology|future of ai|ai tools|what is ai technology and how it works|what is ai|introduction to artificial intelligence|artificial intelligence for beginners|black box ai|ai|syntheticemotions|technological singularity|ai for dummies|benefits of artificial intelligence,PT6M13S,842,36,2,2026-05-26 13:34:44,373,4.5131,2025,12,Monday
PJfHqjBA10E,GeeksforGeeks,One Mistake Every Serious Student Makes #Shorts #GfG,2025-12-28 05:45:01+00:00,27,GeeksforGeeks|Programming|Algorithms|Data Structures|learn to code|learn coding|GFG|Coding Courses|GeeksforGeeks Courses|LIVE Coding classes|coding classes|Learn DSA,PT46S,12072,564,5,2026-05-26 13:34:44,46,4.7134,2025,12,Sunday
svF9URVXCC4,GeeksforGeeks,Why Most Coders Stay Average Forever #Shorts #Coders #ViralVideo,2025-12-27 05:45:05+00:00,27,GeeksforGeeks|Programming|Algorithms|Data Structures|learn to code|learn coding|GFG|Coding Courses|GeeksforGeeks Courses|LIVE Coding classes|coding classes|Learn DSA,PT46S,11044,465,4,2026-05-26 13:34:44,46,4.2466,2025,12,Saturday
w70XVzGO6vQ,GeeksforGeeks,Top AI Tools in 2025 | Complete AI Tier List Explained,2025-12-26 12:31:27+00:00,27,ai tool|ai|top ai tool|ai tool 2025 top list|text to video ai|ai tools|new ai tools|ai tools to make money|ai tools for digital marketing|ai tools for research|tools|ai productivity|ai for beginners|best ai tool|ai tools for content creation|ai tools course|ai for content creation|ai tools search|best ai tools|free ai tools|ai for work|top ai tools|ai for productivity|ai tools free|ai tools review|ai agents|generative ai|best free ai tools|gfg,PT6M29S,1408,34,7,2026-05-26 13:34:44,389,2.9119,2025,12,Friday
IZz-Q4L5c4A,GeeksforGeeks,DSA In Java | Heap 02 | Java in One Shot | Heap in Java,2025-12-25 13:30:30+00:00,27,heap|dsa in heap|dsa by raghav sir|dsa|heap tree in data structure|max heap deletion algorithm|max heap and min heap definition|binary heap|heap data structure|max heap|heap sort|min heap|heaps|what is heap|heap sort algorithm|heap insert|max heap insertion|heap tree insertion|heap tree|min heap tree in data structure|max heap and min heap example|min heap tree|heap tree insertion and deletion|heap insertion|heapsort|max heap and min heap|sorting|gfg,PT3H10M8S,8885,181,47,2026-05-26 13:34:44,11408,2.5661,2025,12,Thursday
Fi4-Au9bBjk,GeeksforGeeks,DSA Won’t Make You Job-Ready. This Will #Shorts #DSA #GfG #ViralVideo,2025-12-25 05:45:01+00:00,27,GeeksforGeeks|Programming|Algorithms|Data Structures|learn to code|learn coding|GFG|Coding Courses|GeeksforGeeks Courses|LIVE Coding classes|coding classes|Learn DSA,PT50S,10427,452,4,2026-05-26 13:34:44,50,4.3733,2025,12,Thursday
1ne4JugUKv8,GeeksforGeeks,Free AIMT by GfG | All India Mock Test Details & Registration Process,2025-12-24 11:45:01+00:00,27,gate 2026|gate 2026 all india mock test|gate 2026 aimt|how to access aimt|how to attempt gfg aimt|all india mock test|gate all mock test|all aimt|gate 2026 test series|gate test series|gate test series 2026|gate 2026 strategy|aimts|how to access gate 2026 test series gfg|gfg gate aimt|gfg aimt|gate test series strategy|gate preparation|gfg mock|gfg mock test|how to crack gate 2026|gate 2026 important topics|gate 2026 mock test tips|gfg mock test 2026,PT2M9S,1734,32,7,2026-05-26 13:34:44,129,2.2491,2025,12,Wednesday
G3jo7KSuleE,GeeksforGeeks,The Internet Made Us Smart… Aur Confused  #Shorts #Internet #GfG #ViralVideo,2025-12-24 05:45:01+00:00,27,internet|internet made us smart|internet made us smart aur confused,PT30S,11420,404,4,2026-05-26 13:34:44,30,3.5727,2025,12,Wednesday
tCbgJZbblLU,GeeksforGeeks,"MERN vs Data Science | Salary, Jobs & Future Scope Explained",2025-12-23 12:45:10+00:00,27,merv vs data science|mern vs data science which is better in 2026|mern|data science|confused between mern and data science|who is a data scientist|data science course|mern course|data science explained|data science career|mern career|data science salary|web development|learn data science|what is mern|data engineer|how to become data scientist|what is data science|learn data science step by step|become a data scientist|data science roadmap|mern roadmap,PT19M14S,4335,153,10,2026-05-26 13:34:44,1154,3.7601,2025,12,Tuesday
CW74WxIVzWM,GeeksforGeeks,If you feel stuck in 2nd or 3rd year- watch this #Shorts #GfG #BTech #ViralVideo,2025-12-23 05:45:00+00:00,27,shorts|btech 2nd year roadmap|btech 3rd year roadmap|btech student roadmap|btech|second year roadmap|complete roadmap for college students|roadmap for college students|third year roadmap|all about btech|tips for 2nd year btech roadmap|btech second year roadmap|roadmap for first year students|engineering student|second year roadmap cse|roadmap for first year|1st year roadmap|first year roadmap|2nd year b.tech roadmap|do this in your first year of college|gfg,PT32S,11871,333,4,2026-05-26 13:34:44,32,2.8389,2025,12,Tuesday
m_CY-DIv6Pk,GeeksforGeeks,All About GATE 2027 | Syllabus | Exam Pattern | Cut Off | Eligibility Criteria | GATE 2027 Roadmap,2025-12-22 12:45:09+00:00,27,gate 2027|gate 2027 preparation|gate 2027 roadmap|gate 2027 strategy|gate 2027 syllabus|gate 2027 eligibility criteria|gate 2027 cut off|how to prepare gate 2027|gate 2027 exam vacancy|gate preparation roadmap|gate exam 2027|gate preparation|gate exam preparation|gate exam strategy|gate 2027 preparation strategy|gate strategy|gate exam|gate preparation 2027|gate 2027 exam|gate 2027 time management|gate 2027 preparation tips|gate preparation 2026|gate,PT11M20S,17482,455,23,2026-05-26 13:34:44,680,2.7342,2025,12,Monday
hpThv8MIzRU,GeeksforGeeks,AI is not your therapist #Shorts #AI #GfG,2025-12-21 10:30:26+00:00,27,GeeksforGeeks|Programming|Algorithms|Data Structures|learn to code|learn coding|GFG|Coding Courses|GeeksforGeeks Courses|LIVE Coding classes|coding classes|Learn DSA,PT35S,12397,453,3,2026-05-26 13:34:44,35,3.6783,2025,12,Sunday
PNjj29gbIo0,GeeksforGeeks,Free Courses FAQs | Nation SkillUp | Utilize Nation Skillup to Learn & Win Rewards!,2025-12-21 04:30:32+00:00,27,GeeksforGeeks|Programming|Algorithms|Data Structures|learn to code|learn coding|GFG|Coding Courses|GeeksforGeeks Courses|LIVE Coding classes|coding classes|Learn DSA,PT4M22S,6177,155,31,2026-05-26 13:34:44,262,3.0112,2025,12,Sunday
vPfOvnCtOsM,GeeksforGeeks,How to Become a Data Analyst For Beginner - Complete Roadmap!,2025-12-21 02:16:44+00:00,24,What is Data Science|become a data scientist|data science roadmap for beginners|data scientist roadmap|data science jobs in india 2026|future of data science|data science project|data scientist|how to become a data scientist|how to get a data scientist job|data engineer vs data scientist|data science vs data analytics|data scientist salary in india|how to become data scientist|how to become data scientist in india|data scientist full course|data scientist course,PT33M1S,1297,52,2,2026-05-26 13:34:44,1981,4.1635,2025,12,Sunday
_yopgfpK5YE,GeeksforGeeks,Still Learning MERN Stack in 2026? Here’s the HARSH Truth No One Tells You!,2025-12-21 01:40:41+00:00,27,mern development|still stack in mern development|mern project|till learning mern stack|mern stack 2025|how to learn mern stack|mern stack tutorial|mern full stack developer|learn react and node|mern stack beginner guide|stuck in tutorial hell|how to become a full stack developer|mern developer journey|reactjs tutorial 2025|nodejs backend developer|how to build full stack projects|mern development 2026|mern 2026|coding roadmap 2026,PT1H2M36S,2386,75,2,2026-05-26 13:34:44,3756,3.2272,2025,12,Sunday
96Xr3KTU7S4,GeeksforGeeks,Ultimate Gen AI Project for Students | Build a Real-World AI,2025-12-20 06:00:14+00:00,27,gen ai|genai project|data science project|build a real world ai,PT12M50S,902,40,2,2026-05-26 13:34:44,770,4.6563,2025,12,Saturday
QN60QTMKWBk,GeeksforGeeks,When Should You Use Generative AI? (Real-World Examples),2025-12-19 12:30:42+00:00,27,gen ai|when to use gen ai|when should use gen ai|generative ai explained|generative ai|ai|machine learning|llm|llms|data science|deep fakes|large language models explained|how to learn ai|genai|llm explained simply|ai and machine learning|what is data science|generative ai roadmap|artificial intelligence|ai is future|intro to gen ai|what is generative ai|ai tools|what is generative ai?|what is ai|ai vs generative ai|gen ai career|ai roadmap|gfg,PT9M7S,587,23,2,2026-05-26 13:34:44,547,4.2589,2025,12,Friday
jPUSlyhMOb8,The Verge,How clips ate the internet | The Vergecast,2026-05-26 13:00:34+00:00,28,,PT1H12M20S,517,25,2,2026-05-26 13:34:47,4340,5.2224,2026,5,Tuesday
mcMLOjL7Xc0,The Verge,The Vergecast goes daily,2026-05-22 16:01:07+00:00,28,gadgets|tech gadgets|technology|verge|the verge|tech|tech news,PT1M22S,5887,256,10,2026-05-26 13:34:47,82,4.5184,2026,5,Friday
FAtU3KAi_Ls,The Verge,Google I/O search mic drop #Vergecast,2026-05-22 14:47:26+00:00,28,gadgets|tech gadgets|technology|verge|the verge|tech|tech news,PT1M23S,39158,800,35,2026-05-26 13:34:47,83,2.1324,2026,5,Friday
hJOpi9Z-I6Y,The Verge,The post-search Google era begins | The Vergecast,2026-05-22 12:00:59+00:00,28,,PT1H38M27S,36794,801,155,2026-05-26 13:34:47,5907,2.5982,2026,5,Friday
OMhKgQmeMhI,The Verge,Google I/O 2026 keynote in 35 minutes,2026-05-19 20:34:12+00:00,28,,PT35M41S,701068,11419,1063,2026-05-26 13:34:47,2141,1.7804,2026,5,Tuesday
aG1JQRlfS4I,The Verge,Google I/O 2026 reactions | The Vergecast Livestream,2026-05-19 20:20:49+00:00,28,,PT58M27S,17451,298,24,2026-05-26 13:34:47,3507,1.8452,2026,5,Tuesday
i8J7J_ADQ-E,The Verge,Google unveils new glasses with Gemini,2026-05-19 19:44:14+00:00,28,gadgets|tech gadgets|technology|verge|the verge|tech|tech news,PT1M28S,54862,825,46,2026-05-26 13:34:47,88,1.5876,2026,5,Tuesday
SuOhiDC_oaw,The Verge,A few things stuck out at Google I/O this year,2026-05-19 19:42:46+00:00,28,gadgets|tech gadgets|technology|verge|the verge|tech|tech news,PT36S,289225,3758,144,2026-05-26 13:34:47,36,1.3491,2026,5,Tuesday
wqqYV-0bwHY,The Verge,Users of Google Flow Music can now have more precise tracking,2026-05-19 19:31:15+00:00,28,gadgets|tech gadgets|technology|verge|the verge|tech|tech news,PT1M1S,7421,74,7,2026-05-26 13:34:47,61,1.0915,2026,5,Tuesday
KioJNm0eUmo,The Verge,Here's another look at Google's new Gemini Omni model.,2026-05-19 19:12:17+00:00,28,gadgets|tech gadgets|technology|verge|the verge|tech|tech news,PT1M45S,12390,203,15,2026-05-26 13:34:47,105,1.7595,2026,5,Tuesday
l5mnXZ0ZUNA,The Verge,Gemini on MacOS demo,2026-05-19 18:55:52+00:00,28,gadgets|tech gadgets|technology|verge|the verge|tech|tech news,PT1M26S,17096,212,7,2026-05-26 13:34:47,86,1.281,2026,5,Tuesday
tM6xPdsfgBc,The Verge,Google annouces Gemini 2.5 Pro-powered “Stitch” experiment,2026-05-19 18:44:15+00:00,28,gadgets|tech gadgets|technology|verge|the verge|tech|tech news,PT51S,7465,84,3,2026-05-26 13:34:47,51,1.1654,2026,5,Tuesday
vICXW1o2DP8,The Verge,Would you let robots spend your money?,2026-05-19 18:41:47+00:00,28,gadgets|tech gadgets|technology|verge|the verge|tech|tech news,PT2M15S,7781,215,6,2026-05-26 13:34:47,135,2.8403,2026,5,Tuesday
VthgQdGyaxk,The Verge,"New Google Search feature will create ""super apps""",2026-05-19 18:30:08+00:00,28,gadgets|tech gadgets|technology|verge|the verge|tech|tech news,PT2M58S,5849,170,6,2026-05-26 13:34:47,178,3.0091,2026,5,Tuesday
Gqr_8tJpjDc,The Verge,Google announces Gemini Spark,2026-05-19 18:23:15+00:00,28,gadgets|tech gadgets|technology|verge|the verge|tech|tech news,PT1M37S,7613,111,8,2026-05-26 13:34:47,97,1.5631,2026,5,Tuesday
7l7U-6Qk0Jk,The Verge,Google's new “generative UI” feature,2026-05-19 18:20:12+00:00,28,gadgets|tech gadgets|technology|verge|the verge|tech|tech news,PT57S,22312,351,14,2026-05-26 13:34:47,57,1.6359,2026,5,Tuesday
Fq2VPuHTljY,The Verge,"Google's new AI model can ""create anything""",2026-05-19 17:55:46+00:00,28,gadgets|tech gadgets|technology|verge|the verge|tech|tech news,PT2M40S,12188,275,19,2026-05-26 13:34:47,160,2.4122,2026,5,Tuesday
Z-h1HLilceQ,The Verge,Google's new Docs Live feature live demo,2026-05-19 17:52:40+00:00,28,gadgets|tech gadgets|technology|verge|the verge|tech|tech news,PT1M38S,29023,328,8,2026-05-26 13:34:47,98,1.1577,2026,5,Tuesday
luOowgt-RiY,The Verge,Google's Antigravity gets a 2.0 update,2026-05-19 17:50:47+00:00,28,gadgets|tech gadgets|technology|verge|the verge|tech|tech news,PT1M11S,24005,215,43,2026-05-26 13:34:47,71,1.0748,2026,5,Tuesday
-N9zfm4zLA4,The Verge,"Trying Google’s new experimental AI agent, Sophie",2026-05-19 17:45:00+00:00,28,gadgets|tech gadgets|technology|verge|the verge|tech|tech news,PT2M10S,20868,470,18,2026-05-26 13:34:47,130,2.3385,2026,5,Tuesday
aBCH2-PkO-g,The Verge,Exclusive look at Google Beam’s new AI with a human face,2026-05-19 17:45:00+00:00,28,,PT6M7S,58749,893,112,2026-05-26 13:34:47,367,1.7107,2026,5,Tuesday
zQwinROMA8E,The Verge,Google says it's making it easier to figure out what images are made with AI.,2026-05-19 17:44:37+00:00,28,,PT1M34S,11457,450,13,2026-05-26 13:34:47,94,4.0412,2026,5,Tuesday
0a4u5vxo1rw,The Verge,Google's new AI search for YouTube,2026-05-19 17:37:14+00:00,28,gadgets|tech gadgets|technology|verge|the verge|tech|tech news,PT1M9S,7100,161,14,2026-05-26 13:34:47,69,2.4648,2026,5,Tuesday
mEtJlsEmc8k,The Verge,Musk v. Sam closing arguments,2026-05-15 17:18:10+00:00,28,gadgets|tech gadgets|technology|verge|the verge|tech|tech news,PT2M58S,105492,3136,170,2026-05-26 13:34:47,178,3.1339,2026,5,Friday
IWYsGdpF2rY,The Verge,Google introduces a new feature called Rambler,2026-05-12 21:05:58+00:00,28,gadgets|tech gadgets|technology|verge|the verge|tech|tech news,PT45S,56661,607,53,2026-05-26 13:34:47,45,1.1648,2026,5,Tuesday
Pe8rxPLlkXk,The Verge,New updates for Android Auto,2026-05-12 19:42:31+00:00,28,gadgets|tech gadgets|technology|verge|the verge|tech|tech news,PT2M20S,41041,927,68,2026-05-26 13:34:47,140,2.4244,2026,5,Tuesday
m79yg14CWRk,The Verge,"Google's new ""glow up"" of their blob emojis",2026-05-12 19:05:59+00:00,28,gadgets|tech gadgets|technology|verge|the verge|tech|tech news,PT30S,28168,302,39,2026-05-26 13:34:47,30,1.2106,2026,5,Tuesday
lsTfT8ReP1U,The Verge,Google announces new line of laptops,2026-05-12 18:31:04+00:00,28,gadgets|tech gadgets|technology|verge|the verge|tech|tech news,PT2M17S,29237,566,63,2026-05-26 13:34:47,137,2.1514,2026,5,Tuesday
gn4tE7lNRvg,The Verge,Is OpenAI making a ChatGPT phone? #Vergecast,2026-05-10 13:01:21+00:00,28,gadgets|tech gadgets|technology|verge|the verge|tech|tech news,PT1M58S,13454,302,10,2026-05-26 13:34:47,118,2.319,2026,5,Sunday
wKTI2MbAUas,The Verge,Google’s new Fitbit Air #Vergecast,2026-05-09 15:01:39+00:00,28,gadgets|tech gadgets|technology|verge|the verge|tech|tech news,PT1M,48822,513,30,2026-05-26 13:34:47,60,1.1122,2026,5,Saturday
KfEsO24Dhy0,The Verge,This is the end of week two of Musk v Altman trial,2026-05-09 14:00:34+00:00,28,gadgets|tech gadgets|technology|verge|the verge|tech|tech news,PT2M33S,39520,901,30,2026-05-26 13:34:47,153,2.3558,2026,5,Saturday
QHFjeNyjPnk,The Verge,Apple settles for $250 million #Vergecast,2026-05-08 20:56:07+00:00,28,gadgets|tech gadgets|technology|verge|the verge|tech|tech news,PT1M19S,17489,654,17,2026-05-26 13:34:47,79,3.8367,2026,5,Friday
pRYEbC1BLcs,The Verge,Everybody wants to rule the AI world | The Vergecast,2026-05-08 12:01:39+00:00,28,,PT1H35M5S,37505,718,74,2026-05-26 13:34:47,5705,2.1117,2026,5,Friday
e6DxAKcNnSw,The Verge,Ever been run over by a robot? I have — for science!,2026-05-07 16:01:06+00:00,28,gadgets|tech gadgets|technology|verge|the verge|tech|tech news,PT2M33S,23312,1339,17,2026-05-26 13:34:47,153,5.8167,2026,5,Thursday
eIX7jvB_YhQ,The Verge,Meet the Familiar.,2026-05-07 14:01:06+00:00,28,gadgets|tech gadgets|technology|verge|the verge|tech|tech news,PT1M25S,18835,431,60,2026-05-26 13:34:47,85,2.6068,2026,5,Thursday
7LTT9aUEJBY,The Verge,The AGI era is over #Vergecast,2026-05-06 16:00:11+00:00,28,gadgets|tech gadgets|technology|verge|the verge|tech|tech news,PT2M8S,10132,273,22,2026-05-26 13:34:47,128,2.9116,2026,5,Wednesday
OTdzs2vZevE,The Verge,Overestimating AI productivity #Vergecast,2026-05-06 15:00:42+00:00,28,gadgets|tech gadgets|technology|verge|the verge|tech|tech news,PT1M39S,6960,237,5,2026-05-26 13:34:47,99,3.477,2026,5,Wednesday
reKGq3taq-I,The Verge,The DJI Osmo Pocket 4 is out now...just not for the US.,2026-05-06 14:01:22+00:00,28,gadgets|tech gadgets|technology|verge|the verge|tech|tech news,PT2M5S,11804,158,6,2026-05-26 13:34:47,125,1.3894,2026,5,Wednesday
zAfYdxthK0o,The Verge,Making cars out of clay #Vergecast,2026-05-05 20:58:02+00:00,28,gadgets|tech gadgets|technology|verge|the verge|tech|tech news,PT1M5S,13436,340,5,2026-05-26 13:34:47,65,2.5677,2026,5,Tuesday
RQQxjWSFKXM,The Verge,What an AI-designed car looks like | The Vergecast,2026-05-05 12:00:45+00:00,28,,PT1H10M27S,14181,267,34,2026-05-26 13:34:47,4227,2.1226,2026,5,Tuesday
ltR91SDG7hY,The Verge,"$5,500 dual-screen laptop #Vergecast",2026-05-02 15:01:15+00:00,28,gadgets|tech gadgets|technology|verge|the verge|tech|tech news,PT1M1S,10227,162,4,2026-05-26 13:34:47,61,1.6232,2026,5,Saturday
5D5ahC-YjKg,The Verge,Every day new evidence is added to the Musk v. Altman trial,2026-05-02 14:00:17+00:00,28,gadgets|tech gadgets|technology|verge|the verge|tech|tech news,PT2M34S,1480402,53767,2274,2026-05-26 13:34:47,154,3.7855,2026,5,Saturday
VzJTnGG1Ggg,The Verge,Elon’s miserable cross examination #Vergecast,2026-05-01 20:05:36+00:00,28,gadgets|tech gadgets|technology|verge|the verge|tech|tech news,PT44S,32738,467,12,2026-05-26 13:34:47,44,1.4631,2026,5,Friday
a8T8Y0x94Zs,The Verge,Everyone hates Elon #Vergecast,2026-05-01 14:30:00+00:00,28,gadgets|tech gadgets|technology|verge|the verge|tech|tech news,PT59S,57138,1425,69,2026-05-26 13:34:47,59,2.6147,2026,5,Friday
qEI4j4xB2AM,The Verge,Elon Musk had a bad week in court | The Vergecast,2026-05-01 12:01:37+00:00,28,,PT1H49M42S,35008,766,87,2026-05-26 13:34:47,6582,2.4366,2026,5,Friday
zJVfOeM36GU,The Verge,Trying the Rabbit R1 again #Vergecast,2026-04-30 14:01:40+00:00,28,gadgets|tech gadgets|technology|verge|the verge|tech|tech news,PT1M27S,35377,789,43,2026-05-26 13:34:47,87,2.3518,2026,4,Thursday
OTS8ZoNFFek,The Verge,Framework’s couch keyboard #Vergecast,2026-04-30 14:00:45+00:00,28,gadgets|tech gadgets|technology|verge|the verge|tech|tech news,PT2M30S,14786,481,22,2026-05-26 13:34:47,150,3.4019,2026,4,Thursday
xWmsoM1D1Bc,The Verge,Framework Laptop 13 Pro impressions #Vergecast,2026-04-29 15:01:54+00:00,28,gadgets|tech gadgets|technology|verge|the verge|tech|tech news,PT1M37S,26372,746,17,2026-05-26 13:34:47,97,2.8932,2026,4,Wednesday
K6kW4muK_SE,The Verge,First electric taxi flies from JFK Airport to Manhattan,2026-04-29 14:00:35+00:00,28,gadgets|tech gadgets|technology|verge|the verge|tech|tech news,PT1M24S,33831,589,33,2026-05-26 13:34:47,84,1.8386,2026,4,Wednesday
553TCW27Qyk,The Verge,Musk vs. Altman is messy #Vergecast,2026-04-28 14:48:40+00:00,28,gadgets|tech gadgets|technology|verge|the verge|tech|tech news,PT1M19S,9510,219,8,2026-05-26 13:34:47,79,2.387,2026,4,Tuesday
xWCq5pYmBu4,The Verge,Musk and Altman go to court | The Vergecast,2026-04-28 12:01:53+00:00,28,,PT1H19M45S,21179,427,58,2026-05-26 13:34:48,4785,2.29,2026,4,Tuesday
S6RzRGPvPsQ,The Verge,New Steam Controller's surprising features,2026-04-27 17:00:37+00:00,28,gadgets|tech gadgets|technology|verge|the verge|tech|tech news,PT1M2S,421548,15306,521,2026-05-26 13:34:48,62,3.7545,2026,4,Monday
VoqzJVdUtM0,The Verge,BMW’s 7 Series new interior #Vergecast,2026-04-25 14:00:47+00:00,28,gadgets|tech gadgets|technology|verge|the verge|tech|tech news,PT54S,31522,450,15,2026-05-26 13:34:48,54,1.4752,2026,4,Saturday
evvc9hzw-jY,The Verge,Was Apple’s Touch Bar a good idea? #Vergecast,2026-04-25 13:01:13+00:00,28,gadgets|tech gadgets|technology|verge|the verge|tech|tech news,PT1M28S,39644,810,90,2026-05-26 13:34:48,88,2.2702,2026,4,Saturday
Bsrsxjd3h2s,The Verge,Meta is tracking its employees #Vergecast,2026-04-24 19:40:44+00:00,28,gadgets|tech gadgets|technology|verge|the verge|tech|tech news,PT1M1S,19975,581,35,2026-05-26 13:34:48,61,3.0839,2026,4,Friday
Fc_xlNodaWc,The Verge,"AirPods, Touch Bars, and the rest of Tim Cook's legacy | The Vergecast",2026-04-24 12:00:22+00:00,28,,PT1H35M30S,32298,630,96,2026-05-26 13:34:48,5730,2.2478,2026,4,Friday
2Fh0CpqwOUc,The Verge,Have you seen this Logitech couch keyboard?,2026-04-22 23:11:22+00:00,28,gadgets|tech gadgets|technology|verge|the verge|tech|tech news,PT1M5S,240524,6847,208,2026-05-26 13:34:48,65,2.9332,2026,4,Wednesday
5gBmOJZ4eDA,The Verge,Podcasts pivoting to video #Vergecast,2026-04-22 15:00:22+00:00,28,gadgets|tech gadgets|technology|verge|the verge|tech|tech news,PT59S,6559,96,3,2026-05-26 13:34:48,59,1.5094,2026,4,Wednesday
ZcdsTxUb1WM,The Verge,Landing a book deal #Vergecast,2026-04-22 13:01:07+00:00,28,gadgets|tech gadgets|technology|verge|the verge|tech|tech news,PT30S,7674,96,3,2026-05-26 13:34:48,30,1.2901,2026,4,Wednesday
oFO76v2gCJY,The Verge,"Is the $1,499 Framework Laptop 13 Pro the ""MacBook Pro for Linux users""?",2026-04-21 22:38:48+00:00,28,gadgets|tech gadgets|technology|verge|the verge|tech|tech news,PT1M45S,382790,18002,533,2026-05-26 13:34:48,105,4.8421,2026,4,Tuesday
jS6ZiEGZ1fA,The Verge,"Who is John Ternus, Apple’s new CEO?",2026-04-21 19:39:47+00:00,28,gadgets|tech gadgets|technology|verge|the verge|tech|tech news,PT1M26S,34831,542,53,2026-05-26 13:34:48,86,1.7082,2026,4,Tuesday
dOOd9nOgwR8,The Verge,Framework Next Gen Event in 10 minutes,2026-04-21 19:21:39+00:00,28,,PT10M15S,146009,4077,285,2026-05-26 13:34:48,615,2.9875,2026,4,Tuesday
yDbg4Yq3wEU,The Verge,"The Vergecast Vergecast, 2026 edition | The Vergecast",2026-04-21 12:01:57+00:00,28,,PT1H25M32S,18630,486,87,2026-05-26 13:34:48,5132,3.0757,2026,4,Tuesday
Zb_uWp2axG8,The Verge,Tim Cook as executive chairman #Vergecast,2026-04-21 00:37:26+00:00,28,gadgets|tech gadgets|technology|verge|the verge|tech|tech news,PT1M18S,25704,409,8,2026-05-26 13:34:48,78,1.6223,2026,4,Tuesday
BxjL5-ccgfk,The Verge,Apple announces new CEO,2026-04-20 22:14:34+00:00,28,gadgets|tech gadgets|technology|verge|the verge|tech|tech news,PT34S,40531,508,28,2026-05-26 13:34:48,34,1.3224,2026,4,Monday
7iYXTPDKDTk,The Verge,Apple CEO Tim Cook steps down | The Vergecast Livestream,2026-04-20 22:11:11+00:00,28,gadgets|tech gadgets|technology|verge|the verge|tech|tech news,PT35M31S,54876,1169,89,2026-05-26 13:34:48,2131,2.2924,2026,4,Monday
flntnDqOh3E,The Verge,Humanoid ‘Lightning’ robot smashes the half-marathon record,2026-04-20 18:50:11+00:00,28,gadgets|tech gadgets|technology|verge|the verge|tech|tech news,PT34S,131146,1200,76,2026-05-26 13:34:48,34,0.973,2026,4,Monday
tC2NPYkcSok,The Verge,How Gen Z feels about AI #Vergecast,2026-04-19 13:01:37+00:00,28,gadgets|tech gadgets|technology|verge|the verge|tech|tech news,PT55S,9478,252,4,2026-05-26 13:34:48,55,2.701,2026,4,Sunday
ogxwPyJPTMw,The Verge,People don’t like tech CEOs #Vergecast,2026-04-18 14:01:14+00:00,28,gadgets|tech gadgets|technology|verge|the verge|tech|tech news,PT1M29S,12606,435,22,2026-05-26 13:34:48,89,3.6253,2026,4,Saturday
unlh0n1nYHg,The Verge,Justin Bieber Coachella conspiracy debunked #Vergecast,2026-04-18 13:01:48+00:00,28,gadgets|tech gadgets|technology|verge|the verge|tech|tech news,PT54S,15062,194,2,2026-05-26 13:34:48,54,1.3013,2026,4,Saturday
goD5UFrmSj8,The Verge,Jury rules Ticketmaster is an illegal monopoly #Vergecast,2026-04-17 22:00:50+00:00,28,gadgets|tech gadgets|technology|verge|the verge|tech|tech news,PT55S,5650,125,1,2026-05-26 13:34:48,55,2.2301,2026,4,Friday
O7KKECJyq2U,The Verge,Allbirds announced a switch from shoes to AI. #Vergecast,2026-04-17 21:10:16+00:00,28,gadgets|tech gadgets|technology|verge|the verge|tech|tech news,PT1M56S,13718,309,9,2026-05-26 13:34:48,116,2.3181,2026,4,Friday
ATVP6EMeTZE,The Verge,MacBook Neo vs. Windows Laptops,2026-04-17 14:00:28+00:00,28,gadgets|tech gadgets|technology|verge|the verge|tech|tech news,PT2M56S,282607,9432,356,2026-05-26 13:34:48,176,3.4635,2026,4,Friday
DTlzvhNb_qY,The Verge,RAMageddon is only getting worse | The Vergecast,2026-04-17 12:00:24+00:00,28,,PT1H29M55S,29205,626,112,2026-05-26 13:34:48,5395,2.527,2026,4,Friday
Uhttidwe-7Q,The Verge,The iBook wouldn’t fly today #Vergecast,2026-04-15 15:01:01+00:00,28,gadgets|tech gadgets|technology|verge|the verge|tech|tech news,PT1M31S,18604,366,32,2026-05-26 13:34:48,91,2.1393,2026,4,Wednesday
dEVDqvS8nY4,The Verge,How YouTuber Jon Prosser broke Liquid Glass,2026-04-15 14:01:06+00:00,28,gadgets|tech gadgets|technology|verge|the verge|tech|tech news,PT1M5S,72454,1156,18,2026-05-26 13:34:48,65,1.6203,2026,4,Wednesday
Ct2YV9ok8Wo,The Verge,Why RFK Jr. is pushing wearables #Vergecast,2026-04-14 19:40:43+00:00,28,gadgets|tech gadgets|technology|verge|the verge|tech|tech news,PT1M11S,30566,258,36,2026-05-26 13:34:48,71,0.9619,2026,4,Tuesday
twBGvOp8kqs,The Verge,Who is buying crypto? #Vergecast,2026-04-14 14:01:27+00:00,28,gadgets|tech gadgets|technology|verge|the verge|tech|tech news,PT1M1S,10537,235,11,2026-05-26 13:34:48,61,2.3346,2026,4,Tuesday
pjLC7OJO4a8,The Verge,GoPro's new cinematic camera system,2026-04-14 13:01:29+00:00,28,gadgets|tech gadgets|technology|verge|the verge|tech|tech news,PT2M7S,404044,13615,731,2026-05-26 13:34:48,127,3.5506,2026,4,Tuesday
wXc5wrnxeMM,The Verge,A reporter's descent into CGM madness | The Vergecast,2026-04-14 12:01:57+00:00,28,,PT1H17M13S,15055,364,81,2026-05-26 13:34:48,4633,2.9558,2026,4,Tuesday
cZrk5WzJvdo,The Verge,Befriending an AI deer for a week,2026-04-11 14:00:59+00:00,28,gadgets|tech gadgets|technology|verge|the verge|tech|tech news,PT2M52S,6429,101,16,2026-05-26 13:34:48,172,1.8199,2026,4,Saturday
UFQLGkI9EvI,The Verge,Vibe coding for a Frame TV #Vergecast,2026-04-11 14:00:55+00:00,28,gadgets|tech gadgets|technology|verge|the verge|tech|tech news,PT1M31S,17533,264,8,2026-05-26 13:34:48,91,1.5514,2026,4,Saturday
brLFf--87jQ,The Verge,Who is Satoshi Nakamoto? #Vergecast,2026-04-11 13:01:08+00:00,28,gadgets|tech gadgets|technology|verge|the verge|tech|tech news,PT1M53S,14557,259,18,2026-05-26 13:34:48,113,1.9029,2026,4,Saturday
tolEwy7cb0Q,The Verge,Artemis II frozen waste pipe #Vergecast,2026-04-10 19:21:07+00:00,28,gadgets|tech gadgets|technology|verge|the verge|tech|tech news,PT1M29S,7460,225,3,2026-05-26 13:34:48,89,3.0563,2026,4,Friday
I81vnAPIg0Y,The Verge,Do you trust Sam Altman? #Vergecast,2026-04-10 18:42:25+00:00,28,gadgets|tech gadgets|technology|verge|the verge|tech|tech news,PT59S,37323,602,12,2026-05-26 13:34:48,59,1.6451,2026,4,Friday
leuWbaMUieg,The Verge,Fear and loathing at OpenAI | The Vergecast,2026-04-10 12:01:26+00:00,28,,PT1H20M34S,31213,622,75,2026-05-26 13:34:48,4834,2.233,2026,4,Friday
IcVZ-TORXlw,The Verge,We rank Apple’s top 10 products | Vergecast Clips,2026-04-09 12:00:36+00:00,28,,PT13M51S,5225,128,5,2026-05-26 13:34:48,831,2.5455,2026,4,Thursday
nFOx33JC9VI,The Verge,Testing the Sidephone #Vergecast,2026-04-08 16:01:23+00:00,28,gadgets|tech gadgets|technology|verge|the verge|tech|tech news,PT1M6S,37658,813,25,2026-05-26 13:34:48,66,2.2253,2026,4,Wednesday
oVwHGbaDpHI,The Verge,Cookie banners in Europe #Vergecast,2026-04-08 15:01:30+00:00,28,gadgets|tech gadgets|technology|verge|the verge|tech|tech news,PT1M9S,5740,108,9,2026-05-26 13:34:48,69,2.0383,2026,4,Wednesday
P0svZUdDYb8,The Verge,Cookie banners manufactured consent #Vergecast,2026-04-07 19:00:18+00:00,28,gadgets|tech gadgets|technology|verge|the verge|tech|tech news,PT1M4S,5220,103,7,2026-05-26 13:34:48,64,2.1073,2026,4,Tuesday
CHFbW3q9u0U,The Verge,Google Maps AI plans day #vergecast,2026-04-07 18:00:00+00:00,28,gadgets|tech gadgets|technology|verge|the verge|tech|tech news,PT1M30S,10837,226,9,2026-05-26 13:34:48,90,2.1685,2026,4,Tuesday
cFWggQ3ajgQ,The Verge,SEO industry is trying to hack AI search results,2026-04-07 14:01:03+00:00,28,gadgets|tech gadgets|technology|verge|the verge|tech|tech news,PT1M42S,10035,268,10,2026-05-26 13:34:48,102,2.7703,2026,4,Tuesday
9GyxhZ3MLW0,The Verge,Would you let Gemini tell you where to go? | The Vergecast,2026-04-07 12:00:16+00:00,28,,PT1H16M52S,14998,298,70,2026-05-26 13:34:48,4612,2.4537,2026,4,Tuesday
3FCjVqkMiDQ,The Verge,The crew on the Artemis II mission have officially completed their lunar flyby on April 6th,2026-04-07 02:45:00+00:00,28,gadgets|tech gadgets|technology|verge|the verge|tech|tech news,PT49S,78507,984,52,2026-05-26 13:34:48,49,1.3196,2026,4,Tuesday
MZ7ToChUYcs,The Verge,Ranking Apple’s Titanium PowerBook G4 #Vergecast,2026-04-06 15:00:37+00:00,28,gadgets|tech gadgets|technology|verge|the verge|tech|tech news,PT41S,9255,54,4,2026-05-26 13:34:48,41,0.6267,2026,4,Monday
Vq10tnxwWWY,The Verge,iTunes to #1?? #Vergecast,2026-04-06 13:00:53+00:00,28,gadgets|tech gadgets|technology|verge|the verge|tech|tech news,PT38S,13913,133,2,2026-05-26 13:34:48,38,0.9703,2026,4,Monday
H_yUMD9RXCw,The Verge,Ranking Apple's Extended Keyboard II #Vergecast,2026-04-05 15:00:33+00:00,28,gadgets|tech gadgets|technology|verge|the verge|tech|tech news,PT41S,7990,54,3,2026-05-26 13:34:48,41,0.7134,2026,4,Sunday
0QP2S5hR8tM,The Verge,Apple’s best product #Vergecast,2026-04-05 13:00:01+00:00,28,gadgets|tech gadgets|technology|verge|the verge|tech|tech news,PT52S,13012,153,8,2026-05-26 13:34:48,52,1.2373,2026,4,Sunday
j_XFIEZP-NA,The Verge,Come to the movies with us! #Vergecast,2026-04-03 17:41:28+00:00,28,gadgets|tech gadgets|technology|verge|the verge|tech|tech news,PT36S,6118,36,2,2026-05-26 13:34:48,36,0.6211,2026,4,Friday
YeaVK-wT4tY,The Verge,OpenAI bought TBPN #Vergecast,2026-04-03 17:39:14+00:00,28,gadgets|tech gadgets|technology|verge|the verge|tech|tech news,PT1M21S,15076,320,8,2026-05-26 13:34:48,81,2.1756,2026,4,Friday
LVILbNm8Bnw,The Verge,We’re up for a Webby! #Vergecast,2026-04-03 16:04:29+00:00,1,,PT12S,4972,34,2,2026-05-26 13:34:48,12,0.7241,2026,4,Friday
CzPwn7-oNGE,The Verge,Linux on a 10 year old Lenovo,2026-04-03 15:09:22+00:00,28,gadgets|tech gadgets|technology|verge|the verge|tech|tech news,PT2M23S,30985,1200,43,2026-05-26 13:34:48,143,4.0116,2026,4,Friday
Lg3ZuiuY_wE,The Verge,Apple's best product ever | The Vergecast,2026-04-03 12:00:40+00:00,28,apple,PT1H42M32S,30349,622,116,2026-05-26 13:34:48,6152,2.4317,2026,4,Friday
JIzHLJUL0f8,The Verge,EV Slate truck first look,2026-04-02 18:33:06+00:00,28,gadgets|tech gadgets|technology|verge|the verge|tech|tech news,PT2M25S,69914,1668,253,2026-05-26 13:34:48,145,2.7477,2026,4,Thursday
US5N2-TRRuc,The Verge,20 $10 Ikea speakers vs. 1 $200 speaker,2026-04-01 14:00:34+00:00,28,gadgets|tech gadgets|technology|verge|the verge|tech|tech news,PT2M18S,61569,1232,55,2026-05-26 13:34:48,138,2.0903,2026,4,Wednesday
GsrWcML4hEg,The Verge,Podcasting's secret superpower #vergecast,2026-04-01 13:01:30+00:00,28,gadgets|tech gadgets|technology|verge|the verge|tech|tech news,PT1M27S,7772,381,7,2026-05-26 13:34:48,87,4.9923,2026,4,Wednesday
Mh-0kXqp0eo,The Verge,Apple software is in its butterfly keyboard era #vergecast,2026-03-31 20:00:10+00:00,28,gadgets|tech gadgets|technology|verge|the verge|tech|tech news,PT1M23S,18551,427,15,2026-05-26 13:34:48,83,2.3826,2026,3,Tuesday
BcXdg9sxSEs,The Verge,Apple hardware is killing it right now #vergecast,2026-03-31 18:53:40+00:00,28,gadgets|tech gadgets|technology|verge|the verge|tech|tech news,PT43S,15958,286,13,2026-05-26 13:34:48,43,1.8737,2026,3,Tuesday
-KxZZ1xvXK8,The Verge,Apple is just another company #vergecast,2026-03-31 17:42:36+00:00,28,gadgets|tech gadgets|technology|verge|the verge|tech|tech news,PT1M46S,11814,384,11,2026-05-26 13:34:48,106,3.3435,2026,3,Tuesday
JLNShOwOaig,The Verge,Apple at 50: the good and the bad | The Vergecast,2026-03-31 12:00:32+00:00,28,david pierce|nilay patel|tech|tech podcast|the verge|verge|vergecast|vergecast podcast,PT1H27M32S,21606,455,61,2026-05-26 13:34:48,5252,2.3882,2026,3,Tuesday
KZ78dKT2krY,The Verge,Rank 50 of the best Apple products with us,2026-03-30 14:00:20+00:00,28,gadgets|tech gadgets|technology|verge|the verge|tech|tech news,PT1M33S,8949,219,10,2026-05-26 13:34:48,93,2.5589,2026,3,Monday
PUB76aQz24w,The Verge,Nilay’s teardown conspiracy theory #vergecast,2026-03-28 16:00:33+00:00,28,gadgets|tech gadgets|technology|verge|the verge|tech|tech news,PT49S,15309,270,5,2026-05-26 13:34:48,49,1.7963,2026,3,Saturday
uwOe7lEdHZY,The Verge,Regulating social media is tricky #vergecast,2026-03-28 14:01:05+00:00,28,gadgets|tech gadgets|technology|verge|the verge|tech|tech news,PT1M16S,19566,557,13,2026-05-26 13:34:48,76,2.9132,2026,3,Saturday
52A8NOTXkR8,The Verge,Netflix and PS5 increasing prices,2026-03-27 22:02:52+00:00,28,gadgets|tech gadgets|technology|verge|the verge|tech|tech news,PT56S,18654,314,38,2026-05-26 13:34:48,56,1.887,2026,3,Friday
iRWlotXkUck,The Verge,Sony and Hona pull the plug on Afeela EV,2026-03-27 19:36:41+00:00,28,gadgets|tech gadgets|technology|verge|the verge|tech|tech news,PT1M56S,12130,336,13,2026-05-26 13:34:48,116,2.8772,2026,3,Friday
ouOsvlHwovw,The Verge,Instagram and YouTube were doomed to lose #vergecast,2026-03-27 17:01:02+00:00,28,gadgets|tech gadgets|technology|verge|the verge|tech|tech news,PT54S,23902,574,14,2026-05-26 13:34:48,54,2.46,2026,3,Friday
zmU-_IKe_RM,The Verge,My weird time with the Samsung TriFold,2026-03-27 16:01:13+00:00,28,gadgets|tech gadgets|technology|verge|the verge|tech|tech news,PT1M42S,24929,483,15,2026-05-26 13:34:48,102,1.9977,2026,3,Friday
cObUGfX0AKg,The Verge,The router ban makes no sense #vergecast,2026-03-27 15:00:45+00:00,28,gadgets|tech gadgets|technology|verge|the verge|tech|tech news,PT1M7S,26712,985,48,2026-05-26 13:34:48,67,3.8672,2026,3,Friday
OjaoBUUhelY,The Verge,Help us rank Apple’s 50 best gadgets! #vergecast,2026-03-27 13:55:25+00:00,28,gadgets|tech gadgets|technology|verge|the verge|tech|tech news,PT38S,11741,135,3,2026-05-26 13:34:48,38,1.1754,2026,3,Friday
g92t-ilhtsg,The Verge,Meta's court losses could be just the beginning | The Vergecast,2026-03-27 12:01:03+00:00,28,gadgets|tech gadgets|technology|verge|the verge|tech|tech news|apple|meta|routers|social media trials|brendan carr|AI|macbook neo|section 230,PT1H39M52S,29011,596,79,2026-05-26 13:34:48,5992,2.3267,2026,3,Friday
iHJw629hBFc,The Verge,Android vs. iOS apps #Vergecast,2026-03-26 13:01:15+00:00,28,gadgets|tech gadgets|technology|verge|the verge|tech|tech news,PT1M21S,13710,326,25,2026-05-26 13:34:48,81,2.5602,2026,3,Thursday
lJ75b1-R6q4,The Verge,"The Verge's news editor, Dominic Preston, tried out the DJI Avata 360",2026-03-26 12:01:17+00:00,28,gadgets|tech gadgets|technology|verge|the verge|tech|tech news,PT1M22S,12517,385,6,2026-05-26 13:34:48,82,3.1238,2026,3,Thursday
s2rMfAZMeuE,The Verge,Android beats iOS #Vergecast,2026-03-25 16:01:21+00:00,28,gadgets|tech gadgets|technology|verge|the verge|tech|tech news,PT2M6S,28540,1052,117,2026-05-26 13:34:48,126,4.096,2026,3,Wednesday
-s8WAaIpLAc,The Verge,Switching phones sucks #Vergecast,2026-03-25 13:00:04+00:00,28,gadgets|tech gadgets|technology|verge|the verge|tech|tech news,PT1M1S,12627,275,19,2026-05-26 13:34:48,61,2.3283,2026,3,Wednesday
CNJY0ABzFbA,The Verge,Flip vs. Foldable phones #Vergecast,2026-03-24 16:58:47+00:00,28,gadgets|tech gadgets|technology|verge|the verge|tech|tech news,PT1M42S,20400,480,27,2026-05-26 13:34:48,102,2.4853,2026,3,Tuesday
EXIipf1UGHw,The Verge,Google replaced our news headlines,2026-03-24 16:51:36+00:00,28,gadgets|tech gadgets|technology|verge|the verge|tech|tech news,PT1M21S,19521,909,31,2026-05-26 13:34:48,81,4.8153,2026,3,Tuesday
nROMXNuAAwA,The Verge,"Welp, I bought an iPhone again | The Vergecast",2026-03-24 12:01:31+00:00,28,,PT1H9S,25825,563,105,2026-05-26 13:34:48,3609,2.5866,2026,3,Tuesday
BNdyU9JZQew,The Verge,Why people don’t like AI #Vergecast,2026-03-23 18:00:41+00:00,28,gadgets|tech gadgets|technology|verge|the verge|tech|tech news,PT57S,26169,539,22,2026-05-26 13:34:48,57,2.1438,2026,3,Monday
vlgsHA21FiU,The Verge,Do consumers care about the environment? #Vergecast,2026-03-22 16:01:29+00:00,28,gadgets|tech gadgets|technology|verge|the verge|tech|tech news,PT52S,15613,254,12,2026-05-26 13:34:48,52,1.7037,2026,3,Sunday
eiZ2m0A_h38,The Verge,Full episode on @VersionHistoryPodcast,2026-03-22 12:00:58+00:00,28,gadgets|tech gadgets|technology|verge|the verge|tech|tech news,PT1M10S,15281,290,3,2026-05-26 13:34:48,70,1.9174,2026,3,Sunday
AvaNX00CmMA,The Verge,Is Nvidia yassifying games? #Vergecast,2026-03-21 16:00:14+00:00,28,gadgets|tech gadgets|technology|verge|the verge|tech|tech news,PT57S,16350,308,17,2026-05-26 13:34:48,57,1.9878,2026,3,Saturday
lJtxQaCOBUk,The Verge,New episode on @VersionHistoryPodcast tomorrow!,2026-03-21 13:01:26+00:00,28,gadgets|tech gadgets|technology|verge|the verge|tech|tech news,PT47S,10280,209,3,2026-05-26 13:34:48,47,2.0623,2026,3,Saturday
2jFelIhfJ9Q,The Verge,Adobe's new Rotate Object on Photoshop,2026-03-21 12:00:05+00:00,28,gadgets|tech gadgets|technology|verge|the verge|tech|tech news,PT2M41S,17373,423,18,2026-05-26 13:34:48,161,2.5384,2026,3,Saturday
kri01a187FU,The Verge,Samsung discontinues its TriFold #Vergecast,2026-03-20 20:18:35+00:00,28,gadgets|tech gadgets|technology|verge|the verge|tech|tech news,PT31S,30851,231,17,2026-05-26 13:34:48,31,0.8039,2026,3,Friday
ZHN5i8BdcbQ,The Verge,RIP Trifold | The Vergecast,2026-03-20 12:01:08+00:00,28,,PT1H46M24S,29876,569,134,2026-05-26 13:34:48,6384,2.3531,2026,3,Friday
MVrNnG9ppQ4,The Verge,Is Benjamin Netanyahu an AI clone?,2026-03-19 21:26:28+00:00,28,gadgets|tech gadgets|technology|verge|the verge|tech|tech news,PT2M31S,18340,255,27,2026-05-26 13:34:48,151,1.5376,2026,3,Thursday
bHKFOzOJuv8,The Verge,Headphones found with harmful chemicals,2026-03-19 14:01:06+00:00,28,gadgets|tech gadgets|technology|verge|the verge|tech|tech news,PT1M29S,16247,536,27,2026-05-26 13:34:48,89,3.4653,2026,3,Thursday
BgXpubcmRzI,The Verge,What do you think of Nvidia DLSS 5?,2026-03-19 00:23:19+00:00,28,,PT1M31S,32328,428,159,2026-05-26 13:34:48,91,1.8158,2026,3,Thursday
wfk0zLzy4ko,The Verge,Interesting phones outside the U.S #Vergecast,2026-03-18 18:23:46+00:00,28,gadgets|tech gadgets|technology|verge|the verge|tech|tech news,PT59S,10739,182,1,2026-05-26 13:34:48,59,1.7041,2026,3,Wednesday
HTBnDqYn2_0,The Verge,We deserve weird phones #Vergecast,2026-03-17 20:00:25+00:00,28,gadgets|tech gadgets|technology|verge|the verge|tech|tech news,PT1M7S,13943,301,7,2026-05-26 13:34:48,67,2.209,2026,3,Tuesday
fdzbdJafnOk,The Verge,Is coding still a safe career? #Vergecast,2026-03-17 19:32:33+00:00,28,gadgets|tech gadgets|technology|verge|the verge|tech|tech news,PT53S,16069,227,10,2026-05-26 13:34:48,53,1.4749,2026,3,Tuesday
d_s-owPs-G8,The Verge,The future of code is exciting and terrifying | The Vergecast,2026-03-17 12:01:09+00:00,28,,PT1H5M54S,14683,320,37,2026-05-26 13:34:48,3954,2.4314,2026,3,Tuesday
ARxFtGRm6rE,The Verge,Is this the best robot Disney's ever made? #TITW,2026-03-16 20:30:02+00:00,28,gadgets|tech gadgets|technology|verge|the verge|tech|tech news,PT1M12S,35158,1140,53,2026-05-26 13:34:48,72,3.3933,2026,3,Monday
VvGaDPViMKY,The Verge,Why I intentionally misuse my fitness tracker,2026-03-16 13:12:52+00:00,28,gadgets|tech gadgets|technology|verge|the verge|tech|tech news,PT2M14S,9762,397,23,2026-05-26 13:34:48,134,4.3024,2026,3,Monday
J3MDqVKVVqw,The Verge,Did you go to a “mansion party”? Subscribe to @VersionHistoryPodcast for more.,2026-03-15 13:00:26+00:00,28,gadgets|tech gadgets|technology|verge|the verge|tech|tech news,PT59S,8371,124,3,2026-05-26 13:34:48,59,1.5171,2026,3,Sunday
oNkHpFGzfBo,The Verge,The Neo is kind of just an iPhone. #Vergecast,2026-03-15 12:01:16+00:00,28,,PT33S,463038,5353,188,2026-05-26 13:34:48,33,1.1967,2026,3,Sunday
IKoF29ujAzA,The Verge,What is Clubhouse? Subscribe to @VersionHistoryPodcast for more,2026-03-15 12:00:26+00:00,28,gadgets|tech gadgets|technology|verge|the verge|tech|tech news,PT39S,16686,189,2,2026-05-26 13:34:48,39,1.1447,2026,3,Sunday
Xq78T-LV9Mg,The Verge,Apple Store offers $1 discount. #Vergecast,2026-03-14 15:30:16+00:00,28,,PT46S,246202,2758,17,2026-05-26 13:34:48,46,1.1271,2026,3,Saturday
UNnHu11tbog,The Verge,Is the MacBook Neo for you? #Vergecast,2026-03-14 15:00:48+00:00,28,,PT1M16S,33853,540,37,2026-05-26 13:34:48,76,1.7044,2026,3,Saturday
B3LDoHHzquI,The Verge,Remember Clubhouse? Subscribe to @VersionHistoryPodcast for more,2026-03-14 14:00:13+00:00,28,gadgets|tech gadgets|technology|verge|the verge|tech|tech news,PT37S,10750,140,10,2026-05-26 13:34:48,37,1.3953,2026,3,Saturday
nBzXWkiw018,The Verge,Alicia Keys at Apple’s 50th anniversary event,2026-03-13 21:36:31+00:00,28,,PT19S,43057,355,18,2026-05-26 13:34:49,19,0.8663,2026,3,Friday
kGbQLeOcbk8,The Verge,Grammarly's AI used our identities. #Vergecast,2026-03-13 21:08:36+00:00,28,gadgets|tech gadgets|technology|verge|the verge|tech|tech news,PT52S,50328,722,14,2026-05-26 13:34:49,52,1.4624,2026,3,Friday
2s8WGGpOBO0,The Verge,The MacBook Neo is a winner | The Vergecast,2026-03-13 12:00:10+00:00,28,,PT1H47M43S,52660,996,165,2026-05-26 13:34:49,6463,2.2047,2026,3,Friday
cE4R__l-qJE,The Verge,Are the iPhone 17E tradeoffs worth it?,2026-03-12 20:40:42+00:00,28,gadgets|tech gadgets|technology|verge|the verge|tech|tech news,PT1M6S,27563,508,30,2026-05-26 13:34:49,66,1.9519,2026,3,Thursday
YcPr7D6ciNA,The Verge,A look at Apple's new MacBook Neo.,2026-03-12 19:28:09+00:00,28,gadgets|tech gadgets|technology|verge|the verge|tech|tech news,PT2M,38455,831,43,2026-05-26 13:34:49,120,2.2728,2026,3,Thursday
jhCjHaWMUvc,The Verge,I tried out AI job interview sites. They were…,2026-03-12 14:01:10+00:00,28,gadgets|tech gadgets|technology|verge|the verge|tech|tech news,PT2M3S,7093,181,6,2026-05-26 13:34:49,123,2.6364,2026,3,Thursday
FcgZVbLrN6I,The Verge,AI companies love the US military #Vergecast,2026-03-11 15:00:35+00:00,28,gadgets|tech gadgets|technology|verge|the verge|tech|tech news,PT1M28S,12108,492,11,2026-05-26 13:34:49,88,4.1543,2026,3,Wednesday
mtIUQhb2h3A,The Verge,AI bots are now conducting job interviews. I tried it,2026-03-11 14:01:28+00:00,28,,PT9M14S,67825,1356,239,2026-05-26 13:34:49,554,2.3516,2026,3,Wednesday
lHhCjD5sowc,The Verge,An (almost) creaseless foldable,2026-03-11 09:01:10+00:00,28,gadgets|tech gadgets|technology|verge|the verge|tech|tech news,PT2M1S,25989,626,20,2026-05-26 13:34:49,121,2.4857,2026,3,Wednesday
0UmR2mcDmEE,The Verge,A surprise DOJ vs. Live Nation settlement #Vergecast,2026-03-10 20:32:44+00:00,28,gadgets|tech gadgets|technology|verge|the verge|tech|tech news,PT1M29S,18799,486,8,2026-05-26 13:34:49,89,2.6278,2026,3,Tuesday
-I2ipSbRCY0,The Verge,The twist in the Ticketmaster antitrust fight | The Vergecast,2026-03-10 12:00:01+00:00,28,live nation|ticketmaster|vergecast|vergecast podcast,PT1H10M16S,12889,249,21,2026-05-26 13:34:49,4216,2.0948,2026,3,Tuesday
dGtbnUvSSDY,The Verge,Notes from a Burmese Prison (comic),2026-03-09 17:19:42+00:00,28,gadgets|tech gadgets|technology|verge|the verge|tech|tech news,PT2M7S,6315,170,3,2026-05-26 13:34:49,127,2.7395,2026,3,Monday
zkc2JDp41JM,The Verge,What animal is a Furby? @VersionHistoryPodcast​,2026-03-08 14:01:34+00:00,28,gadgets|tech gadgets|technology|verge|the verge|tech|tech news,PT49S,10212,171,2,2026-05-26 13:34:49,49,1.6941,2026,3,Sunday
tE0xaQ887jU,The Verge,Why Furby has no limbs @VersionHistoryPodcast  #podcast #interview #funny,2026-03-08 12:01:22+00:00,28,gadgets|tech gadgets|technology|verge|the verge|tech|tech news,PT49S,16052,240,3,2026-05-26 13:34:49,49,1.5138,2026,3,Sunday
zwknJSNkdZ8,The Verge,Version History S3 is here! @VersionHistoryPodcast #VersionHistory,2026-03-07 14:01:34+00:00,28,gadgets|tech gadgets|technology|verge|the verge|tech|tech news,PT40S,10795,264,3,2026-05-26 13:34:49,40,2.4734,2026,3,Saturday
5mCQjViRxRk,The Verge,The best movie-watching experience? #Vergecast,2026-03-06 21:00:06+00:00,28,gadgets|tech gadgets|technology|verge|the verge|tech|tech news,PT55S,46807,460,24,2026-05-26 13:34:49,55,1.034,2026,3,Friday
y5uy4PUQfJ0,The Verge,Google + Epic = BFFs. #Vergecast,2026-03-06 20:00:58+00:00,28,gadgets|tech gadgets|technology|verge|the verge|tech|tech news,PT1M55S,12795,276,9,2026-05-26 13:34:49,115,2.2274,2026,3,Friday
RmHUxQJyGHc,The Verge,The Oukitel’s WP63 rugged smartphone includes a built-in fire starter. #Vergecast,2026-03-06 18:55:59+00:00,28,gadgets|tech gadgets|technology|verge|the verge|tech|tech news,PT35S,23239,204,7,2026-05-26 13:34:49,35,0.908,2026,3,Friday
w3GAyQEUM2s,The Verge,Version History Season 3 | Official trailer,2026-03-06 17:21:34+00:00,28,gadgets|tech gadgets|technology|verge|the verge|tech|tech news,PT46S,4724,108,6,2026-05-26 13:34:49,46,2.4132,2026,3,Friday
dR33f8ywHXg,The Verge,Why Google and Epic are suddenly BFFs | The Vergecast,2026-03-06 13:01:20+00:00,28,,PT1H43M30S,21556,405,47,2026-05-26 13:34:49,6210,2.0969,2026,3,Friday
aDgLHx3mDHw,The Verge,"We got a first look at Nothing’s 4A and 4A Pro, its latest midrange phones.",2026-03-05 23:43:58+00:00,28,,PT1M29S,47542,829,33,2026-05-26 13:34:49,89,1.8131,2026,3,Thursday
mb-fqt4we5A,The Verge,Will you be upgrading? #Vergecast,2026-03-05 21:30:10+00:00,28,gadgets|tech gadgets|technology|verge|the verge|tech|tech news,PT1M3S,45456,457,27,2026-05-26 13:34:49,63,1.0648,2026,3,Thursday
MkAR9IUdEq4,The Verge,"The trackpad on the MacBook Neo, Apple’s new entry-level Mac laptop, actually clicks! #Vergecast",2026-03-04 21:00:20+00:00,28,gadgets|tech gadgets|technology|verge|the verge|tech|tech news,PT35S,216930,2276,143,2026-05-26 13:34:49,35,1.1151,2026,3,Wednesday
XhXo8ah8DIo,The Verge,The MacBook Neo colors underwhelmed us. What do you think? #Vergecast,2026-03-04 20:23:33+00:00,28,gadgets|tech gadgets|technology|verge|the verge|tech|tech news,PT1M10S,33679,429,30,2026-05-26 13:34:49,70,1.3629,2026,3,Wednesday
cN45JB5H5eA,The Verge,"Apple has announced a new version of the iPad Air, but now it’s with an M4 processor.",2026-03-04 20:13:03+00:00,28,gadgets|tech gadgets|technology|verge|the verge|tech|tech news,PT36S,63237,695,21,2026-05-26 13:34:49,36,1.1322,2026,3,Wednesday
l8cjkxq5u78,The Verge,"Apple has two new 5K monitor options, the Studio Display and Studio Display XDR.",2026-03-04 19:50:32+00:00,28,gadgets|tech gadgets|technology|verge|the verge|tech|tech news,PT1M2S,89884,914,60,2026-05-26 13:34:49,62,1.0836,2026,3,Wednesday
9TI87Al3Dr0,The Verge,We’re hands-on with Apple’s new release of the MacBook Pro models.,2026-03-04 19:30:54+00:00,28,gadgets|tech gadgets|technology|verge|the verge|tech|tech news,PT1M30S,49165,678,12,2026-05-26 13:34:49,90,1.4034,2026,3,Wednesday
QclAilelauM,The Verge,We're hands-on with the new  M5 powered MacBook Air.,2026-03-04 18:45:56+00:00,28,gadgets|tech gadgets|technology|verge|the verge|tech|tech news,PT59S,96585,1022,18,2026-05-26 13:34:49,59,1.0768,2026,3,Wednesday
bZ24c3apWpQ,The Verge,We got hands-on with Apple’s new MacBook Neo.,2026-03-04 18:13:28+00:00,28,gadgets|tech gadgets|technology|verge|the verge|tech|tech news,PT1M19S,84766,1673,86,2026-05-26 13:34:49,79,2.0751,2026,3,Wednesday
DGAlITDQzgs,The Verge,The Apple iPhone 17e is more or less exactly what you’d expect.,2026-03-04 17:29:57+00:00,28,gadgets|tech gadgets|technology|verge|the verge|tech|tech news,PT43S,115509,1486,27,2026-05-26 13:34:49,43,1.3099,2026,3,Wednesday
39E2Wu9xqSQ,The Verge,"MacBook Neo, iPhone 17e, and iPad Air: The Vergecast Livestream",2026-03-04 17:09:39+00:00,28,gadgets|tech gadgets|technology|verge|the verge|tech|tech news,PT56M31S,49977,1104,128,2026-05-26 13:34:49,3391,2.4651,2026,3,Wednesday
pmG8LJd3aIo,The Verge,Here’s a first look at Apple’s new MacBook Neo.,2026-03-04 14:58:07+00:00,28,gadgets|tech gadgets|technology|verge|the verge|tech|tech news,PT10S,277011,2460,141,2026-05-26 13:34:49,10,0.939,2026,3,Wednesday
c_cLfvsp3Aw,The Verge,"Apple announces their new entry-level laptop, MacBook Neo.",2026-03-04 14:53:42+00:00,28,gadgets|tech gadgets|technology|verge|the verge|tech|tech news,PT54S,117469,1969,128,2026-05-26 13:34:49,54,1.7852,2026,3,Wednesday
AvuXditSBh4,The Verge,"Companies are trying to stave off the RAM crisis, but its already here.",2026-03-03 23:00:55+00:00,28,,PT1M5S,43998,891,36,2026-05-26 13:34:49,65,2.1069,2026,3,Tuesday
qXxST-pnehg,The Verge,Are you pro or against a gadget strap? #Vergecast,2026-03-03 20:01:19+00:00,28,gadgets|tech gadgets|technology|verge|the verge|tech|tech news,PT59S,13678,166,7,2026-05-26 13:34:49,59,1.2648,2026,3,Tuesday
0CnNAmZP9cQ,The Verge,Are smaller phones making a comeback? #Vergecast,2026-03-03 17:22:29+00:00,28,gadgets|tech gadgets|technology|verge|the verge|tech|tech news,PT35S,40746,389,25,2026-05-26 13:34:49,35,1.0161,2026,3,Tuesday
jp_nC1ZpB8Y,The Verge,Vivo showcased its next flagship phone the X300 Ultra at the Mobile World Congress in Barcelona.,2026-03-03 15:01:15+00:00,28,gadgets|tech gadgets|technology|verge|the verge|tech|tech news,PT1M12S,71462,1607,43,2026-05-26 13:34:49,72,2.3089,2026,3,Tuesday
BNW6KmTpcqo,The Verge,Gadget straps are the hottest thing in tech fashion | The Vergecast,2026-03-03 13:00:32+00:00,28,,PT1H12M27S,13972,273,39,2026-05-26 13:34:49,4347,2.233,2026,3,Tuesday
qFkYYDHJolw,The Verge,"The Verge news editor, Dominic Preston, got an up close look at Honor's Robot Phone.",2026-03-02 23:58:12+00:00,28,gadgets|tech gadgets|technology|verge|the verge|tech|tech news,PT49S,51244,661,22,2026-05-26 13:34:49,49,1.3328,2026,3,Monday
m0TDwYdIOzE,The Verge,Have you actually wanted a foldable screen for your gaming handheld? #tech #lenovo,2026-03-02 23:01:28+00:00,28,gadgets|tech gadgets|technology|verge|the verge|tech|tech news,PT1M22S,17538,437,15,2026-05-26 13:34:49,82,2.5773,2026,3,Monday
8HRYbAw1NiU,The Verge,What do you think about making modularity magnetic?,2026-03-02 22:31:34+00:00,28,gadgets|tech gadgets|technology|verge|the verge|tech|tech news,PT49S,69582,1094,24,2026-05-26 13:34:49,49,1.6067,2026,3,Monday
7QG5ZHcx-5A,The Verge,Author Hilke Schellman offers some advice on getting your profile in front of the hiring team.,2026-03-02 18:03:53+00:00,28,gadgets|tech gadgets|technology|verge|the verge|tech|tech news,PT41S,8971,116,3,2026-05-26 13:34:49,41,1.3265,2026,3,Monday
LMVeWKjlaFI,The Verge,Remember how WALL-E turned trash into bricks? The Clear Drop Soft Plastic Compactor does too. #TITW,2026-03-02 15:00:30+00:00,28,gadgets|tech gadgets|technology|verge|the verge|tech|tech news,PT1M20S,28349,396,8,2026-05-26 13:34:49,80,1.4251,2026,3,Monday
vyOGiQbxRyA,The Verge,ThinkBook Modular AI PC concept,2026-03-01 23:01:15+00:00,28,gadgets|tech gadgets|technology|verge|the verge|tech|tech news,PT1M23S,39695,839,22,2026-05-26 13:34:49,83,2.169,2026,3,Sunday
EMiU0nnU7ns,The Verge,"Lenovo's YogaBook Pro 3D concept. Calling 3D artists, is this something you’d use?",2026-03-01 23:01:14+00:00,28,gadgets|tech gadgets|technology|verge|the verge|tech|tech news,PT1M29S,10061,117,4,2026-05-26 13:34:49,89,1.2027,2026,3,Sunday
IZ2Zga4_cD8,The Verge,Would you get this for your pets? I think my dog would call too much and my cat would block me.,2026-03-01 22:21:44+00:00,28,gadgets|tech gadgets|technology|verge|the verge|tech|tech news,PT1M2S,16291,393,8,2026-05-26 13:34:49,62,2.4615,2026,3,Sunday
xAa5qdajhp0,The Verge,Honor unveiled more of what they're calling their Robot Phone at the Mobile World Congress.,2026-03-01 17:32:14+00:00,28,gadgets|tech gadgets|technology|verge|the verge|tech|tech news,PT31S,70641,788,31,2026-05-26 13:34:49,31,1.1594,2026,3,Sunday
DRnfWmu7d8g,The Verge,The Honor Magic V6 is sporting the biggest battery in the thinnest device out of foldable phones.,2026-03-01 13:00:18+00:00,28,,PT1M27S,17206,420,23,2026-05-26 13:34:49,87,2.5747,2026,3,Sunday
6ciNTPIXLD0,The Verge,Do you use AI to edit your photos? #Vergecast,2026-02-28 15:00:10+00:00,28,gadgets|tech gadgets|technology|verge|the verge|tech|tech news,PT48S,15456,207,4,2026-05-26 13:34:49,48,1.3652,2026,2,Saturday
36_dxPZovgA,The Verge,Xiaomi is releasing its Leica Leitzphone outside of Japan for the first time.,2026-02-28 14:30:05+00:00,28,,PT1M28S,67288,1435,54,2026-05-26 13:34:49,88,2.2129,2026,2,Saturday
HdCc-KezQPk,Chrome for Developers,Build your website for the agentic era,2026-05-22 23:03:58+00:00,28,Chrome|Developers|Google|Web|pr_pr: Google I/O;|ct:Event - Technical Session;|ct:Stack - Chrome;,PT38M47S,4632,147,10,2026-05-26 13:34:52,2327,3.3895,2026,5,Friday
1AD81ZselPk,Chrome for Developers,Supercharge your AI coding workflow with Chrome DevTools for agents,2026-05-22 19:10:32+00:00,28,Chrome|Developers|Google|Web|pr_pr: Google I/O;|ct:Event - Technical Session;|ct:Stack - Chrome;,PT25M55S,2400,78,4,2026-05-26 13:34:52,1555,3.4167,2026,5,Friday
uT7MVcCQ4rw,Chrome for Developers,What's new in Web UI,2026-05-22 16:11:55+00:00,28,Chrome|Developers|Google|Web|pr_pr: Google I/O;|ct:Event - Chrome PA Keynote;|ct:Stack - Chrome;,PT43M55S,17767,650,54,2026-05-26 13:34:52,2635,3.9624,2026,5,Friday
ddBxvuH35tI,Chrome for Developers,Build new features using built-in AI in Chrome,2026-05-21 23:46:32+00:00,28,Chrome|Developers|Google|Web|pr_pr: Google I/O;|ct:Event - Technical Session;|ct:Stack - Chrome;,PT27M40S,1016,28,11,2026-05-26 13:34:52,1660,3.8386,2026,5,Thursday
HKZ9mw6TaCo,Chrome for Developers,Break boundaries with Gemini in Chrome DevTools,2026-05-21 23:45:27+00:00,28,Chrome|Developers|Google|Web|pr_pr: Google I/O;|ct:Event - Technical Session;|ct:Stack - Chrome;,PT10M40S,319,12,0,2026-05-26 13:34:52,640,3.7618,2026,5,Thursday
g2qrMnvvL6E,Chrome for Developers,Elevate the Chrome Extensions developer experience,2026-05-21 23:43:37+00:00,28,Chrome|Developers|Google|Web|pr_pr: Google I/O;|ct:Event - Technical Session;|ct:Stack - Chrome;,PT14M17S,430,14,2,2026-05-26 13:34:52,857,3.7209,2026,5,Thursday
MbkjTNg2rcg,Chrome for Developers,What's new in Angular,2026-05-21 22:37:30+00:00,28,Chrome|Developers|Google|Web|pr_pr: Google I/O;|ct:Event - Technical Session;|ct:Stack - Chrome;,PT29M14S,4766,196,33,2026-05-26 13:34:52,1754,4.8049,2026,5,Thursday
bo3i0FzDUYo,Chrome for Developers,Unlock modern web capabilities in your AI coding workflows,2026-05-21 19:06:03+00:00,28,Chrome|Developers|Google|Web|pr_pr: Google I/O;|ct:Event - Technical Session;|ct:Stack - Chrome;,PT34M56S,4321,182,10,2026-05-26 13:34:52,2096,4.4434,2026,5,Thursday
TUtKGTeFWjQ,Chrome for Developers,Build next-generation UIs with the HTML-in-Canvas API,2026-05-21 16:35:02+00:00,28,Chrome|Developers|Google|Web|pr_pr: Google I/O;|ct:Event - Technical Session;|ct:Stack - Chrome;|Web UI|html|canvas|modern design|HTML in Canvas|WebGPU|WebGL|HTML|DOM|Three.JS|playcanvas|Interactive 3D web|accessibility,PT16M20S,73526,2447,158,2026-05-26 13:34:52,980,3.543,2026,5,Thursday
xzMx2khmGJ4,Chrome for Developers,"Modernize authentication with passkeys, digital credentials, and more",2026-05-21 16:33:56+00:00,28,Chrome|Developers|Google|Web|pr_pr: Google I/O;|ct:Event - Technical Session;|ct:Stack - Chrome;|Passwordless sign-in|Modern user authentication|Passkeys|Digital Credentials API|FedCM|Federated Credential Management,PT21M29S,1387,54,1,2026-05-26 13:34:52,1289,3.9654,2026,5,Thursday
nC7TrzUYvig,Chrome for Developers,Vibe design to build incredible web UI,2026-05-21 16:33:23+00:00,28,Chrome|Developers|Google|Web|pr_pr: Google I/O;|ct:Event - Technical Session;|ct:Stack - Chrome;|Stitch|Dev Tools|MCP|DESIGN.md,PT16M43S,9409,306,13,2026-05-26 13:34:52,1003,3.3904,2026,5,Thursday
YuMdsHIXatY,Chrome for Developers,What's new in Chrome,2026-05-21 16:32:03+00:00,28,Chrome|Developers|Google|Web|pr_pr: Google I/O;|ct:Event - Chrome PA Keynote;|ct:Stack - Chrome;,PT42M3S,6258,169,11,2026-05-26 13:34:52,2523,2.8763,2026,5,Thursday
h-rb6faAd1A,Chrome for Developers,#GoogleIO officially kicks off tomorrow!,2026-05-19 02:02:52+00:00,28,Chrome|Developers|Google|Web,PT39S,1491,35,0,2026-05-26 13:34:52,39,2.3474,2026,5,Tuesday
smEEMlgyz2s,Chrome for Developers,Register for #GoogleIO today and unpack all the news our team is bringing to build a better web,2026-05-18 14:42:16+00:00,28,"Chrome|Developers|Google|Web|pr_pr:Chrome for Developers;
ct: AIG;|gds:Yes;|Video type: Social first;|Campaign: IO26;",PT1M12S,2372,57,4,2026-05-26 13:34:52,72,2.5717,2026,5,Monday
Meb87FCisHo,Chrome for Developers,How to test web platforms with Chrome Dev,2026-05-15 16:00:18+00:00,28,Chrome|Developers|Google|Web|pr_pr: Chrome for Developers;|ct: AIG;|Campaign: ;|type:Excerpt;|gds:N/A;,PT29S,1727,25,2,2026-05-26 13:34:52,29,1.5634,2026,5,Friday
B6f5ikY4Psg,Chrome for Developers,Build an expert LLM judge,2026-05-14 21:00:13+00:00,28,"Chrome|Developers|Google|Web|pr_pr:|Chrome for Developers;
ct: AIG;|Campaign: ;|Series: Test your LLM Apps|type:Social First - Educational;|gds:N/A;",PT2M5S,6028,88,1,2026-05-26 13:34:52,125,1.4764,2026,5,Thursday
Cf9LYv1q6ic,Chrome for Developers,"Dont mind Oliver, he's just getting ready for #GoogleIO",2026-05-14 18:40:59+00:00,28,"Chrome|Developers|Google|Web|pr_pr:Chrome for Developers;
ct: AIG;|gds:Yes;|Video type: Social first;|Campaign: IO26;",PT21S,2437,18,1,2026-05-26 13:34:52,21,0.7796,2026,5,Thursday
Z6AVyuYWoik,Chrome for Developers,How to track browser feature changes,2026-05-13 19:53:07+00:00,28,pr_pr: Chrome for Developers;|ct: AIG;|Campaign: ;|type:Excerpt;|gds:N/A;,PT45S,1001,17,1,2026-05-26 13:34:52,45,1.7982,2026,5,Wednesday
6GLjmLBRwXI,Chrome for Developers,It's time to see what's next for the web at #GoogleIO,2026-05-12 14:03:08+00:00,28,"Chrome|Developers|Google|Web|pr_pr:Chrome for Developers;
ct: AIG;|gds:Yes;|Video type: Social first;|Campaign: IO26;|googleio|Google IO",PT26S,1043,17,2,2026-05-26 13:34:52,26,1.8217,2026,5,Tuesday
-F3qze1nRS0,Chrome for Developers,Deprecation: what it means for web features,2026-05-11 15:01:19+00:00,28,pr_pr: Chrome for Developers;|ct: AIG;|Campaign: ;|type:Excerpt;|gds:N/A;,PT43S,1289,28,0,2026-05-26 13:34:52,43,2.1722,2026,5,Monday
PCQhSAQqnmc,Chrome for Developers,Translator API: on-device translation made easy,2026-05-08 00:27:11+00:00,28,Chrome|Developers|Google|Web|pr_pr:|Chrome for Developers;|ct: AIG;|type:Social First - Interview;|gds:N/A;,PT2M23S,7357,132,6,2026-05-26 13:34:52,143,1.8758,2026,5,Friday
fPj-nOcUVyk,Chrome for Developers,Build your AI testing pipeline,2026-05-07 20:46:25+00:00,28,"Chrome|Developers|Google|Web|pr_pr:|Chrome for Developers;
ct: AIG;|Campaign: ;|Series: Test your LLM Apps|type:Social First - Educational;|gds:N/A;",PT1M58S,2265,51,2,2026-05-26 13:34:52,118,2.34,2026,5,Thursday
2OQ-gjH_8JA,Chrome for Developers,What is Chrome's feature removal process,2026-05-07 20:00:39+00:00,28,pr_pr: Chrome for Developers;|ct: AIG;|Campaign: ;|type:Excerpt;|gds:N/A;,PT52S,1335,17,0,2026-05-26 13:34:52,52,1.2734,2026,5,Thursday
LuVH0o62sCo,Chrome for Developers,What is browser feature removal,2026-05-05 19:58:50+00:00,28,pr_pr: Chrome for Developers;|ct: AIG;|Campaign: ;|type:Excerpt;|gds:N/A;,PT34S,2129,16,3,2026-05-26 13:34:52,34,0.8924,2026,5,Tuesday
vsGqb7PL3-I,Chrome for Developers,Align and test your LLM judge,2026-05-05 17:52:42+00:00,28,Chrome|Developers|Google|Web|pr_pr:|Chrome for Developers;|ct: AIG;|Campaign: ;|Series: Test your LLM Apps|type:Social First - Educational;|gds:N/A;,PT1M54S,7928,81,4,2026-05-26 13:34:52,114,1.0721,2026,5,Tuesday
8sSh0mG6nPg,Chrome for Developers,"When Google I/O prep gets exhausting, the Chrome Dino reminds us who we're building for 🦖",2026-05-05 15:30:00+00:00,28,"Chrome|Developers|Google|Web|pr_pr:Chrome for Developers;
ct: AIG;|gds:Yes;|Video type: Social first;|Campaign: IO26;|googleio|Google IO|google io",PT7S,5923,35,5,2026-05-26 13:34:52,7,0.6753,2026,5,Tuesday
bpP2Qo0_-qU,Chrome for Developers,WebMCP: teach Agents to browse your site,2026-05-04 15:43:25+00:00,28,Chrome|Developers|Google|Web|pr_pr:|Chrome for Developers;|ct: AIG;|Campaign: ;|type:Social First - Educational;|gds:N/A;,PT1M14S,2320,89,4,2026-05-26 13:34:52,74,4.0086,2026,5,Monday
IBh3Wz5YIR8,Chrome for Developers,What is the Chrome DevTools MCP server,2026-05-01 15:25:01+00:00,28,"Chrome|Developers|Google|Web|pr_pr:Chrome for Developers;
ct: AIG;|gds:Yes;|Video type: Social first;",PT34S,3578,87,1,2026-05-26 13:34:52,34,2.4595,2026,5,Friday
i1OCGChwO_I,Chrome for Developers,Building an extension in Antigravity in 6 minutes,2026-04-30 14:34:32+00:00,28,Chrome|Developers|Google|Web|pr_pr: Chrome;|Video Type:DevByte;|gds:N/A;|Series: Developer Mode;,PT6M29S,3267,124,13,2026-05-26 13:34:52,389,4.1934,2026,4,Thursday
LfLqurgEWh0,Chrome for Developers,The annual session prep for Google I/O,2026-04-29 20:32:34+00:00,28,Chrome|Developers|Google|Web|pr_pr:|Chrome for Developers;|ct: AIG;|type:Social First - Interview;|gds:N/A;|Google I/O|GoogleIO|Googleio|Google IO|Campaign: IO26;,PT10S,9654,40,2,2026-05-26 13:34:52,10,0.4351,2026,4,Wednesday
hKmdToAMQcY,Chrome for Developers,Build a Basic LLM Judge,2026-04-29 16:00:00+00:00,28,"Chrome|Developers|Google|Web|pr_pr:|Chrome for Developers;
ct: AIG;|Campaign: ;|Series: Test your LLM Apps|type:Social First - Educational;|gds:N/A;",PT1M38S,5129,193,2,2026-05-26 13:34:52,98,3.8019,2026,4,Wednesday
cdOJDYXPXQI,Chrome for Developers,How Chrome deprecates and removes features,2026-04-27 16:00:00+00:00,28,pr_pr: Chrome for Developers;|gds:Yes;|ct: AIG;,PT8M30S,1370,53,9,2026-05-26 13:34:52,510,4.5255,2026,4,Monday
CZ8geW9Zh4U,Chrome for Developers,The essentials of HTTP cookie attributes,2026-04-24 16:00:00+00:00,28,Chrome|Developers|Google|Web|pr_pr: Chrome for Developers;|gds:Yes;|ct: AIG;|cookie attributes|web cookies|Set-Cookie header|domain|path|expires|Max-Age|HttpOnly|Secure|SameSite|Partitioned|CHIPS|third-party cookies|session cookies|web development|browser cookies|data privacy|web security,PT12M1S,2640,119,5,2026-05-26 13:34:52,721,4.697,2026,4,Friday
m91Gj3efqjE,Chrome for Developers,Design your AI evals,2026-04-23 18:53:18+00:00,28,"Chrome|Developers|Google|Web|pr_pr:|Chrome for Developers;
ct: AIG;|Campaign: ;|Series: Test your LLM Apps|type:Social First - Educational;|gds:N/A;",PT1M30S,8781,296,5,2026-05-26 13:34:52,90,3.4279,2026,4,Thursday
xR_AJjgekvU,Chrome for Developers,Google I/O Developer Keynote: May 19th!,2026-04-23 16:55:54+00:00,28,Chrome|Developers|Google|Web|pr_pr:|Chrome for Developers;|ct: AIG;|type:Social First - Interview;|gds:N/A;|Google I/O|GoogleIO|Googleio|Google IO|Campaign: IO26;,PT11S,22787,265,7,2026-05-26 13:34:52,11,1.1937,2026,4,Thursday
hokTkVqKujY,Chrome for Developers,How to set up Chrome DevTools for agents,2026-04-23 15:22:21+00:00,28,Chrome|Developers|Google|Web|pr_pr: Chrome for Developers;|ct: AIG;|Video Type:DevByte;|gds:Yes;,PT8M13S,5353,167,2,2026-05-26 13:34:52,493,3.1571,2026,4,Thursday
ji08ILsXQ7M,Chrome for Developers,"Your mental model for AI testing: evals, LLM judges, and test layering",2026-04-21 16:19:02+00:00,28,"Chrome|Developers|Google|Web|pr_pr:|Chrome for Developers;
ct: AIG;|Campaign: ;|Series: Test your LLM Apps|type:Social First - Educational;|gds:N/A;",PT1M46S,3472,129,3,2026-05-26 13:34:52,106,3.8018,2026,4,Tuesday
WufG1eBT0dU,Chrome for Developers,"Evals: Stop guessing, start testing your AI features",2026-04-16 18:07:41+00:00,28,"Chrome|Developers|Google|Web|pr_pr:|Chrome for Developers;
ct: AIG;|Campaign: ;|Series: Test your LLM Apps|type:Social First - Educational;|gds:N/A;",PT1M21S,3716,133,8,2026-05-26 13:34:52,81,3.7944,2026,4,Thursday
hq1nZM3mohs,Chrome for Developers,3 things you didn’t know about the Prompt API,2026-04-15 15:00:00+00:00,28,Chrome|Developers|Google|Web|pr_pr:|Chrome for Developers;|ct: AIG;|type:Social First - Interview;|gds:N/A;,PT13S,2466,28,0,2026-05-26 13:34:52,13,1.1354,2026,4,Wednesday
G2li2xagzfY,Chrome for Developers,Meet our team's MVP lineup,2026-04-10 20:18:23+00:00,28,Chrome|Developers|Google|Web|pr_pr:|Chrome for Developers;|ct: AIG;|type:Social First - Interview;|gds:N/A;,PT1M26S,4154,87,1,2026-05-26 13:34:52,86,2.1184,2026,4,Friday
Ve_LOtA3ghg,Chrome for Developers,Chrome DevTools 145+: stop guessing SPA performance,2026-04-06 14:37:42+00:00,28,Chrome|Developers|Google|Web|pr_pr:Chrome for Developers;|type:Excerpt;|gds:Yes;|Series: What’s New in DevTools;,PT31S,4482,119,1,2026-05-26 13:34:52,31,2.6774,2026,4,Monday
-KXwGGu23rc,Chrome for Developers,What's new in Chrome DevTools 145-147,2026-03-31 19:34:05+00:00,28,Chrome|Developers|Google|Web|pr_pr: Chrome for Developers;|gds Yes;:|ct: AIG;|Series: What’s New in DevTools;,PT5M14S,28157,243,12,2026-05-26 13:34:52,314,0.9056,2026,3,Tuesday
oWJPu3yvfp8,Chrome for Developers,Modernizing the Pinterest carousel: 90% less code with native CSS,2026-03-17 21:17:50+00:00,28,"Chrome|Developers|Google|Web|pr_pr: Chrome;|Purpose: Influence;|ct: ;
type: gds:Please Select|Pinterest Engineering|Web Development|CSS Carousel|View Transition API|Web Performance|JavaScript|CSS|Front-End Engineering|Web UI",PT2M41S,6289246,1232,80,2026-05-26 13:34:52,161,0.0209,2026,3,Tuesday
oYnW16mWtGQ,Chrome for Developers,How This Chrome Extension Got 25% Annual Subscribers,2026-03-11 16:49:04+00:00,28,Chrome|Developers|Google|Web|pr_pr: Chrome;|Video Type:Excerpt;|Series: Developer Mode;,PT25S,3005,19,3,2026-05-26 13:34:52,25,0.7321,2026,3,Wednesday
08NkI1wunQk,Chrome for Developers,How to fix slow web pages with the DevTools MCP server,2026-03-09 18:06:12+00:00,28,"Chrome|Developers|Google|Web|pr_pr:|Chrome for Developers;
ct: AIG;|Video type:Excerpt;|gds:Yes;|Series: DevTools Tips;",PT56S,9790,189,0,2026-05-26 13:34:52,56,1.9305,2026,3,Monday
ESZX18Ty5V0,Chrome for Developers,Debug Storage APIs,2026-02-26 18:05:56+00:00,28,Chrome|Developers|Google|Web|pr_pr: Chrome for Developers;|ct: AIG;|Video Type:DevByte;,PT3M37S,3659,119,4,2026-05-26 13:34:52,217,3.3616,2026,2,Thursday
7i2N7Hqyqyg,Chrome for Developers,Building a profitable Chrome extension | Lessons from Pretty Prompt,2026-02-25 16:09:41+00:00,28,Chrome|Developers|Google|Web|pr_pr: Chrome;|Video Type:DevByte;|gds:N/A;,PT38M19S,3433,119,17,2026-05-26 13:34:52,2299,3.9615,2026,2,Wednesday
9IEBYgdjlQY,Chrome for Developers,How Chrome Extension IDs work,2026-02-18 16:00:00+00:00,28,Chrome|Developers|Google|Web|pr_pr: Chrome;|Video Type:Excerpt;|Chrome Extension IDs|ct: AIG;,PT44S,3386,34,2,2026-05-26 13:34:52,44,1.0632,2026,2,Wednesday
cHzsNU84u6g,Chrome for Developers,How to understand Chrome extension IDs and the key field,2026-02-11 16:00:00+00:00,28,Chrome|Developers|Google|Web|pr_pr: Chrome;|Video Type:DevByte;|gds:N/A;|chrome extension,PT5M31S,2189,82,5,2026-05-26 13:34:52,331,3.9744,2026,2,Wednesday
YESAmRvJQuA,Chrome for Developers,How to build Chrome extensions with React,2026-02-04 17:53:46+00:00,28,Chrome|Developers|Google|Web|pr_pr: Chrome;|Video Type:Excerpt;|series: Developer Mode;|ct: AIG;|chrome extension,PT44S,3751,53,2,2026-05-26 13:34:52,44,1.4663,2026,2,Wednesday
JNQ_j0d_hCM,Chrome for Developers,What is a passkey?,2026-01-31 00:06:53+00:00,28,Chrome|Developers|Google|Web|pr_pr: Chrome;|Video Type:Excerpt;,PT34S,12985,133,3,2026-05-26 13:34:53,34,1.0474,2026,1,Saturday
4x1fl67d_Ag,Chrome for Developers,Start using MCP in DevTools today!,2026-01-29 19:54:23+00:00,28,Chrome|Developers|Google|Web|ct: AIG;|pr_pr: Chrome for Developers;|gds:Yes;|Video Type:Excerpt;,PT37S,2819,41,3,2026-05-26 13:34:53,37,1.5608,2026,1,Thursday
XfsXCfv7wKM,Chrome for Developers,How to use web frameworks with Chrome extensions,2026-01-28 23:40:20+00:00,28,Chrome|Developers|Google|Web|pr_pr: Chrome;|Video Type:DevByte;|ct: AIG;,PT4M55S,4008,173,14,2026-05-26 13:34:53,295,4.6657,2026,1,Wednesday
-bxbeOBdmyE,Chrome for Developers,How to use the DevTools MCP server for AI debugging #DevToolsTips,2026-01-22 22:56:08+00:00,28,Chrome|Developers|Google|Web|pr_pr: Chrome for Developers;|ct: AIG;|gds:Yes;|Video Type:DevByte;,PT6M3S,11068,249,7,2026-05-26 13:34:53,363,2.313,2026,1,Thursday
Lpz6nFy7PQo,Chrome for Developers,Extension Update Testing Tool in action,2026-01-21 18:00:27+00:00,28,Chrome|Developers|Google|Web|pr_pr: Chrome;|Video Type:Excerpt;|series: Developer Mode;|ct: AIG;,PT2M19S,2598,59,7,2026-05-26 13:34:53,139,2.5404,2026,1,Wednesday
gO0TRIYO5v4,Chrome for Developers,How to know if permissions are safe to request in your Chrome Extension,2026-01-14 19:30:12+00:00,28,Chrome|Developers|Google|Web|pr_pr: Chrome;|Video Type:DevByte;|series: Developer Mode;|ct: AIG;,PT5M6S,6116,111,14,2026-05-26 13:34:53,306,2.0438,2026,1,Wednesday
PIjM2l-2IMc,Chrome for Developers,AI experimentation in Chrome Extensions,2026-01-07 17:00:52+00:00,28,Chrome|Developers|Google|Web|pr_pr: Chrome;|Video Type:Excerpt;,PT57S,1717,20,2,2026-05-26 13:34:53,57,1.2813,2026,1,Wednesday
HuPG-4ayXQM,Chrome for Developers,WebAssembly Backend for Scala.js with Sébastien Doeraene,2026-01-05 17:00:33+00:00,28,Chrome|Developers|Google|Web|pr_pr: Chrome for Developers;|gds:Yes;|WebAssembly|is webassembly javascript|Video Type:Podcast;,PT1H6M11S,3105,92,2,2026-05-26 13:34:53,3971,3.0274,2026,1,Monday
nOfyMlIu4jc,Chrome for Developers,What's new in Chrome extensions and the Chrome Web Store in 2025?,2025-12-29 17:01:26+00:00,28,Chrome|Developers|Google|Web|pr_pr: Chrome;|Video Type:DevByte;|gds:N/A;,PT6M11S,5864,124,18,2026-05-26 13:34:53,371,2.4216,2025,12,Monday
6yFm0BLI2hk,Chrome for Developers,Customizable select #CSSWrapped 2025,2025-12-26 17:00:18+00:00,28,Chrome|Developers|Google|Web|pr_pr:Chrome for Developers;|ct: AIG;|type:Social First - Educational;,PT1M37S,18909779,40756,98,2026-05-26 13:34:53,97,0.216,2025,12,Friday
3nWcfGZggc8,Chrome for Developers,Request conditions,2025-12-22 23:00:05+00:00,28,Chrome|Developers|Google|Web|pr_pr:Chrome for Developers;|type:Excerpt;|gds:Yes;,PT23S,5033,96,3,2026-05-26 13:34:53,23,1.967,2025,12,Monday
MpG0oDiC5Bg,Chrome for Developers,Re-imagine the web with CSS Carousels,2025-12-22 18:00:22+00:00,28,Chrome|Developers|Google|Web|pr_pr: Chrome;,PT1M27S,5864117,744,55,2026-05-26 13:34:53,87,0.0136,2025,12,Monday
TZtqUUB9lEI,Chrome for Developers,DOM State-Preserving Move #CSSWrapped 2025,2025-12-19 18:00:45+00:00,28,"Chrome|Developers|Google|Web|pr_pr:|Chrome for Developers;
ct: AIG;|type:Social First - Educational;",PT43S,18807109,37471,55,2026-05-26 13:34:53,43,0.1995,2025,12,Friday
2rOeZ98AOb8,Chrome for Developers,What’s new in DevTools 142 - 144,2025-12-18 17:01:42+00:00,28,Chrome|Developers|Google|Web|pr_pr: Chrome for Developers;|gds:Yes;,PT4M42S,83992,650,24,2026-05-26 13:34:53,282,0.8025,2025,12,Thursday
JDSc9ZozhQo,Chrome for Developers,Custom functions #CSSWrapped 2025,2025-12-17 22:00:00+00:00,28,"Chrome|Developers|Google|Web|pr_pr:|Chrome for Developers;
ct: AIG;|type:Social First - Educational;",PT1M51S,23290320,48343,94,2026-05-26 13:34:53,111,0.208,2025,12,Wednesday
tVhW6BWEWao,Chrome for Developers,Acting rapidly on your feedback,2025-12-17 17:00:20+00:00,28,Chrome|Developers|Google|Web|pr_pr: Chrome;|Video Type:Excerpt;,PT52S,2631,35,1,2026-05-26 13:34:53,52,1.3683,2025,12,Wednesday
ONdiDu22rvw,Chrome for Developers,Invoker Commands #CSSWrapped 2025,2025-12-16 17:05:23+00:00,28,Chrome|Developers|Google|Web|pr_pr: Chrome for Developers;|ct: AIG;|Video Type:Trailer/Promo;,PT59S,22107790,44617,70,2026-05-26 13:34:53,59,0.2021,2025,12,Tuesday
Zx_nHeBxZjw,Chrome for Developers,How to pick the right AI model for your web app,2025-12-15 23:23:36+00:00,28,Chrome|Developers|Google|Web|pr_pr: Chrome for Developers;|ct: AIG;|Video Type:DevByte;,PT16M27S,4498,157,13,2026-05-26 13:34:53,987,3.7795,2025,12,Monday
d8J0vs-bEPE,Chrome for Developers,Create Scroll-Triggered Animations with CSS,2025-12-15 17:00:54+00:00,28,Chrome|Developers|Google|Web|pr_pr: Chrome for Developers;,PT1M30S,6377459,759,53,2026-05-26 13:34:53,90,0.0127,2025,12,Monday
PW2u2IZWjtk,Chrome for Developers,"One Codebase, All Browsers: Building Cross-Browser Manifest V3 Extensions",2025-12-12 15:00:54+00:00,28,Chrome|Developers|Google|Web,PT6M34S,4328,124,10,2026-05-26 13:34:53,394,3.0961,2025,12,Friday
Coxyc2h_luQ,Chrome for Developers,Keep API keys safe in the server,2025-12-09 17:00:22+00:00,28,Chrome|Developers|Google|Web|pr_pr: Chrome;|Video Type:Excerpt;|ct: AIG;,PT45S,5451,73,4,2026-05-26 13:34:53,45,1.4126,2025,12,Tuesday
rnT1XBZWHMk,Chrome for Developers,CSS Wrapped 2025: All the new CSS and Web UI features that landed in Chrome in 2025,2025-12-08 17:01:28+00:00,28,Chrome|Developers|Google|Web|pr_pr: Chrome for Developers;|ct: AIG;|Video Type:Trailer/Promo;,PT1M29S,11689,470,43,2026-05-26 13:34:53,89,4.3887,2025,12,Monday
pl4pz4nWa3w,Chrome for Developers,How to protect Chrome extension code and API keys,2025-12-03 20:09:07+00:00,28,Chrome|Developers|Google|Web|pr_pr: Chrome;|Video Type:DevByte;,PT5M43S,4934,196,21,2026-05-26 13:34:53,343,4.3981,2025,12,Wednesday
LaRA-zBubsE,Chrome for Developers,Re-imagine the web with Scoped View Transitions,2025-12-03 17:03:33+00:00,28,Chrome|Developers|Google|Web|pr_pr: Chrome;|Purpose: Learn;|Video Type:Animation;|view transitions|scoped view transitions|chrome dev|chrome for devs|web dev|web development|web ux|ui animation|css animation|css transitions|frontend development|chrome updates|web platform|agentic ai|web design|web components|single page application|spa|progressive enhancement|performance optimization,PT1M25S,8132371,3852,176,2026-05-26 13:34:53,85,0.0495,2025,12,Wednesday
XdQ-AgZaOso,Chrome for Developers,Why ratings are important in the Chrome Web Store,2025-12-01 17:01:27+00:00,28,Chrome|Developers|Google|Web|pr_pr: Chrome;|Video Type:Excerpt;|ct: AIG;,PT47S,3735,24,1,2026-05-26 13:34:53,47,0.6693,2025,12,Monday
-l2BUUdBDS8,Chrome for Developers,Built-in AI: how Mastodon uses translation APIs,2025-11-26 21:02:53+00:00,28,Chrome|Developers|Google|Web|Type: Live Event;|pr_pr: Chrome;,PT12M5S,845,38,6,2026-05-26 13:34:53,725,5.2071,2025,11,Wednesday
Ruz9YcuEEAM,Chrome for Developers,How to build AI-powered VS Code extensions with local models,2025-11-26 21:02:14+00:00,28,Chrome|Developers|Google|Web|Type: Live Event;|pr_pr: Chrome;,PT13M16S,3011,72,7,2026-05-26 13:34:53,796,2.6237,2025,11,Wednesday
sobPBztQTtU,Chrome for Developers,Offline vector search with SQLite and EmbeddingGemma,2025-11-26 21:01:14+00:00,28,Chrome|Developers|Google|Web|Type: Live Event;|pr_pr: Chrome;,PT10M5S,7770,307,12,2026-05-26 13:34:53,605,4.1055,2025,11,Wednesday
y_UOFZJogVM,Chrome for Developers,How to control drones with your mind: The Black Swan BCI headset,2025-11-26 20:59:44+00:00,28,Chrome|Developers|Google|Web|Type: Live Event;|pr_pr: Chrome;,PT8M10S,2104,55,13,2026-05-26 13:34:53,490,3.2319,2025,11,Wednesday
24Lb5zTLsm4,Chrome for Developers,Building AI + XR apps faster with XR Blocks,2025-11-26 20:58:11+00:00,28,Chrome|Developers|Google|Web|Type: Live Event;|pr_pr: Chrome;,PT14M19S,1280,39,5,2026-05-26 13:34:53,859,3.4375,2025,11,Wednesday
Tq-pEVM8u7c,Chrome for Developers,It doesn’t need to be a chatbot: Unlocking the product value of smaller AI models,2025-11-26 20:56:35+00:00,28,Chrome|Developers|Google|Web|Type: Live Event;|pr_pr: Chrome;,PT14M38S,4055,155,5,2026-05-26 13:34:53,878,3.9457,2025,11,Wednesday
UC5jUqNBVkI,Chrome for Developers,Running Google's Gemma LLMs in the browser with MediaPipe Web,2025-11-26 20:54:19+00:00,28,Chrome|Developers|Google|Web|Type: Live Event;|pr_pr: Chrome;,PT15M7S,7979,241,11,2026-05-26 13:34:53,907,3.1583,2025,11,Wednesday
FeE3llHmSr4,Chrome for Developers,Let’s fix airplanes with CSS #DevToolsTips,2025-11-26 15:01:16+00:00,28,Chrome|Developers|Google|Web|pr_pr: Chrome for Developers;|ct: AIG;|gds:Yes;|Video Type:Excerpt;,PT21S,4767,32,0,2026-05-26 13:34:53,21,0.6713,2025,11,Wednesday
ArP-h7ahcVY,Chrome for Developers,Kotlin/Wasm with Zalim Bashorov - WasmAssembly Podcast,2025-11-25 17:00:15+00:00,28,Chrome|Developers|Google|Web|pr_pr: Chrome for Developers;|gds:Yes;|WebAssembly|is webassembly javascript|Video Type:Podcast;|ct: AIG;,PT1H12M27S,1589,50,6,2026-05-26 13:34:53,4347,3.5242,2025,11,Tuesday
WkhlIiqDfRI,Chrome for Developers,Answering your questions about Chrome Web Store discoverability,2025-11-24 17:00:59+00:00,28,Chrome|Developers|Google|Web|pr_pr: Chrome;|Video Type:DevByte;|ct: AIG;,PT8M14S,6767,99,11,2026-05-26 13:34:53,494,1.6255,2025,11,Monday
wd5FenkZ7VA,Chrome for Developers,Where are passkeys stored?,2025-11-22 03:01:19+00:00,28,Chrome|Developers|Google|Web|pr_pr: Chrome;|type:Excerpt;|ct: AIG;,PT32S,4404,36,1,2026-05-26 13:34:53,32,0.8401,2025,11,Saturday
ED-IYEzKrsM,Chrome for Developers,Built-in AI: The next frontier for web experiences presented by Miravia,2025-11-21 22:31:59+00:00,28,Chrome|Developers|Google|Web|Type: Live Event;|pr_pr: Chrome;,PT9M45S,2512,77,5,2026-05-26 13:34:53,585,3.2643,2025,11,Friday
CozLYpZ5i1c,Chrome for Developers,Real-time video upscaling using CNNs and WebGPU,2025-11-21 22:30:20+00:00,28,Chrome|Developers|Google|Web|Type: Live Event;|pr_pr: Chrome;,PT14M46S,1577,55,3,2026-05-26 13:34:53,886,3.6779,2025,11,Friday
FVbeWO8HBjQ,Chrome for Developers,Bangle.js - an Open Source Smartwatch,2025-11-21 22:29:23+00:00,28,Chrome|Developers|Google|Web|Type: Live Event;|pr_pr: Chrome;,PT14M36S,4062,125,5,2026-05-26 13:34:53,876,3.2004,2025,11,Friday
eI3rY2iEp6Y,Chrome for Developers,InferenceJS: Real-time computer vision in your browser,2025-11-21 22:27:54+00:00,28,Chrome|Developers|Google|Web|Type: Live Event;|pr_pr: Chrome;,PT14M47S,6046,193,7,2026-05-26 13:34:53,887,3.308,2025,11,Friday
HAjotVloAvI,Chrome for Developers,"LiteRT.js, Google’s high performance WebAI runtime",2025-11-21 22:26:06+00:00,28,Chrome|Developers|Google|Web|Type: Live Event;|pr_pr: Chrome;,PT12M49S,15764,410,18,2026-05-26 13:34:53,769,2.715,2025,11,Friday
gJMiWw_5-us,Chrome for Developers,Transformers.js: Building Next-Generation WebAI Applications,2025-11-21 22:24:15+00:00,28,Chrome|Developers|Google|Web|Type: Live Event;|pr_pr: Chrome;,PT25M10S,42564,1409,49,2026-05-26 13:34:53,1510,3.4254,2025,11,Friday
xlDMsvqXI1I,Chrome for Developers,Web AI leaps forward on Intel AI PCs,2025-11-21 22:21:26+00:00,28,Chrome|Developers|Google|Web|Type: Live Event;|pr_pr: Chrome;,PT14M31S,1096,38,1,2026-05-26 13:34:53,871,3.5584,2025,11,Friday
JMG0xRG7cXo,Chrome for Developers,What if you lose the device with a passkey?,2025-11-21 18:08:29+00:00,28,"Chrome|Developers|Google|Web|pr_pr: Chrome;|Purpose: Learn;|ct: ;
type: gds:Yes;",PT2M27S,4920,97,10,2026-05-26 13:34:53,147,2.1748,2025,11,Friday
BsDeWl7ZGcM,Chrome for Developers,Hangar CSS debugging #DevToolsTips,2025-11-20 17:00:20+00:00,28,Chrome|Developers|Google|Web|pr_pr: Chrome for Developers;|ct: AIG;|gds:Yes;|Video Type:DevByte;,PT3M50S,3138,103,7,2026-05-26 13:34:53,230,3.5054,2025,11,Thursday
manUoCOaVxU,Chrome for Developers,How biometrics relate to passkeys,2025-11-20 00:00:56+00:00,28,Chrome|Developers|Google|Web|pr_pr: Chrome;|type:Excerpt;,PT30S,3033,23,0,2026-05-26 13:34:53,30,0.7583,2025,11,Thursday
H2naJinRzDA,Chrome for Developers,Are passkeys based on biometrics?,2025-11-19 21:32:07+00:00,28,Chrome|Developers|Google|Web|pr_pr: Chrome;|Purpose: Learn;|ct: AIG;,PT3M29S,4681,135,12,2026-05-26 13:34:53,209,3.1404,2025,11,Wednesday
5CvOjKIpnYk,Chrome for Developers,"Wasm, WebGPU, & WebNN: How compute abstraction are enabling client side AI",2025-11-17 20:16:02+00:00,28,Chrome|Developers|Google|Web|Type: Live Event;|pr_pr: Chrome;,PT13M37S,5213,178,11,2026-05-26 13:34:53,817,3.6256,2025,11,Monday
p1l8nkQAoUw,Chrome for Developers,Don't let AI agents push your buttons - use webMCP instead!,2025-11-17 20:14:57+00:00,28,Chrome|Developers|Google|Web|Type: Live Event;|pr_pr: Chrome;,PT11M,4024,117,8,2026-05-26 13:34:53,660,3.1064,2025,11,Monday
ka2Zzw_qors,Chrome for Developers,Building a VR Assistant and llms.txt widget,2025-11-17 20:13:54+00:00,28,Chrome|Developers|Google|Web|Type: Live Event;|pr_pr: Chrome;,PT12M40S,838,48,8,2026-05-26 13:34:53,760,6.6826,2025,11,Monday
hkP5xI5gaLY,Chrome for Developers,Accelerating Web AI on Arm,2025-11-17 20:12:12+00:00,28,Chrome|Developers|Google|Web|Type: Live Event;|pr_pr: Chrome;,PT16M6S,607,16,2,2026-05-26 13:34:54,966,2.9654,2025,11,Monday
HQ3s7fmUAr4,Chrome for Developers,Beyond the demo: Building the WebAI Playbook,2025-11-17 20:10:03+00:00,28,Chrome|Developers|Google|Web|Type: Live Event;|pr_pr: Chrome;,PT14M19S,2355,80,6,2026-05-26 13:34:54,859,3.6518,2025,11,Monday
pWRgKPN3Hjo,Chrome for Developers,"Chrome: Browsing, building, and web in the AI era",2025-11-17 20:08:17+00:00,28,Chrome|Developers|Google|Web|Type: Live Event;|pr_pr: Chrome;,PT12M20S,2338,39,3,2026-05-26 13:34:54,740,1.7964,2025,11,Monday
360P3ldQQEk,Chrome for Developers,Web AI Summit 2025: State of client side AI,2025-11-17 20:06:39+00:00,28,Chrome|Developers|Google|Web|Type: Live Event;|pr_pr: Chrome;,PT23M45S,5954,166,17,2026-05-26 13:34:54,1425,3.0736,2025,11,Monday
P_f2RgRv_Tw,Chrome for Developers,Re-imagine the web with Popover,2025-11-13 17:12:54+00:00,28,"Chrome|Developers|Google|Web|pr_pr: Chrome;|Purpose: Solve|Purpose: Learn;|Popover API|HTML Popovers|New HTML Attributes|Declarative UI|Frontend Performance|Web Components
Tooltips|Menus|Dropdowns|Light Dismiss|Layered UI|Context Menus
App Like Web|Modern CSS|Web Development|Web UX|Baseline 2024|Chrome Developers
No JavaScript|JavaScript Free UI|Developer Productivity|Simple UI|gds: yes;|type: Dev News;",PT1M8S,7233075,445,24,2026-05-26 13:34:54,68,0.0065,2025,11,Thursday
6n2BEr5SsRU,Chrome for Developers,Speed up your site #DevToolsTips,2025-10-30 16:00:12+00:00,28,Chrome|Developers|Google|Web|pr_pr:|Video type:Excerpt;|gds:Yes;|pr_pr:Chrome for Developers;|ct: AIG;,PT20S,3176,39,2,2026-05-26 13:34:54,20,1.2909,2025,10,Thursday
3haeDqv7Dzc,Chrome for Developers,Performance optimization Pitstop #DevToolsTips,2025-10-23 16:00:07+00:00,28,Chrome|Developers|Google|Web|Video Type:DevByte;|pr_pr: Chrome for Developers;|ct: AIG;|gds:Yes;,PT7M13S,10307,205,12,2026-05-26 13:34:54,433,2.1054,2025,10,Thursday
dRdDhybw6NI,Chrome for Developers,WebAssembly from the Ground Up with Patrick Dubroy and Mariano Guerra,2025-10-20 16:01:44+00:00,28,Chrome|Developers|Google|Web|pr_pr: Chrome for Developers;|gds:Yes;|WebAssembly|is webassembly javascript|Video Type:Podcast;|ct: AIG;,PT59M3S,2845,87,7,2026-05-26 13:34:54,3543,3.304,2025,10,Monday
CMSG8HmZu60,Chrome for Developers,Slow server problems? Try this #DevToolsAI,2025-10-09 19:00:11+00:00,28,Chrome|Developers|Google|Web|ct: AIG;|ct:Excerpt;|gds:Yes;|pr_pr: Chrome for Developers;,PT28S,32998145,18347,5,2026-05-26 13:34:54,28,0.0556,2025,10,Thursday
ZjKUYEkd_no,Chrome for Developers,Baseline is now in DevTools,2025-10-09 16:01:05+00:00,28,Chrome|Developers|Google|Web|gds:Yes;|pr_pr:Chrome for Developers;|type:Excerpt;|ct: AIG;,PT22S,73839717,16300,17,2026-05-26 13:34:54,22,0.0221,2025,10,Thursday
_7LHi8bKz2g,Chrome for Developers,Debug FCP #DevToolsAI,2025-10-08 16:01:16+00:00,28,Chrome|Developers|Google|Web|ct: AIG;|gds:Yes;|pr_pr: Chrome for Developers;,PT29S,30250935,39927,4,2026-05-26 13:34:54,29,0.132,2025,10,Wednesday
_DiImB7fL4E,Chrome for Developers,Debug TTFB #DevToolsAI,2025-10-07 16:00:59+00:00,28,Chrome|Developers|Google|Web|ct: AIG;|pr_pr: Chrome for Developers;|gds:Yes;,PT39S,37899589,62899,4,2026-05-26 13:34:54,39,0.166,2025,10,Tuesday
fX1vqB0lxbY,Chrome for Developers,What is CrUX #DevToolsAI,2025-10-06 16:01:11+00:00,28,Chrome|Developers|Google|Web|ct:Excerpt;|gds:Yes;|ct: AIG;|pr_pr: Chrome for Developers;,PT36S,30916090,38892,95,2026-05-26 13:34:54,36,0.1261,2025,10,Monday
x6iqucBz2IY,Chrome for Developers,"Discover Web AI: Client side Agents, Gen AI, and machine learning in the browser",2025-10-03 19:00:38+00:00,28,Chrome|Developers|Google|Web|pr_pr: Chrome for Developers;|Video Type:Trailer/Promo;|ct: AIG;|gds:N/A;,PT2M2S,6385,181,20,2026-05-26 13:34:54,122,3.148,2025,10,Friday
EXFO-Lf0eeU,Chrome for Developers,Debug INP #DevToolsAI,2025-10-03 16:02:32+00:00,28,Chrome|Developers|Google|Web|ct:Excerpt;|gds:Yes;|ct: AIG;|pr_pr: Chrome for Developers;,PT33S,45339131,96973,9,2026-05-26 13:34:54,33,0.2139,2025,10,Friday
9G2w5KyHQew,Chrome for Developers,Debug CLS #DevToolsAI,2025-10-02 20:00:07+00:00,28,Chrome|Developers|Google|Web|ct:Excerpt;|gds:Yes;|ct: AIG;|pr_pr: Chrome for Developers;,PT29S,37584162,53545,6,2026-05-26 13:34:54,29,0.1425,2025,10,Thursday
ink_6pq_te0,Chrome for Developers,What’s new in DevTools 139-141,2025-10-02 16:01:23+00:00,28,Chrome|Developers|Google|Web|pr_pr: Chrome for Developers;|gds:Yes;|ct: AIG;,PT4M30S,63423,313,23,2026-05-26 13:34:54,270,0.5298,2025,10,Thursday
vRaDRnG4K4w,Chrome for Developers,Debug LCP #DevToolsAI,2025-10-01 16:01:43+00:00,28,Chrome|Developers|Google|Web|ct:Excerpt;|gds:Yes;|ct: AIG;|pr_pr: Chrome for Developers;,PT28S,36385606,38418,5,2026-05-26 13:34:54,28,0.1056,2025,10,Wednesday
MDGqVpcD4a4,Chrome for Developers,"CG, WG, W3C, Lively—Wasm standardization with Thomas Lively - WasmAssembly",2025-09-29 16:00:43+00:00,28,Chrome|Developers|Google|Web|pr_pr: Chrome for Developers;|gds:Yes;|WebAssembly|is webassembly javascript|Video Type:Podcast;|ct: AIG;,PT47M31S,2353,78,4,2026-05-26 13:34:54,2851,3.4849,2025,9,Monday
bdXnWFp2fG0,Chrome for Developers,Meet the team behind Chrome for Developers,2025-09-22 16:01:54+00:00,28,Chrome|Developers|Google|Web|pr_pr: Chrome for Developers;|ct: AIG;|gds:Yes;,PT1M57S,4797,86,8,2026-05-26 13:34:54,117,1.9596,2025,9,Monday
Zwc-QktFsGs,Chrome for Developers,Introducing Built-in Language APIs,2025-09-18 16:01:10+00:00,28,Chrome|Developers|Google|Web|pr_pr: Chrome for Developers;|ct: AIG;|gds:Yes;,PT58S,7846546,2785,4,2026-05-26 13:34:54,58,0.0355,2025,9,Thursday
7YoTKTz6xi8,Chrome for Developers,Built-in AI APIs overview,2025-09-17 16:00:23+00:00,28,Chrome|Developers|Google|Web|pr_pr: Chrome for Developers;|ct: AIG;|gds:Yes;,PT53S,11593017,6952,3,2026-05-26 13:34:54,53,0.06,2025,9,Wednesday
zkPvHAPpo4A,Chrome for Developers,Benefits of client-side AI,2025-09-16 16:01:43+00:00,28,Chrome|Developers|Google|Web|ct: AIG;|pr_pr: Chrome for Developers;|gds:Yes;,PT53S,30983997,67493,9,2026-05-26 13:34:54,53,0.2179,2025,9,Tuesday
spTRIKtDqsc,Chrome for Developers,What is AI? #WebAI,2025-09-15 16:01:28+00:00,28,Chrome|Developers|Google|Web|pr_pr: Chrome for Developers;|ct: AIG;|gds:Yes;,PT1M2S,25386695,75935,17,2026-05-26 13:34:54,62,0.2992,2025,9,Monday
U4kYLb1oGXw,Chrome for Developers,Introducing Google Chrome Built-in AI Challenge 2025,2025-09-09 16:14:50+00:00,28,Chrome|Developers|Google|Web|pr_pr: Chrome for Developers;|gds:N/A;|ct: AIG;,PT55S,33698178,58,0,2026-05-26 13:34:54,55,0.0002,2025,9,Tuesday
9X-ZXQasW2Q,Chrome for Developers,Introducing Google Chrome Built-in AI Challenge 2025,2025-09-09 16:14:06+00:00,28,Chrome|Developers|Google|Web|pr_pr: Chrome for Developers;|ct: AIG;,PT55S,77392252,582,31,2026-05-26 13:34:54,55,0.0008,2025,9,Tuesday
YR2dLERUle0,Chrome for Developers,Discover AI innovations in Chrome DevTools,2025-09-04 17:00:47+00:00,28,Chrome|Developers|Google|Web|ct: AIG;|pr_pr: Chrome for Developers;|type:Excerpt;|gds:Yes;,PT32S,2370,30,0,2026-05-26 13:34:54,32,1.2658,2025,9,Thursday
opxFtZoFypE,Chrome for Developers,Baseline Tooling Hackathon,2025-09-03 19:00:50+00:00,28,Chrome|Developers|Google|Web|pr_pr: Chrome for Developers;|gds:N/A;|ct: AIG;,PT1M5S,690130,109,2,2026-05-26 13:34:54,65,0.0161,2025,9,Wednesday
ayVPB3O-Lcw,Chrome for Developers,Join Baseline Tooling Hackathon,2025-09-03 16:03:13+00:00,28,Chrome|Developers|Google|Web|pr_pr: Chrome for Developers;|gds:N/A;|ct: AIG;,PT1M5S,4838777,120,10,2026-05-26 13:34:54,65,0.0027,2025,9,Wednesday
DanTBy6Qazg,Chrome for Developers,AI innovations #DevToolTips,2025-08-28 16:00:30+00:00,28,Chrome|Developers|Google|Web|pr_pr: Chrome for Developers;|ct: AIG;|gds:Yes;,PT7M50S,25331,186,14,2026-05-26 13:34:54,470,0.7895,2025,8,Thursday
S7CrMHOoKAs,Chrome for Developers,HTTP request and response for cookies,2025-08-26 16:00:44+00:00,28,Chrome|Developers|Google|Web|pr_pr: Chrome for Developers;|gds:Yes;|ct: AIG;,PT6M26S,6342,276,3,2026-05-26 13:34:54,386,4.3992,2025,8,Tuesday
M2_cSiwTRFs,Chrome for Developers,Baseline: The simple way to check browser compatibility,2025-08-21 16:54:02+00:00,28,Chrome|Developers|Google|Web|pr_pr: Chrome for Developers;|Video Type:DevByte;|ct: AIG;|gds:Yes;,PT1M2S,2424983,91,2,2026-05-26 13:34:54,62,0.0038,2025,8,Thursday
3OS5FjMcVP8,Chrome for Developers,What does cookie blocking mean for your site?,2025-08-19 18:00:04+00:00,28,Chrome|Developers|Google|Web|pr_pr: Chrome for Developers;|gds:Yes;|ct: AIG;,PT6M50S,3645,92,11,2026-05-26 13:34:54,410,2.8258,2025,8,Tuesday
Ow9-wxuq780,Chrome for Developers,What are third-party cookies?,2025-08-12 17:30:11+00:00,28,Chrome|Developers|Google|Web|pr_pr: Chrome for Developers;|gds:Yes;|ct: AIG;,PT3M57S,7347,143,13,2026-05-26 13:34:54,237,2.1233,2025,8,Tuesday
VG6QfEJ1QYk,Chrome for Developers,Pixel Pirate: Interactive DevTools demo,2025-07-31 16:00:56+00:00,28,pr_pr: Chrome for Developers;|ct: AIG;|type:Excerpt;|gds:Yes;|Chrome|Developers|Google|Web,PT32S,2892,52,0,2026-05-26 13:34:54,32,1.7981,2025,7,Thursday
Ln4bik2e0YI,Chrome for Developers,What are cookies?,2025-07-28 17:04:11+00:00,28,Chrome|Developers|Google|Web|pr_pr: Chrome for Developers;|gds:Yes;|ct: AIG;,PT4M11S,1662,73,0,2026-05-26 13:34:54,251,4.3923,2025,7,Monday
n0bzBBaZhUQ,Chrome for Developers,Pixel Pirate #DevToolTips,2025-07-24 16:01:27+00:00,28,Chrome|Developers|Google|Web|pr_pr: Chrome for Developers;|ct: AIG;|gds:Yes;,PT11M24S,8735,161,11,2026-05-26 13:34:54,684,1.9691,2025,7,Thursday
vgOABOvtBT8,Chrome for Developers,"Dart, Flutter, and WasmGC with Ömer Ağacan and Martin Kustermann",2025-07-14 16:01:35+00:00,28,Chrome|Developers|Google|Web|gds:Yes;|pr_pr: Chrome for Developers;|ct: AIG;,PT1H5M28S,5529,128,11,2026-05-26 13:34:54,3928,2.514,2025,7,Monday
KRTi-XqdKX8,Chrome for Developers,Go behind the scenes of your website’s CSS,2025-07-07 16:03:13+00:00,28,Chrome|Developers|Google|Web|gds:Yes;|pr_pr: Chrome for Developers;|ct: AIG;,PT22S,5836,108,5,2026-05-26 13:34:54,22,1.9363,2025,7,Monday
7N5GxyhoDgs,Chrome for Developers,Workspaces and AI assistance,2025-07-02 16:00:22+00:00,28,Chrome|Developers|Google|Web|gds:Yes;|pr_pr: Chrome for Developers;|ct: AIG;,PT24S,5969,122,1,2026-05-26 13:34:54,24,2.0606,2025,7,Wednesday
PsXar3GD8YM,Chrome for Developers,What’s new in DevTools 136-138,2025-06-30 16:01:13+00:00,28,Chrome|Developers|Google|Web|pr_pr: Chrome for Developers;|gds:Yes;|ct: AIG;,PT7M8S,45066,254,29,2026-05-26 13:34:54,428,0.628,2025,6,Monday
UjkcjB_bsQI,Chrome for Developers,Transition away from third-party cookies with CHIPS,2025-06-27 16:00:57+00:00,28,Chrome|Developers|Google|Web|pr_pr: Chrome for Developers;|Purpose: Learn;|Video Type:Social First - Educational;|ct: AIG;|gds:Yes;,PT1M,1797,46,2,2026-05-26 13:34:54,60,2.6711,2025,6,Friday
wsArntpU7QY,Chrome for Developers,4 Identity and Privacy updates from Google I/O 2025,2025-06-25 16:08:22+00:00,28,Chrome|Developers|Google|Web|pr_pr:Chrome for Developers;|type:Excerpt;|gds:Yes;,PT1M8S,5261,107,2,2026-05-26 13:34:54,68,2.0718,2025,6,Wednesday
jeoRpPSWSuQ,Chrome for Developers,Transition away from third-party cookies with RWS,2025-06-24 16:01:09+00:00,28,Chrome|Developers|Google|Web|pr_pr: Chrome for Developers;|Purpose: Learn;|Video Type:Social First - Educational;|ct: AIG;|gds:Yes;,PT37S,1488,49,1,2026-05-26 13:34:54,37,3.3602,2025,6,Tuesday
JIxQkkkzM4U,Chrome for Developers,Top Identity and Privacy updates from Google I/O 2025,2025-06-23 16:01:58+00:00,28,Chrome|Developers|Google|Web|pr_pr: Chrome for Developers;|ct: AIG;|gds:Yes;,PT2M33S,5987369,116,12,2026-05-26 13:34:54,153,0.0021,2025,6,Monday
OINEiRDIPME,Chrome for Developers,Transition away from third-party cookies with the Storage Access API,2025-06-20 16:00:44+00:00,28,Chrome|Developers|Google|Web|pr_pr: Chrome for Developers;|Purpose: Learn;|Video Type:Social First - Educational;|ct: AIG;|gds:Yes;,PT55S,1483,33,0,2026-05-26 13:34:54,55,2.2252,2025,6,Friday
NcFv8g_iCpA,Chrome for Developers,4 tooling updates from Google I/O 2025,2025-06-18 16:00:38+00:00,28,pr_pr:Chrome for Developers;|type:Excerpt;|gds:Yes;,PT43S,4172,64,1,2026-05-26 13:34:54,43,1.558,2025,6,Wednesday
pDVEE25kg4I,Chrome for Developers,Transition away from third-party cookies with FedCM,2025-06-17 16:01:18+00:00,28,Chrome|Developers|Google|Web|pr_pr: Chrome for Developers;|Purpose: Learn;|Video Type:Social First - Educational;|ct: AIG;|gds:Yes;,PT1M,1588,44,3,2026-05-26 13:34:54,60,2.9597,2025,6,Tuesday
yuR6WbPku1g,Chrome for Developers,Top Chrome Tooling updates from Google I/O 2025,2025-06-16 20:30:09+00:00,28,Chrome|Developers|Google|Web|pr_pr: Chrome for Developers;|ct: AIG;|gds:Yes;,PT1M50S,5711385,111,6,2026-05-26 13:34:54,110,0.002,2025,6,Monday
NTo3Jpl_pOs,Chrome for Developers,5 Web AI updates from Google I/O 2025,2025-06-13 16:02:15+00:00,28,Chrome|Developers|Google|Web|type:Social First - Educational;|gds:Yes;|pr_pr: Chrome for Developers;,PT1M8S,3095,76,1,2026-05-26 13:34:54,68,2.4879,2025,6,Friday
dWI6Zj_MDcc,Chrome for Developers,Web Identity with Privacy Sandbox APIs,2025-06-12 16:01:04+00:00,28,"Chrome|Developers|Google|Web|pr_pr: Chrome for Developers;|Purpose: Learn;|Video Type:Social First - Educational;|ct: AIG;
gds:Yes;",PT26S,6255,72,1,2026-05-26 13:34:55,26,1.1671,2025,6,Thursday
nboZs_ie3EE,Chrome for Developers,6 Web UI updates from Google I/O 2025,2025-06-11 16:01:19+00:00,28,Chrome|Developers|Google|Web|type:Social First - Educational;|gds:Yes;|pr_pr: Chrome for Developers;,PT1M26S,4975,202,3,2026-05-26 13:34:55,86,4.1206,2025,6,Wednesday
pVlep2YPUfA,Chrome for Developers,Check identity flows work without third-party cookies,2025-06-10 21:01:01+00:00,28,Chrome|Developers|Google|Web|pr_pr: Chrome for Developers;,PT18S,2013,32,1,2026-05-26 13:34:55,18,1.6393,2025,6,Tuesday
cWDfEbG4bGk,Chrome for Developers,Web Identity without third-party cookies,2025-06-10 16:00:55+00:00,28,Chrome|Developers|Google|Web|pr_pr: Chrome for Developers;|gds:Yes;,PT45S,2275,39,1,2026-05-26 13:34:55,45,1.7582,2025,6,Tuesday
kzxESccOZGI,Chrome for Developers,Top UI & Design Updates from Google I/O 2025,2025-06-09 16:01:21+00:00,28,Chrome|Developers|Google|Web|pr_pr: Chrome for Developers;|ct: AIG;|gds:Yes;,PT5M3S,5227824,213,9,2026-05-26 13:34:55,303,0.0042,2025,6,Monday
RCLHBMvJpPg,Chrome for Developers,Top Web AI updates from Google I/O 2025,2025-06-02 16:00:43+00:00,28,Chrome|Developers|Google|Web|pr_pr: Chrome for Developers;|gds:Yes;,PT4M6S,5600990,151,17,2026-05-26 13:34:55,246,0.003,2025,6,Monday
LZz-3s_10E8,Chrome for Developers,Hybrid AI with Gemini and Firebase,2025-05-29 16:00:37+00:00,28,Chrome|Developers|Google|Web|gds:Yes;|pr_pr: Chrome for Developers;,PT48S,6632,132,3,2026-05-26 13:34:55,48,2.0356,2025,5,Thursday
B2vH61nupxc,Chrome for Developers,Built-in AI APIs,2025-05-28 16:00:30+00:00,28,Chrome|Developers|Google|Web|pr_pr: Chrome for Developers;|gds:Yes;,PT1M3S,7853,267,4,2026-05-26 13:34:55,63,3.4509,2025,5,Wednesday
GSVe6zguiao,Chrome for Developers,Top 10 web updates from Google I/O 2025,2025-05-27 16:01:11+00:00,28,Chrome|Developers|Google|Web|pr_pr: Chrome for Developers;|gds:Yes;,PT7M1S,13442021,421,39,2026-05-26 13:34:55,421,0.0034,2025,5,Tuesday
zjVDTOVV-aU,Chrome for Developers,Chrome DevTools: Streamlined debugging with Gemini,2025-05-23 16:01:40+00:00,28,Chrome|Developers|Google|Web|pr_pr: Chrome for Developers;|gds:N/A;,PT2M1S,21261801,316,44,2026-05-26 13:34:55,121,0.0017,2025,5,Friday
eIeJmYdYMQo,Chrome for Developers,What's new in Angular,2025-05-22 15:33:22+00:00,28,pr_pr: Google I/O;|ct:Event - Web PA Keynote;|ct:Stack - Web;,PT41M2S,19164,425,60,2026-05-26 13:34:55,2462,2.5308,2025,5,Thursday
VTCIStB6y8s,Chrome for Developers,What's new in web UI,2025-05-22 15:33:03+00:00,28,Chrome|Developers|Google|Web|pr_pr: Google I/O;|ct:Event - Web PA Keynote;|ct:Stack - Web;,PT48M56S,165473,3187,254,2026-05-26 13:34:55,2936,2.0795,2025,5,Thursday
beYbnNT_02U,Chrome for Developers,What's new in web,2025-05-22 15:32:26+00:00,28,Chrome|Developers|Google|Web|pr_pr: Google I/O;|ct:Event - Web PA Keynote;|ct:Stack - Web;,PT40M54S,22460,220,10,2026-05-26 13:34:55,2454,1.024,2025,5,Thursday
o2wkYzu5u50,Chrome for Developers,What's new in Chrome,2025-05-22 15:30:48+00:00,28,Chrome|Developers|Google|Web|pr_pr: Google I/O;|ct:Stack - Web;|ct:Event - Web PA Keynote;,PT41M59S,81459,300,12,2026-05-26 13:34:55,2519,0.383,2025,5,Thursday
xr_zgAv0YoI,Chrome for Developers,Client side Web AI agents to build smarter future user experiences,2025-05-22 03:24:37+00:00,28,Chrome|Developers|Google|Web|pr_pr: Google I/O;|ct:Event - Technical Session;|ct:Stack - AI;,PT17M43S,6325,129,11,2026-05-26 13:34:55,1063,2.2134,2025,5,Thursday
8iIvAMZ-XYU,Chrome for Developers,The future of Chrome Extensions with Gemini in your browser,2025-05-22 03:18:04+00:00,28,pr_pr: Google I/O;|ct:Event - Technical Session;|ct:Stack - Web;,PT13M58S,18341,153,17,2026-05-26 13:34:55,838,0.9269,2025,5,Thursday
CjpZCWYrSxM,Chrome for Developers,Practical built-in AI with Gemini Nano in Chrome,2025-05-22 03:17:18+00:00,28,pr_pr: Google I/O;|ct:Event - Technical Session;|ct:Stack - Web;,PT29M47S,74028,380,31,2026-05-26 13:34:55,1787,0.5552,2025,5,Thursday
EVcahPj2jHM,Chrome for Developers,Do more with Chrome DevTools and less CTRL + TAB,2025-05-22 03:16:49+00:00,28,pr_pr: Google I/O;|ct:Event - Technical Session;|ct:Stack - Web;,PT14M12S,67265,246,6,2026-05-26 13:34:55,852,0.3746,2025,5,Thursday
I2SplqZ85dk,Chrome for Developers,Go faster and reach further with Chrome Extensions,2025-05-22 03:13:04+00:00,28,pr_pr: Google I/O;|ct:Event - Technical Session;|ct:Stack - Web;,PT18M17S,4642,45,4,2026-05-26 13:34:55,1097,1.0556,2025,5,Thursday
jaaSKZMnUW8,Chrome for Developers,Reshaping user authentication and identity verification,2025-05-22 03:12:21+00:00,28,pr_pr: Google I/O;|ct:Event - Technical Session;|ct:Stack - Web;,PT21M54S,67322,201,7,2026-05-26 13:34:55,1314,0.309,2025,5,Thursday
10oHjdwUIxo,Chrome for Developers,"Identity, payments, and embeds without third-party cookies",2025-05-22 03:11:49+00:00,28,Chrome|Developers|Google|Web|pr_pr: Google I/O;|ct:Event - Technical Session;|ct:Stack - Web;,PT22M28S,9982,55,3,2026-05-26 13:34:55,1348,0.581,2025,5,Thursday
BHqxD9qr6Gw,Chrome for Developers,Performance debugging in DevTools,2025-05-22 03:11:08+00:00,28,pr_pr: Google I/O;|ct:Event - Technical Session;|ct:Stack - Web;,PT10M56S,22528,378,14,2026-05-26 13:34:55,656,1.7401,2025,5,Thursday
YN04nNsg_L4,Chrome for Developers,Web AI use cases and strategies in the real world,2025-05-22 03:10:21+00:00,28,pr_pr: Google I/O;|ct:Event - Technical Session;|ct:Stack - Web;|ct:Stack - AI;,PT26M41S,16491,143,3,2026-05-26 13:34:55,1601,0.8853,2025,5,Thursday
UcXWY057YuQ,Chrome for Developers,Web animations today and tomorrow,2025-05-22 03:08:35+00:00,28,pr_pr: Google I/O;|ct:Event - Technical Session;|ct:Stack - Web;,PT19M23S,59395,730,25,2026-05-26 13:34:55,1163,1.2712,2025,5,Thursday
H55Hk-cbAh8,Chrome for Developers,Stay tuned for the Build-AI with Gemini Nano talk at #GoogleI/O,2025-05-15 16:00:23+00:00,28,"Chrome|Developers|Google|Web|pr_pr:|Chrome for Developers;
ct: AIG;|type:Social First - Pure entertainment;|gds:Yes;",PT33S,1405,19,1,2026-05-26 13:34:55,33,1.4235,2025,5,Thursday
TM-kDImTIfM,Chrome for Developers,Develop identity solutions without third-party cookies,2025-05-09 16:00:53+00:00,28,Chrome|Developers|Google|Web|pr_pr: Chrome for Developers;|ct: AIG;|gds:Yes;|Third-party cookies|User identity experience|3rd part cookies|audit|test|adapt|site,PT10M41S,3183,106,6,2026-05-26 13:34:55,641,3.5187,2025,5,Friday
O5ZFDkrfhos,Chrome for Developers,Privacy pro in prep mode: Catch Natalia at #GoogleIO,2025-05-08 16:00:49+00:00,28,"Chrome|Developers|Google|Web|pr_pr:|Chrome for Developers;
ct: AIG;|type:Social First - Pure entertainment;|gds:Yes;",PT45S,2931,41,2,2026-05-26 13:34:55,45,1.4671,2025,5,Thursday
C3qq6GVuSLA,Chrome for Developers,How to format console logs with CSS and ANSI #DevToolsTips,2025-05-01 16:00:26+00:00,28,Chrome|Developers|Google|Web|pr_pr: Chrome for Developers;|Video Type:Excerpt;|ct: AIG;|gds:Yes;,PT41S,25424,576,6,2026-05-26 13:34:55,41,2.2892,2025,5,Thursday
Iq59UOJJi0E,Chrome for Developers,"Meet Sam: Software Engineer, Vibes Coder, and #GoogleIO Ready!",2025-04-30 16:26:44+00:00,28,Chrome|Developers|Google|Web|pr_pr: Chrome for Developers;|gds:Yes;,PT1M4S,8148,109,3,2026-05-26 13:34:55,64,1.3746,2025,4,Wednesday
sERbIg-qLJo,Chrome for Developers,Experimental extensions menu,2025-04-29 16:01:23+00:00,28,Chrome|Developers|Google|Web|pr_pr: Chrome for Developers;|ct: AIG;|type:Social First - Educational;|gds:Yes;,PT24S,7122,99,4,2026-05-26 13:34:55,24,1.4462,2025,4,Tuesday
TTUaZXl0X4Y,Chrome for Developers,Enabling in-browser scientific computing with Wasm: David Kircos of Quadratic,2025-04-28 16:00:50+00:00,28,"Chrome|Developers|Google|Web|pr_pr: Chrome for Developers;|gds:Yes;|WebAssembly|is webassembly javascript|quadratichq|quadratic
Video Type:Podcast;|Scientific Computing|Browser Limitations|AI Integration|WasmAssembly Podcast",PT45M55S,6520,89,1,2026-05-26 13:34:55,2755,1.3804,2025,4,Monday
pMMZ80vd_OE,Chrome for Developers,Play Whack-a-Mole in your web browser with Chrome Extensions,2025-04-25 16:01:24+00:00,28,Chrome|Developers|Google|Web|pr_pr: Chrome for Developers;|ct: AIG;|type:Cutdown initiative;|gds:Yes;,PT1M7S,7204,93,4,2026-05-26 13:34:55,67,1.3465,2025,4,Friday
01TC2LXFsac,Chrome for Developers,How to style console logs: Color and more! #DevToolsTips,2025-04-24 16:00:01+00:00,28,Chrome|Developers|Google|Web|pr_pr: Chrome for Developers;|Video Type:Dev News;|gds:Yes;,PT2M59S,10925,478,22,2026-05-26 13:34:55,179,4.5767,2025,4,Thursday
12DbX8Ht9-Q,Chrome for Developers,Develop payments solutions without third-party cookies,2025-04-22 16:00:04+00:00,28,Chrome|Developers|Google|Web|pr_pr: Chrome for Developers;|Video Type:DevByte;|gds:Yes;,PT9M56S,2527,77,5,2026-05-26 13:34:55,596,3.245,2025,4,Tuesday
mVMrQR16LDk,Chrome for Developers,AI/ML for Chrome and ChromeOS,2025-04-16 21:00:57+00:00,28,Chrome|Developers|Google|Web|pr_pr: Chrome for Developers;|Video Type:DevByte;|gds:Yes;|ChromeOS|Google Chrome|AI|ML|Gemini|Nano,PT11M44S,2583,80,9,2026-05-26 13:34:55,704,3.4456,2025,4,Wednesday
Ybquplwg-J4,Chrome for Developers,Chrome Web Store for enterprise,2025-04-16 16:00:47+00:00,28,Chrome|Developers|Google|Web|pr_pr: Chrome for Developers;|Video Type:DevByte;|ct: AIG;|gds:Yes;,PT5M3S,4700,69,1,2026-05-26 13:34:55,303,1.4894,2025,4,Wednesday
0VJfAStYiN8,Chrome for Developers,How CloudMosa Streams Wasm on Feature Phones,2025-04-10 16:00:05+00:00,28,Chrome|Developers|Google|Web|pr_pr: Chrome for Developers;|Video Type:Excerpt;|ct: AIG;|gds:Yes;|WebAssembly|Wasm|Cloud Phone|CloudMosa|Thin Client|Feature Phone|Web Apps|Mobile Tech,PT26S,12691,116,4,2026-05-26 13:34:55,26,0.9456,2025,4,Thursday
lUHN48dhACY,Chrome for Developers,Whack-a-Mole in your browser - Is it possible!?,2025-04-02 16:01:05+00:00,28,Chrome|Developers|Google|Web|ct: AIG;|gds:Yes;|pr_pr: Chrome for Developers;,PT4M55S,9412,156,17,2026-05-26 13:34:55,295,1.8381,2025,4,Wednesday
P6JA6dFf7zs,Chrome for Developers,Add irrelevant scripts to the ignore list in Performance,2025-04-01 20:00:11+00:00,28,Chrome|Developers|Google|Web|pr_pr: Chrome for Developers;|Video Type:Excerpt;|ct: AIG;|gds:Yes;|Code performance|performance panel|Irrelevant scripts|Chrome DevTools|latest chrome devtools updates|Chrome 133-135,PT1M,9737,293,4,2026-05-26 13:34:55,60,3.0502,2025,4,Tuesday
OFH9TfrqZCY,Chrome for Developers,Navigation management in PWAs: Techniques and best practices,2025-04-01 16:00:11+00:00,28,Chrome|Developers|Google|Web|pr_pr: Chrome for Developers;|Video Type:DevByte;|ct: AIG;|gds:Yes;,PT13M48S,7459,155,12,2026-05-26 13:34:55,828,2.2389,2025,4,Tuesday
Ayonwzxx_LA,Chrome for Developers,What is wasi-gfx?,2025-03-28 16:00:12+00:00,28,Chrome|Developers|Google|Web|pr_pr: Chrome for Developers;|Video Type:Excerpt;|ct: AIG;|gds:Yes;|WasmAssembly|podcast|renderlet|cross platform graphics|WebAssembly framework|wepgpu|wasi-gfx proposal,PT2M1S,3396,139,1,2026-05-26 13:34:55,121,4.1225,2025,3,Friday
mW6xuuFeD1A,Chrome for Developers,What’s new in DevTools: Chrome 133-135,2025-03-27 16:01:04+00:00,28,Chrome|Developers|Google|Web|pr_pr: Chrome for Developers;|Campaign: CD: DevTools;|gds:Yes;|What’s new in devtools|new in devtools|devtools|devtools tutorial|intro to devtools,PT7M43S,63771,334,28,2026-05-26 13:34:55,463,0.5677,2025,3,Thursday
IpdvLsVg9IM,Chrome for Developers,Chrome's new extensions menu explained,2025-03-26 16:00:17+00:00,28,Chrome|Developers|Google|Web|ct: AIG;|gds:Yes;|pr_pr: Chrome for Developers;,PT5M11S,14124,183,26,2026-05-26 13:34:55,311,1.4798,2025,3,Wednesday
1dWeZRUrp5g,Chrome for Developers,Control vertical spacing with CSS text-box,2025-03-25 16:00:02+00:00,28,Chrome|Developers|Google|Web|Type:Excerpt;|gds:Yes;|ct: AIG;|pr_pr: Chrome for Developers;|Control vertical spacing with CSS text-box|Chrome 132-134.|CSS text-box,PT43S,11309,719,7,2026-05-26 13:34:55,43,6.4197,2025,3,Tuesday
XFXJpbJMFr4,Chrome for Developers,Wasm on feature phones with Cloud Phone's Thomas Barrasso,2025-03-24 16:00:42+00:00,28,Chrome|Developers|Google|Web|gds:Yes;|asm.js to Wasm|WebAssembly|is webassembly javascript|Video Type:Podcast;|pr_pr: Chrome for Developers;,PT55M47S,3206,75,1,2026-05-26 13:34:55,3347,2.3706,2025,3,Monday
8Fn3-xx8C6w,Chrome for Developers,State-preserving move in DOM,2025-03-18 16:00:09+00:00,28,Chrome|Developers|Google|Web|Type:Excerpt;|gds:Yes;|ct: AIG;|pr_pr: Chrome for Developers;,PT35S,5264,311,8,2026-05-26 13:34:55,35,6.06,2025,3,Tuesday
-s8XdFyIEeM,Chrome for Developers,"New in Chrome Q1 2025: CSS text-box, file system access for Android, Baseline updates and more!",2025-03-11 18:01:02+00:00,28,Chrome|Developers|Google|Web|gds:Yes;|ReleaseWeb|WebApp|WebFundamentals|Browser|HTML5|JavaScript|GoogleDevelopers|ChromeDevelopers|chrome131|new-in-chrome|CSS|dialog element|file system access API|ruby element|Promise.try|WebAssembly|Video Type:Dev News;|pr_pr: Chrome for Developers;,PT5M25S,11820,556,23,2026-05-26 13:34:55,325,4.8985,2025,3,Tuesday
OOZCfS4kLcc,Chrome for Developers,How to capture network activities of a pop up #DevToolsTips,2025-03-06 17:00:34+00:00,28,Chrome|Developers|Google|Web|gds:Yes;|Video Type:Excerpt;|pr_pr: Chrome for Developers;,PT33S,4409,220,2,2026-05-26 13:34:55,33,5.0352,2025,3,Thursday
kuliHlLk9wQ,Chrome for Developers,Advanced Network Analysis with Chrome DevTools #DevToolsTips,2025-02-27 17:01:01+00:00,28,Chrome|Developers|Google|Web|type: DevByte;|gds:Yes;|pr_pr: Chrome for Developers;,PT5M17S,21064,585,21,2026-05-26 13:34:55,317,2.8769,2025,2,Thursday
r2qpopEQ_SI,Chrome for Developers,Customize your browser with Chrome Extensions,2025-02-26 17:01:00+00:00,28,Chrome|Developers|Google|Web|gds:Yes;|type: DevByte;|pr_pr: Chrome for Developers;,PT4M8S,9013,134,13,2026-05-26 13:34:55,248,1.631,2025,2,Wednesday
fF32B_sOVHA,Veritasium,Can you solve the hat riddle?,2026-05-23 13:00:28+00:00,27,veritasium|science|physics|riddle|sand|buried|hat riddle|4 hat riddle|logic|logic puzzle|logic riddle|hard riddle|can you solve this riddle|logic puzzles|computer|hacking|silence|information|cowboy|amigo|math puzzle,PT1M14S,648802,18038,704,2026-05-26 13:34:58,74,2.8887,2026,5,Saturday
Xr2yp8JA9LU,Veritasium,How many batteries would it take to power a human?,2026-05-20 15:04:02+00:00,27,veritasium|science|physics|battery|batteries|aa battery|energy|power|voltage|current|circuit|power supply|current electricity|power bank|alternating current|voltage drop|direct current|electricity,PT1M45S,306308,8230,1438,2026-05-26 13:34:58,105,3.1563,2026,5,Wednesday
zXvygWE3Ess,Veritasium,How Alpha Particles Can Break Computer Chips,2026-05-15 13:01:53+00:00,27,veritasium|science|physics|bit|bit flip|cosmic ray|bit flip cosmic ray|error correction|computers|engineering|computer|intel|microchip|radioactive|alpha|alpha particle|radiation|microchips|nuclear|theoretical physics|computer science|stem|technology|energy,PT2M7S,3602651,109411,1774,2026-05-26 13:34:58,127,3.0862,2026,5,Friday
7F4pY8Td9QQ,Veritasium,The Surprising Genius Of Sewing Machines,2026-05-10 13:00:20+00:00,27,veritasium|science|physics|Veritasium|sewing machines|sewing|machines|machinery|how it works|mechanics|explained|explainer|engineering|invention|thread|sewing machine,PT1M13S,1008648,24106,315,2026-05-26 13:34:58,73,2.4212,2026,5,Sunday
SVTPv4sI_Jc,Veritasium,Can the CIA secretly detect your heartbeat from 60 km away?,2026-05-03 19:26:56+00:00,27,veritasium|science|physics|Veritasium|engineering|military|army|usa|america|iran|iran war|ghost murmur|heart|heart murmur|trump|ayatollah|us army|hormuz|strait of hormuz|us navy|navy|airman|rescue|plane|flight|us military,PT21M18S,2234535,68485,5272,2026-05-26 13:34:58,1278,3.3008,2026,5,Sunday
ksn5yrsC3Wg,Veritasium,The Crystal That Could Destroy All Medicine,2026-04-29 20:30:53+00:00,27,veritasium|science|physics|Veritasium|chemistry|polymorph|polymorphs|polymorphism|hiv|miracle drug|treatment|ritanovir|ritonavir polymorphs|crystallization|maths|ritonavir|aids|quantum mechanics|experiment|reactions|math|american chemical society|science experiment,PT33M25S,8058424,209023,12279,2026-05-26 13:34:58,2005,2.7462,2026,4,Wednesday
iRach9lpIlg,Veritasium,Wombats Poop Cubes,2026-04-27 13:18:46+00:00,27,veritasium|science|physics|wombat|poop|wombats|animals|wombat pet|cute animals|marsupial|marsupials|territory|digestion|digestive system|biology|nature,PT46S,1103100,21558,549,2026-05-26 13:34:58,46,2.0041,2026,4,Monday
MVFd0qFB9TE,Veritasium,Why don't trains make *that* sound anymore?,2026-04-24 13:00:42+00:00,27,veritasium|science|physics|rail|railway|tracks|traintracks|metal|rock|Robert Bunsen|metallurgy|Hans Goldschmidt|chemistry|thermite welding|engineering|Railroad|train tracks|thermal expansion|steel|train|trains|railroad|buckling,PT1M3S,4848348,147240,1802,2026-05-26 13:34:58,63,3.0741,2026,4,Friday
h2KFNdLqAiU,Veritasium,The Most Radioactive Place On Earth,2026-04-19 13:01:12+00:00,27,veritasium|science|physics|radioactivity|nuclear|nuclear power|chernobyl|nuclear meltdown|engineering|decay|radioactive decay|fission|lungs|iss|space|atmosphere|banana|atomic|nuclear disaster|chernobyl disaster|disaster|energy|roentgen|radioactive|nuclear power plant|chemistry,PT1M33S,7794460,314650,7105,2026-05-26 13:34:58,93,4.128,2026,4,Sunday
PPJ6NJkmDAo,Veritasium,"How easy is it to steal $10,000 from a locked phone?",2026-04-15 16:40:38+00:00,27,veritasium|science|physics|Veritasium|contactless cards|credit card|debit card|card|mastercard|visa|MKBHD|tap to pay|apple pay|apple wallet|phone|iphone|card machine|contactless|hack|credit cards|how to use apple pay|pin|apple pay setup|binary|stripe card|swipe card,PT25M44S,6493685,208851,17223,2026-05-26 13:34:58,1544,3.4814,2026,4,Wednesday
2GUah9xHVto,Veritasium,Can something go faster than it’s pushed?,2026-04-09 11:00:03+00:00,27,veritasium|science|physics|engineering|bet|physics bet|professor|downwind|blackbird|science experiments|gear|gearbox|gear mechanic|gears|demo|science demo|wind|car|propeller|gear ratio,PT1M2S,8619359,207972,4217,2026-05-26 13:34:58,62,2.4618,2026,4,Thursday
jjp3WC8Unj8,Veritasium,What happens if you drop 0.125 grams of antimatter?,2026-04-05 20:07:08+00:00,27,veritasium|science|physics|Veritasium|theoretical physics|dirac|einstein|quantum mechanics|general relativity|negative energy|anti-universe|antimatter|speed of light|atoms|the problem of time|time|unification|grand unification theory|theory of everything|heisenberg|pauli|quantum|quantum physics|cern|cern antimatter factory|lhc|large hadron collider|cpt symmetry|cpt|charge|parity|penning trap|penning|bomb|angels and demons|space,PT58M54S,8199296,166562,11688,2026-05-26 13:34:58,3534,2.174,2026,4,Sunday
BU5HwNyE4mk,Veritasium,The Bizarre Behaviour Of Rotating Bodies,2026-04-02 11:59:21+00:00,27,veritasium|intermediate axis|tennis racket|theorem|flip|spinning|space|handle|rotating|rotation|axis|classical mechanics|physics|tennis racket theorem|dzhanibekov effect|intermediate|gravity|mathematics|dzhanibekov flip,PT1M33S,3435479,85097,1279,2026-05-26 13:34:58,93,2.5142,2026,4,Thursday
YSJY3DvnybE,Veritasium,The Secret Spy Tech Inside Every Credit Card,2026-03-26 17:47:09+00:00,27,veritasium|science|physics|Veritasium|contactless cards|credit card|debit card|card|mastercard|visa|acetone|MKBHD|bug|USSR|USA|radio waves|radio|binary|magnetic strip|magnetic stripe|stripe card|swipe card|swipe|chip and pin|chip|pin|credit score|american express|finance|mathematics|credit|credit cards|maths|math,PT28M43S,5556725,175257,8950,2026-05-26 13:34:58,1723,3.315,2026,3,Thursday
zP5uhMpH4mE,Veritasium,How Pressure Can Come From *Nothing*,2026-03-24 14:01:35+00:00,27,veritasium|science|physics|casimir|casimir effect|quantum|casimir force|quantum physics|quantum field theory|science explained|quantum vacuum|quantum fluctuations|theoretical physics|science education|quantum mechanics|universe|quantum theory,PT1M15S,4709367,133143,1825,2026-05-26 13:34:58,75,2.8659,2026,3,Tuesday
9szhjhO9epA,Veritasium,Making A Giant Zipper To Explain How They Work,2026-03-19 21:12:24+00:00,27,veritasium|science|physics|Veritasium|zipper|zippers|ykk|broken zippers|fix|hooks|teeth|jacket|coat|bag|zip|fastener|pull|sew|sewing|Gideon Sundback|unchanged|how does it work|unzip|zipper boots|talon|judson|zipper repair|how to fix a broken zipper|zipper hacks|zips|engineering,PT20M45S,8816623,234729,8662,2026-05-26 13:34:58,1245,2.7606,2026,3,Thursday
R8oiho_gKSo,Veritasium,The Shadow Illusion,2026-03-12 15:59:15+00:00,27,science literacy|experiments|pinhole|image|shadows|light|pinhole camera|shadow|experiment|physics|optics|science demo|demonstration|sun|sunlight|ray optics|science,PT58S,3699914,119193,1683,2026-05-26 13:34:58,58,3.267,2026,3,Thursday
Ol18JoeXlVI,Veritasium,This Paradox Splits Smart People 50/50,2026-03-09 16:02:39+00:00,27,veritasium|science|physics|Veritasium|newcomb paradox|free will|newcomb|philosophical puzzles|newcomb's problem|supercomputer|maths|philosophy|predict|prediction|decision theory|one box|two boxes|william newcomb|causal connection|expected utility|strategic dominance|evidential decision theory|causal decision theory|wishful thinking|newcomb's paradox|backward causation|problem,PT25M40S,7699135,217526,77942,2026-05-26 13:34:58,1540,3.8377,2026,3,Monday
DJ_5_JS9_Rs,Veritasium,You Can't Feel Wet,2026-03-02 02:00:10+00:00,27,veritasium|science|physics|experiment|water|wet|ice|cold|senses|sense|touch|feel|is water wet|cold water|glove|heat|youtube shorts|experiments,PT54S,5756316,216304,2214,2026-05-26 13:34:58,54,3.7961,2026,3,Monday
aoag03mSuXQ,Veritasium,The Internet Was Weeks Away From Disaster and No One Knew,2026-02-25 20:28:23+00:00,27,veritasium|science|physics|Veritasium|xz hack|linux|hack|trojan horse|backdoor|computer|computer science|computing|hacking|ssh|xz hacker|open source|ubuntu|unix|at&t|free software foundation|linux operating system|computers|open source software|linux distro|xz compression|linux vs windows|linux commands|linux command line,PT53M,14029939,380493,25593,2026-05-26 13:34:58,3180,2.8944,2026,2,Wednesday
qtPPfM7Tz1o,Veritasium,The Crazy Physics of Jet Engines,2026-02-22 03:00:53+00:00,27,veritasium|science|physics|Veritasium|engineering|planes|jets|jet engines|jet fuel|rolls royce|airplane|plane|jet|jet plane|scram jet engines|aviation|jet engine|fly|airplanes|jet aircraft|turbojet engine|edge dislocation|materials|metal|steel|metallurgy|lattice structure|gamma prime|nickel|superalloy|turbojet|turbofan|how a jet engine works,PT2M55S,3277453,83004,935,2026-05-26 13:34:58,175,2.5611,2026,2,Sunday
cMx139eTxoc,Veritasium,The asbestos problem is worse than we thought,2026-02-17 21:33:35+00:00,27,veritasium|science|physics|asbestos|chemistry|Veritasium|lungs|asbestosis|asbestos symptoms|asbestos disease|asbestos cure|mesothelioma|pleural mesothelioma|lung cancer|rocks|asbestos lawyer|talc|talcum powder|baby powder|silicate|crystals|asbestos exposure|mesothelioma attorney|disease|pleural,PT54M46S,9391956,303141,20917,2026-05-26 13:34:58,3286,3.4504,2026,2,Tuesday
Bl0WZvAeDik,Veritasium,Rubber used to be useless…,2026-02-12 15:02:13+00:00,27,veritasium|science|physics|Veritasium|Latex|Elasticity|Stretchy|Bounce|Hevea|Tapping|Rainforest|Sap|Vulcanization|Waterproof|Polymer|Durable|Spongy|Resilient|Goodyear|Synthetic|Natural|Tires|Balloons|Boots|Molecules|Harvest|Plantation|Tropical|Bouncy|Henry Ford|rubber blight|south american leaf blight|rubber,PT1M38S,7033688,231655,1779,2026-05-26 13:34:58,98,3.3188,2026,2,Thursday
Bt3boxwRF84,Veritasium,World’s Largest Spiderweb,2026-02-07 14:00:16+00:00,27,veritasium|science|physics|biology|spiders|spiderweb|cave|ecosystem|albania|sulfur cave|largest spider web|arachnids|geothermal|spider web|life science,PT1M20S,3992443,111094,3198,2026-05-26 13:34:58,80,2.8627,2026,2,Saturday
6HVYHNTDOFs,Veritasium,Why Cold Drinks Were Deadly Before 1914,2026-02-03 15:42:10+00:00,27,veritasium|science|physics|Veritasium|ice|refrigeration|gorrie|ice king|white gold|surface area|cold|volume|freeze|freezing|surface area to volume ratio|persia|ice house|ice man|monopoly|ice box|iceman|ice cube|john gorrie|frederic tudor|experiment|chemistry|refrigerator,PT30M17S,7529897,230893,14660,2026-05-26 13:34:58,1817,3.261,2026,2,Tuesday
XKSjCOKDtpk,Veritasium,The Tiny Donut That Proved We Still Don't Understand Magnetism,2026-01-29 22:20:55+00:00,27,veritasium|science|physics|Veritasium|magnetic fields|quantum mechanics|aharonov bohm effect|aharonov bohm|quantum physics|electromagnetism|potential|magnetic vector potential|electric field|electric scalar potential|maths|math|potentials|3 body problem|three body problem. Aharonov-bohm phase|solenoid|phase|lagrangian mechanics|lagrange|Poisson|kelvin|david bohm|Yakir Aharonov|particle physics|theoretical physics|three body problem,PT35M53S,8640065,184958,10330,2026-05-26 13:34:58,2153,2.2603,2026,1,Thursday
w2TLv30F6UU,Veritasium,How They Prevented The Citicorp Disaster,2026-01-22 14:01:23+00:00,27,veritasium|science|physics|Veritasium|engineering|Citicorp building|citicorp tower|citicorp tower design flaw|citicorp center|citicorp center saved by student|skyscraper|skyscraper design|diane hartley|diane hartley citicorp|manhattan|william lemessurier|exoskeleton|exoskeleton building|tuned mass damper|counterweight|hurricane ella|newspaper strike|nyc skyscraper|skyscraper fall|architecture|building design|engineering mistakes|education|animation,PT1M29S,4359953,130666,1984,2026-05-26 13:34:58,89,3.0425,2026,1,Thursday
P-4pbFcERnk,Veritasium,What Happens If You Keep Slowing Down?,2026-01-19 18:53:55+00:00,27,veritasium|science|physics,PT30M9S,10108069,191207,6229,2026-05-26 13:34:58,1809,1.9533,2026,1,Monday
itSkBESLZeY,Veritasium,What happens if you cut the green rope?,2026-01-15 14:01:26+00:00,27,veritasium|science|physics|math|maths|traffic|Braess’s paradox|Braess|game theory|springs|hooke’s law|dynamic traffic|traffic flow|braess paradox spring|braess paradox game theory|paradox|nash equilibrium|network theory|braess paradox|economics|power grid|price of anarchy|equilibrium|spring paradox|shorts|braess's paradox,PT1M7S,32991967,462154,5146,2026-05-26 13:34:58,67,1.4164,2026,1,Thursday
fkxoaD47-Vo,Veritasium,You're Only 6 Steps Away From Anyone On Earth,2026-01-09 14:01:13+00:00,27,six degrees of separation|veritasium|science|physics|Veritasium|maths|networks|internet|disease|spread|random|shortcut|friends|connection|connected|neural networks|neurons|strogatz|watts|viral|probability|game theory|hub|hubs|nodes|attachment|network science|six handshakes,PT1M14S,3723002,110542,1275,2026-05-26 13:34:58,74,3.0034,2026,1,Friday
MiUHjLxm3V0,Veritasium,The World's Most Important Machine,2025-12-31 15:37:33+00:00,27,veritasium|science|physics|Veritasium|engineering|asml|taiwan|asml machine|asml a day in the life|asml lithography machine|lithography|lithography process|chip shortage|euv lithography|extreme ultraviolet lithography|chip|microchip|photolithography|nano technology|semiconductor industry|tech|technology|computational lithography|semiconductor manufacturing,PT55M,29876832,658850,27481,2026-05-26 13:34:58,3300,2.2972,2025,12,Wednesday
piHGnG4LsmQ,Veritasium,The Future of Veritasium,2025-12-24 14:29:28+00:00,27,veritasium|science|physics,PT17M35S,4946957,430925,32008,2026-05-26 13:34:58,1055,9.3579,2025,12,Wednesday
NIk_0AW5hFU,Veritasium,There Is Something Faster Than Light,2025-12-19 06:03:02+00:00,27,veritasium|science|physics|Veritasium|maths|quantum mechanics|quantum|quantum entanglement|action|action at a distance|spooky action at a distance|bell's theorem veritasium|bell's inequality theorem explained|many worlds|many worlds theory|multiverse|free will|faster than light|speed of light|light|gravity|relativity|general relativity|theoretical physics|quantum entanglement explained|spooky action|what is quantum entanglement|many worlds interpretation|paradox,PT44M16S,14104649,279877,26280,2026-05-26 13:34:58,2656,2.1706,2025,12,Friday
nMqWWO6p7-c,Veritasium,What is this strange pattern down the east coast of America?,2025-12-11 14:01:33+00:00,27,veritasium|science|physics|biology|ice age|rambo|venus fly trap|carolina bays|carolina bays impact|carolina|north carolina|south carolina|wildlife|nature|meteor|crater|alien,PT2M4S,1359159,46593,839,2026-05-26 13:34:58,124,3.4898,2025,12,Thursday
Y-W-w8yNiKU,Veritasium,Can energy be negative?,2025-12-05 09:47:19+00:00,27,veritasium|science|physics|Veritasium|theoretical physics|dirac|einstein|quantum mechanics|general relativity|negative energy|anti-universe|antimatter|speed of light|the strangest man|atoms|the problem of time|time|unification|grand unification theory|theory of everything|heisenberg|pauli|quantum|quantum physics|bohr|klein-gordon|klein-gordon equation|heisenberg’s uncertainty principle|quantum theory|space time|heisenberg uncertainty principle|klein|spacetime|cern,PT35M23S,8646127,234206,11712,2026-05-26 13:34:58,2123,2.8443,2025,12,Friday
Bb0uDpvitoE,Veritasium,I Turned My Phone Into A Microscope,2025-11-27 15:04:19+00:00,27,veritasium|science|physics|microscope|experiment|biology|lens|phone|google|pixel|google pixel 10|pixel 10|zoom|engineering|water,PT1M42S,1454517,51351,924,2026-05-26 13:34:58,102,3.594,2025,11,Thursday
HBluLfX2F_k,Veritasium,You've (Likely) Been Playing The Game of Life Wrong,2025-11-26 21:45:00+00:00,27,veritasium|science|physics|Veritasium|math|maths|power law|80-20|80-20 rule|exponent laws|exponent|power laws|power laws math|math power law|log|logarithm|logs|exponential|normal|normal distribution|pareto|criticality|natural disasters|Self-Organized criticality|Universality|probability|pareto distribution|80 20 rule|standard deviation|80 20 principle|80/20 principle|pareto diagram|statistics,PT45M13S,9377951,227956,10092,2026-05-26 13:34:58,2713,2.5384,2025,11,Wednesday
gGtuw7Rejtk,Veritasium,How Strong Is Super Glue?,2025-11-21 14:47:27+00:00,27,veritasium|science|physics|engineering|superglue|adhesive|sticky|strong glue|monomers|polymers|underwater|plastic|wood|metal|ceramic|gorilla glue|flex glue|loctite glue|cotton wool|medical superglue|wounds|Vietnam war,PT44S,4454636,91464,627,2026-05-26 13:34:58,44,2.0673,2025,11,Friday
QtxVdC7pBQM,Veritasium,The Ridiculous Engineering of Jet Engines,2025-11-17 07:58:31+00:00,27,veritasium|science|physics|Veritasium|engineering|planes|jets|jet engines|jet fuel|rolls royce|airplane|plane|jet|jet plane|scram jet engines|aviation|jet engine|fly|airplanes|jet aircraft|turbojet engine|edge dislocation|materials|metal|steel|metallurgy|lattice structure|gamma prime|nickel|superalloy|turbojet|turbofan|how a jet engine works,PT39M34S,12985419,261125,11351,2026-05-26 13:34:58,2374,2.0983,2025,11,Monday
9M_QK4stCJU,Veritasium,Why People Are So Confident When They're Wrong,2025-11-12 23:24:30+00:00,27,veritasium|science|physics|Veritasium|psychology|misconception|stupid|smart|intelligence|knowledge|board game|dunning kruger|dunning kruger effect|overconfidence|collective stupidity|dunning kruger graph|dunning kruger curve|curve|graph|overconfidence effect|what is dunning kruger|expertise|dunning kruger examples|cognitive bias|dunning kruger experiment|confident|dunning kruger bias|nick leeson|trading|SGX|stock exchange|SIMEX|baring|the dunning kruger effect,PT24M2S,5906129,181810,11713,2026-05-26 13:34:58,1442,3.2766,2025,11,Wednesday
HVySQLuxLkI,Veritasium,Seeing Inside A Thermite Reaction,2025-11-10 14:07:17+00:00,27,Science|veritasium|robert bunsen|metallurgy|hans goldschmidt|thermite reaction|how thermite works|thermite|chemistry|reaction|railroad thermite welding|iron oxide|experiment|rust,PT2M33S,6716562,298837,4035,2026-05-26 13:34:58,153,4.5093,2025,11,Monday
XX7PdJIGiCw,Veritasium,The Most Controversial Idea in Biology,2025-10-31 22:42:09+00:00,27,veritasium|science|physics|Veritasium|biology|selfish gene|genetics|god delusion|richard dawkins|evolution|DNA|genes|altruism|individual selection|group selection|natural selection|origin of life|survival of the fittest|species|community|void|parents|children|life|how life began|history of life|george c williams|john maynard smith|kindness|replicate|replication|offspring|altruistic,PT28M50S,8189940,251712,19940,2026-05-26 13:34:58,1730,3.3169,2025,10,Friday
tWRyiCP17do,Veritasium,Why didn't this skateboard stunt start from the top?,2025-10-29 16:03:24+00:00,27,veritasium|science|physics|skateboard|skateboarding|ramp|redbull|stunt|engineering|experiment|skating|skateboarding world record,PT1M19S,2545814,44559,848,2026-05-26 13:34:58,79,1.7836,2025,10,Wednesday
h830G5mkTF4,Veritasium,How To Solve a Quadratic Equation,2025-10-26 13:32:19+00:00,27,veritasium|science|physics|maths|math|quadratic equation|number|quadratics|solving quadratic equations|functions|solve quadratic equations|infinity|negative numbers,PT2M34S,4633653,151005,1847,2026-05-26 13:34:58,154,3.2987,2025,10,Sunday
kh9OmFBg8qI,Veritasium,How To See Atoms,2025-10-17 13:00:04+00:00,27,veritasium|science|physics|Veritasium|atoms|microscope|particle|photo|electron|electron microscope|indivisible|nucleus|proton|SEM|optics|light|lens|convex|de Broglie|TEM|probe microscopes|concave|electrons|stem|scanning electron microscope|engineering|scanning electron microscopy,PT1M4S,9139473,234757,2169,2026-05-26 13:34:58,64,2.5923,2025,10,Friday
S7xvqDUPoJo,Veritasium,Renting A Helicopter To Settle A Physics Debate,2025-10-09 14:01:34+00:00,27,veritasium|science|physics|helicopter|rope|riddle|exam|question|cable|uniform|flying|weight|parachute|brain teaser|puzzles|riddles|mind puzzles|tricky riddles|maths|maths question|brain teasers,PT1M34S,15243546,404199,9276,2026-05-26 13:34:58,94,2.7125,2025,10,Thursday
CYlon2tvywA,Veritasium,Can you really reach anyone in 6 steps?,2025-09-30 22:00:54+00:00,27,veritasium|science|physics|Veritasium|maths|networks|six degrees of separation|internet|disease|spread|random|shortcut|friends|connection|connected|neural networks|neurons|strogatz|watts|viral|probability|game theory|hub|hubs|nodes|attachment|network science|six handshakes,PT33M17S,10425792,275597,13472,2026-05-26 13:34:58,1997,2.7726,2025,9,Tuesday
onr80iOoEXs,Veritasium,Alfred Nobel: The Man Who Fooled The World,2025-09-21 14:13:30+00:00,27,veritasium|science|physics|alfred nobel|dynamite|dynamite inventor|nobel prize|nobel peace prize|invention|explosives|nitroglycerin|stockholm|oslo|sweden|norway|merchant of death|TNT|crimean war|russia|explosion|nobel prize history|who invented dynamite|alfred nobel history|where was alfred nobel from|invention of explosives|how nobel prize started|alfred nobel explosive|alfred bernhard nobel|alfred nobel documentary|alfred nobel story|nitroglycerine,PT46M9S,10336284,217347,11213,2026-05-26 13:34:58,2769,2.2112,2025,9,Sunday
q6WlXhtVvkg,Veritasium,How to solve any maze,2025-09-18 13:00:02+00:00,27,veritasium|science|physics|maze|micromouse|robot|mice|race|racing|how to solve a maze|engineering|micromouse competition|stem robotics|mobile robot|competition|fastest micromouse|experiment|maze solving robot|micromouse robot|maze solving robot competition,PT2M56S,9674691,400075,2588,2026-05-26 13:34:58,176,4.162,2025,9,Thursday
b8XVCsXyIZs,Veritasium,What Happens When You Spin a Football?,2025-09-14 13:00:10+00:00,27,veritasium|science|physics|Veritasium|tom brady|american football|football|throwing|superbowl|athlete|nfl|sports|football challenge|competition|Spiral movement|patriots|tampa bay|wobble|fluid dynamics|spin|magnus effect|drag|muskets|rifling|turnover|wind tunnel|gyroscope|gyroscopic procession|new england|dome|stadium|wind|tom|brady|12|super bowl|superbowl 36|superbowl 38|superbowl 39|superbowl 42|superbowl 46|superbowl 49|superbowl 51|36|39|42|46|49|51,PT1M58S,1999246,27030,695,2026-05-26 13:34:58,118,1.3868,2025,9,Sunday
tZ8ehplVFp4,Veritasium,The Most Dangerous Escalator in the World,2025-09-11 14:22:52+00:00,27,veritasium|science|physics|Veritasium|engineering|escalators|escalator|brushes|groove|howitworks|mall|shopping|step chain|elevator|motor|chain|gear|mechanical|mechanism|roma|gearbox|stairs|whatsinside|dc motor,PT22M18S,15736321,353805,16202,2026-05-26 13:34:59,1338,2.3513,2025,9,Thursday
CxVXvFOPIyQ,Veritasium,Exposing Why Farmers Can't Legally Replant Their Own Seeds,2025-08-31 19:24:31+00:00,27,veritasium|science|physics|Veritasium|monsanto|faming|agriculture|poison ivy|herbicide|pesticide|poison|bayer|24-D|vietnam|agent orange|roundup|glyphosate|EPA|WHO|IARC|roundup weed killer|vietnam war|weed killer|round up weed killer|farming|gmo,PT46M59S,20690630,509130,40445,2026-05-26 13:34:59,2819,2.6562,2025,8,Sunday
OW9Mq3wrEqY,Veritasium,How aerogel can make the ocean drinkable,2025-08-28 13:01:05+00:00,27,veritasium|science|physics|aerogel|waterproof|teamwater|desalination|drinking water|engineering|how desalination works|water desalination|science experiment|desalination of water,PT2M43S,4897814,311487,3743,2026-05-26 13:34:59,163,6.4361,2025,8,Thursday
AFXLZ7FEJc4,Veritasium,This is the natural disaster to worry about,2025-08-22 17:11:23+00:00,27,veritasium|science|physics|Veritasium|Latex|Elasticity|Stretchy|Bounce|Hevea|Tapping|Rainforest|Sap|Vulcanization|Waterproof|Polymer|Durable|Spongy|Resilient|Goodyear|Synthetic|Natural|Tires|Balloons|Boots|Molecules|Harvest|Plantation|Tropical|Bouncy|Henry Ford|rubber blight|south american leaf blight,PT41M7S,9408532,207754,12483,2026-05-26 13:34:59,2467,2.3408,2025,8,Friday
zQ2ZJuUJeyo,Veritasium,Can you swim in shade balls?,2025-08-19 08:35:20+00:00,27,veritasium|science|physics|shade balls|balls|black balls|reservoir|swim|swimming|los angeles|la reservoir|swimming pool|science experiments|black|water,PT2M28S,63754191,2132986,22650,2026-05-26 13:34:59,148,3.3812,2025,8,Tuesday
y2y8ME02lX4,Veritasium,Testing the US Military’s worst idea,2025-08-14 13:00:01+00:00,27,veritasium|science|physics|military|engineering|drop test|experiment|space|cold war,PT1M,22308431,612936,13599,2026-05-26 13:34:59,60,2.8085,2025,8,Thursday
AGglJehON5g,Veritasium,The Perfect Battery Material Is Dangerous,2025-08-07 15:02:44+00:00,27,veritasium|science|physics|Battery|Volta|Zinc|Copper|Chemistry|Experiment|Reduction|Oxidation|Rechargeable batteries|electrons|How does a battery work|battery|free energy|electricity|electrical engineering|voltage|amp|electronics engineering|current electricity|potential difference|alternating current|power supply|aa battery|circuit theory|ammeter|resistivity|electronics|voltage drop|ampere|tesla|multimeter|electron|electrician|electric potential|ohms law|resistors,PT34M42S,12455659,222729,9092,2026-05-26 13:34:59,2082,1.8612,2025,8,Thursday
UKfnXd3x-rw,Veritasium,The blue LED was almost impossible to make,2025-08-02 13:09:26+00:00,27,veritasium|science|physics|leds|blue leds|nakamura|invention|discovery|almost impossible|impossible|lighting|technology|shuji nakamura|blue led|inventions,PT1M43S,8169567,318610,2270,2026-05-26 13:34:59,103,3.9277,2025,8,Saturday
KZeIEiBrT_w,Veritasium,The Strange Math That Predicts (Almost) Anything,2025-07-25 22:07:23+00:00,27,veritasium|science|physics|markov chains|math|algorithm|Veritasium|mathematics|artificial intelligence|machine learning|data science|Transition Diagram|Transition Matrix|Initial State|Vector|Probability|Statistics|Future Probabilities|Present|linear algebra|google|search engines|search|yahoo|googolplex|LLM|chat GPT|monopoly|russia|Andrey Markov|free will|Bernoulli|jellybeans|convergence|independence|dependent|Pavel Nekrasov|Yahoo|yahoo!|law of large numbers,PT32M32S,12032965,276746,9426,2026-05-26 13:34:59,1952,2.3782,2025,7,Friday
za_HO2E3JEU,Veritasium,Why do all animals jump to about the same height?,2025-07-24 13:31:58+00:00,27,veritasium|science|physics|Veritasium|engineering|jumping|muscle|blender|shrunk|google interview question|MIT|insects|bugs|scale|microscopic|nature|honey I shrunk the kids|enrico fermi|fermi questions|gecko|ants|fermi estimation questions|climb|strong|cockroach|claws|Geoffrey West|Carl Zimmer|Gale McDale|animals|jump,PT1M39S,12380795,527254,6321,2026-05-26 13:34:59,99,4.3097,2025,7,Thursday
49NikeBCzWo,Veritasium,Why did light bulb lifetimes get shorter?,2025-07-17 18:56:42+00:00,27,science|engineering|veritasium|light bulbs,PT1M36S,6576275,211074,7306,2026-05-26 13:34:59,96,3.3207,2025,7,Thursday
-QTkPfq7w1A,Veritasium,This mechanism shrinks when pulled,2025-06-30 18:02:42+00:00,27,veritasium|science|physics|math|maths|traffic|Braess’s paradox|Braess|game theory|springs|hooke’s law|dynamic traffic|traffic flow|braess paradox spring|braess paradox game theory|paradox|nash equilibrium|network theory|braess paradox|economics|power grid|price of anarchy|equilibrium|spring paradox,PT23M7S,12188493,262326,11061,2026-05-26 13:34:59,1387,2.243,2025,6,Monday
Jqz_YuyXKJI,Veritasium,There are 96 million black balls on this lake,2025-06-24 16:40:05+00:00,27,veritasium|black balls|balls|ball pit|shade|reservoir|black|plastic|water|LA|los angeles|LA reservoir|LADWP|bromate|bromide|water quality|algae|evaporation|water supply|chlorine|sunlight|science|physics|carcinogen|carcinogenic|shade balls|shade ball,PT1M7S,8414159,225578,4724,2026-05-26 13:34:59,67,2.7371,2025,6,Tuesday
x32Zq-XvID4,Veritasium,The Obviously True Theorem No One Can Prove,2025-06-20 13:01:46+00:00,27,veritasium|science|physics|Veritasium|math|Math Problem|Mathematical Problem|Famous Math Problem|Goldbach's conjecture|twin primes|sum|prime|35 exceptions|unproven|unsolved|unsolved problems|even numbers|prime number theorem|Christian Goldbach|Bernoulli|Leibniz|Newton|Euler. Number theory|weak Goldbach conjecture|Ramanujan|trading|goldbach trading|G.H. Hardy|Littlewood|maths|mathematics|prime numbers|prime number|math problems|primes|isaac newton,PT42M34S,8964309,176440,10988,2026-05-26 13:34:59,2554,2.0908,2025,6,Friday
J3i3F2e4IYs,Veritasium,The Biggest Misconception in Football (ft. Tom Brady),2025-06-01 05:31:02+00:00,27,veritasium|science|physics|Veritasium|tom brady|american football|football|throwing|superbowl|athlete|nfl|sports|football challenge|competition|Spiral movement|patriots|tampa bay|wobble|fluid dynamics|spin|magnus effect|drag|muskets|rifling|turnover|wind tunnel|gyroscope|gyroscopic procession|new england|dome|stadium|wind|tom|brady|12|super bowl|superbowl 36|superbowl 38|superbowl 39|superbowl 42|superbowl 46|superbowl 49|superbowl 51|36|39|42|46|49|51,PT27M17S,8725464,184146,9665,2026-05-26 13:34:59,1637,2.2212,2025,6,Sunday
zeZddwimLc8,Veritasium,Why do planes fly so high?,2025-05-21 14:31:31+00:00,27,science|veritasium|physics|planes|airplanes|flying|altitude|jet|jet engine|troposphere|atmosphere,PT1M4S,10694292,293653,2674,2026-05-26 13:34:59,64,2.7709,2025,5,Wednesday
SC2eSujzrUY,Veritasium,How One Company Secretly Poisoned The Planet,2025-05-14 14:07:28+00:00,27,veritasium|science|physics|teflon|nonstick pan|teflon don|chemistry|teflon harmless|PTFE|cookware|cooking|chemours|pfas|nonstick|pfoa|safety|non-stick|pan|pans|ceramic|cast iron|carbon steel|contamination|drinking|water|coating|teflon coating|du pont|TFE|fluorine|chlorine|c8|c-8|forever chemicals|Gen X|PFAS|fluoride|drinking water,PT54M8S,34742185,756127,45927,2026-05-26 13:34:59,3248,2.3086,2025,5,Wednesday
Q56PMJbCFXQ,Veritasium,How a Student's Question Saved This NYC Skyscraper,2025-04-26 20:07:58+00:00,27,veritasium|science|physics|Veritasium|engineering|Citicorp building|citicorp tower|citicorp tower design flaw|citicorp center|citicorp center saved by student|skyscraper|skyscraper design|diane hartley|diane hartley citicorp|manhattan|william lemessurier|exoskeleton|exoskeleton building|tuned mass damper|counterweight|hurricane ella|newspaper strike|nyc skyscraper|skyscraper fall|architecture|building design|engineering mistakes|education|animation,PT33M39S,24719301,422346,21452,2026-05-26 13:34:59,2019,1.7954,2025,4,Saturday
4LYlMqBXTJI,Veritasium,Why we put spiders on soccer balls,2025-04-22 16:41:43+00:00,27,veritasium|science|physics|biology|color|jumping spiders|soccer|football|engineering|spiders,PT1M2S,31544475,0,21388,2026-05-26 13:34:59,62,0.0678,2025,4,Tuesday
lcjdwSY2AzM,Veritasium,The Biggest Misconception in Physics,2025-04-14 16:31:04+00:00,27,veritasium|science|physics|Science|Noether’s Theorem|Emmy Noether|math|symmetry|conservation law|Einstein|relativity|general relativity|special relativity|David Hilbert|Klein|gravity|energy|the big bang|blue shift|red shift|energy conservation|bianchi identity|general covariance|vectors|tensor|reference frames|principle of least action|least action|euler|lagrange|maupertuis|universe|expanding universe|asteroid|quarks|continuity equation|higgs|higgs boson,PT27M40S,13032991,287535,15822,2026-05-26 13:34:59,1660,2.3276,2025,4,Monday
ZC98ZK6Ivug,Veritasium,Can you solve this SAT question?,2025-04-08 16:59:15+00:00,27,veritasium|science|physics|SAT|sat questions|sat question everyone got wrong|math|math quiz|circle|math problem|exam|test,PT1M33S,10428510,171000,5143,2026-05-26 13:34:59,93,1.6891,2025,4,Tuesday
_cr46G2K5Fo,Veritasium,The Most Controversial Idea In Math,2025-04-02 10:31:01+00:00,27,veritasium|science|physics|math|sizeless|sizeless sets|Georg Cantor|Cantor|sets|numbers|paradox|axiom|banach tarski|banach|tarski|choice|axiom of choice|Zermelo|AC|Banach–Tarski Paradox|Paradox|Mathematics|Alfred Tarski|Stefan Banach|maths|infinity|well ordering|well order|infinite sets|real numbers|natural numbers|integers|duplication,PT33M1S,14215568,287866,19859,2026-05-26 13:34:59,1981,2.1647,2025,4,Wednesday
DCiPrr-dQyw,Veritasium,Can you solve the prisoner's riddle?,2025-03-24 15:46:32+00:00,27,veritasium|science|physics|riddle|prisoners riddle|math|puzzle,PT1M42S,7796062,213324,2930,2026-05-26 13:34:59,102,2.7739,2025,3,Monday
20vUNgRdB4o,Veritasium,"How this helicopter survived 1004 days on Mars, then disappeared...",2025-03-20 22:41:55+00:00,27,veritasium|science|physics|Science|astronomy|mars|planets|helicopter|exploration|cosmology|space|solar system|stars|red planet|sun|NASA|ESA|Mission to Mars|Mars Rover|mars dust|dust storm|astrum|JPL|winter|mars winter|hooke’s law|bitflip|atmosphere,PT29M8S,11131970,186958,9282,2026-05-26 13:34:59,1748,1.7629,2025,3,Thursday
qJZ1Ez28C-A,Veritasium,Something Strange Happens When You Trust Quantum Mechanics,2025-03-05 02:22:56+00:00,27,veritasium|science|physics|math|quantum mechanics|Johann Bernoulli|Isaac Newton|principle of least action|quantum|problem of fastest descent|Snell’s Law|Pierre Louis Maupertuis|Fermat’s principle|Leonhard Euler|Joseph-Louis Lagrange|Hamilton’s principle|brachistochrone|UV catastrophe|Max Planck|Niels Bohr|de Broglie|quanta|Richard Feynman|light|electrons|black body radiation|rayleigh-jeans law|planck's constant|The Double Slit Experiment,PT33M1S,18392020,393550,22418,2026-05-26 13:34:59,1981,2.2617,2025,3,Wednesday
dFVrncgIvos,Veritasium,The Blender Question Everyone Gets Wrong,2025-02-18 16:03:35+00:00,27,veritasium|science|physics|Veritasium|engineering|jumping|muscle|blender|shrunk|google interview question|MIT|insects|bugs|scale|microscopic|nature|honey I shrunk the kids|enrico fermi|fermi questions|gecko|ants|fermi estimation questions|climb|strong|cockroach|claws|Geoffrey West|Carl Zimmer|Gale McDale,PT20M13S,9927223,228913,22918,2026-05-26 13:34:59,1213,2.5368,2025,2,Tuesday
mqo1lQL59VI,Veritasium,This Is The Perfect Bowling Strategy,2025-02-14 16:49:48+00:00,27,veritasium|science|physics|math|bowling|experiment|bowlingball|pins,PT2M6S,2741187,107570,879,2026-05-26 13:34:59,126,3.9563,2025,2,Friday
P_fHJIYENdI,Veritasium,AlphaFold - The Most Useful Thing AI Has Ever Done,2025-02-10 14:03:41+00:00,27,veritasium|science|physics|nobel prize|proteins|protein folding|deepmind|alphafold|LLM|neural network|AI|artificial intelligence|machine learning|john jumper|david baker|demis hassabis|3B1B|alphafold 2,PT24M52S,10624403,321703,12885,2026-05-26 13:34:59,1492,3.1492,2025,2,Monday
88bMVbx1dzM,Veritasium,Can You Keep Zooming In Infinitely?,2025-02-05 15:02:34+00:00,27,veritasium|science|physics,PT21M29S,26207745,416941,13439,2026-05-26 13:34:59,1289,1.6422,2025,2,Wednesday
Ni82f1-cAXg,Veritasium,Why Super Glue Is Perfect For Gluing Skin,2025-01-28 19:17:22+00:00,27,veritasium|science|physics|engineering|superglue|adhesive|sticky|strong glue|monomers|polymers|underwater|plastic|wood|metal|ceramic|gorilla glue|flex glue|loctite glue|cotton wool|medical superglue|wounds|Vietnam war,PT26M20S,16152070,277291,8895,2026-05-26 13:34:59,1580,1.7718,2025,1,Tuesday
H6q6pYZ9Fho,Veritasium,Why Is MIT Making Robot Insects?,2025-01-21 16:58:06+00:00,27,veritasium|science|physics|robots|engineering|microbots|mini-robots|machines|tech|jumping|insects|bugs|bees|flying robots|scale|microscopic|microrobots|spybots|nature|swarm|robobees,PT21M16S,9185718,142141,5665,2026-05-26 13:34:59,1276,1.6091,2025,1,Tuesday
Rdj5-6t6QI8,Veritasium,Why Don’t Railroads Need Expansion Joints?,2025-01-01 07:00:06+00:00,27,veritasium|science|physics|Robert Bunsen|metallurgy|Hans Goldschmidt|thermite reaction|how thermite works|thermite|chemistry|thermite welding|engineering|Railroad|rail|aluminothermic|liquid metal,PT27M20S,9938450,194852,6039,2026-05-26 13:34:59,1640,2.0214,2025,1,Wednesday
zaXKQ70q4KQ,Veritasium,The Man Who Took LSD and Changed The World,2024-12-26 14:11:09+00:00,27,veritasium|science|Biology|DNA|LSD|Kary Mullis|Biochemistry|PCR test|PCR|Cetus|pcr covid test|forensics|pcr procedure|steps of pcr|pcr primers|thermus aquaticus|southern blot test|DNA photocopier|nobel prize,PT33M40S,9912519,251651,10887,2026-05-26 13:34:59,2020,2.6485,2024,12,Thursday
rjXZzB5bUAo,Veritasium,"This Is the Oldest, Weirdest Instrument On Earth",2024-12-19 18:40:28+00:00,27,veritasium|science|physics|organs|cave organ|cavern organ|great stalacpipe organ|luray caverns|largest instrument in the world|stalactite|how do pipe organs work,PT11M15S,1995660,69132,2627,2026-05-26 13:34:59,675,3.5958,2024,12,Thursday
pgGrQjYcm5A,Veritasium,Explaining Pi With Pizza,2024-12-11 15:00:36+00:00,27,mathematics|science|veritasium|physics|pi,PT57S,19957756,1012327,14472,2026-05-26 13:34:59,57,5.1449,2024,12,Wednesday
IFaAjR_RRJs,Veritasium,34 Years Of Strandbeest Evolution,2024-12-07 00:58:14+00:00,27,Veritasium|science|engineering|strandbeest|strandbeesten|strandbeast|theo jansen|beach beasts|beach beast|wind beast,PT21M39S,9287730,180063,7628,2026-05-26 13:34:59,1299,2.0208,2024,12,Saturday
24GfgNtnjXc,Veritasium,What They (Probably) Don't Teach You About Rainbows At School,2024-12-01 11:19:12+00:00,27,Veritasium|physics|science|colours|rainbow|phenomena|light|prism|3blue1brown|sunglasses|polarization|nobel prize|raindrops|lasers|reflection|refraction|dispersion|snell’s law|Willebrord Snellius|electromagnetism|electromagnetic waves|refractive index|caustics|shimmering light|scattering|oscillations|frequency|circular rainbow|shadow|optical illusion|cloud chamber,PT27M11S,9643874,248524,11992,2026-05-26 13:34:59,1631,2.7014,2024,12,Sunday
NKG0pRwTC5A,Veritasium,How Dishwashers Actually Work,2024-11-24 20:22:23+00:00,27,veritasium|science|engineering|how dishwashers work|inside dishwasher,PT1M52S,1844493,54831,3002,2026-05-26 13:34:59,112,3.1354,2024,11,Sunday
zTDFhWWPZ4Q,Veritasium,What Actually Happened To Amelia Earhart?,2024-11-20 18:27:03+00:00,27,veritasium|science|physics|Veritasium|physics. science|aviation|aviation pioneer|Amelia Earhart Airplane|who was amelia earhart|amelia earhart and Eleanor Roosevelt|Eugene Luther Vidal|Fred Noonan|female aviator|aviator|celestial navigation|Lockheed Electra|Howland Island|dead reckoning|Heinrich Hertz|radio waves|Harry Manning|loop antenna,PT36M36S,14412784,249447,13618,2026-05-26 13:34:59,2196,1.8252,2024,11,Wednesday
0MX-5BDeEnA,Veritasium,The BEST way to tie your shoelaces,2024-11-16 15:01:57+00:00,27,veritasium|science|physics|knot theory explained,PT1M,5912444,204949,5281,2026-05-26 13:34:59,60,3.5557,2024,11,Saturday
2oDXbFcHliM,Veritasium,The Most Important Material Ever Made,2024-11-13 20:21:24+00:00,27,veritasium|science|physics|Veritasium|glass|gorilla glass|Corning|Angelo Barovier|Hans Janssen|Zacharias Jannsen|Antonie van Leeuwenhoek|Robert Hooke|Hans Lippershey|Galileo Galilei|thermal tempering|unbreakable glass|how to make glass|how was glass invented|what is glass|how glass is made,PT22M23S,9290478,220432,10554,2026-05-26 13:34:59,1343,2.4863,2024,11,Wednesday
zB_OApdxcno,Veritasium,"On These Math Problems, Smarter People Do Worse",2024-11-04 16:48:03+00:00,27,veritasium|science|physics|Veritasium|maths|politics|political identity|political beliefs|political ideology|heuristic thinking|democracy|Protective Cognition|political science|communication|Dan Kahan|cultural cognition|heuristics|numeracy|cognitive bias,PT14M35S,6014376,223278,17209,2026-05-26 13:34:59,875,3.9985,2024,11,Monday
Q10_srZ-pbs,Veritasium,The Closest We’ve Come to a Theory of Everything,2024-10-29 12:09:04+00:00,27,veritasium|science|physics|Veritasium|math|quantum mechanics|Johann Bernoulli|Isaac Newton|principle of least action|problem of fastest descent|Snell’s Law|Pierre Louis Maupertuis|Fermat’s principle|Leonhard Euler|Joseph-Louis Lagrange|Hamilton’s principle,PT32M44S,16941699,372588,14306,2026-05-26 13:34:59,1964,2.2837,2024,10,Tuesday
ORxKf1FN3ro,Veritasium,The real science of black holes,2024-10-16 15:05:39+00:00,27,,PT58S,32517860,0,16583,2026-05-26 13:34:59,58,0.051,2024,10,Wednesday
DJO_9auJhJQ,Veritasium,"We Might Find Alien Life In 1,796 Days",2024-10-11 18:25:50+00:00,27,veritasium|science|physics|space|europa clipper|nasa,PT17M55S,14985809,309614,11609,2026-05-26 13:34:59,1075,2.1435,2024,10,Friday
cUBz04LlLVk,Veritasium,"People said this experiment was impossible, so I tried it - Thermite Part 1",2024-10-05 17:27:38+00:00,27,Science|veritasium|robert bunsen|metallurgy|hans goldschmidt|thermite reaction|how thermite works|thermite|chemistry,PT34M49S,9563360,231809,9444,2026-05-26 13:34:59,2089,2.5227,2024,10,Saturday
w5ebcowAJD8,Veritasium,I built a QR code with my bare hands to see how it works,2024-09-30 18:51:21+00:00,28,QR codes|History of QR codes|history of communication|morse code|samuel morse|bernard silver|how QR codes work|barcodes|vericode|Masahiro Hara|Bernard Silver|history of information|Lagrange polynomial|veritasium|math|science|quick-response code|universal product code|Norman Joseph Woodland|reed solomon codes,PT35M13S,9553616,273519,11893,2026-05-26 13:34:59,2113,2.9875,2024,9,Monday
wVyu7NB7W6Y,Veritasium,Exposing The Flaw In Our Phone System,2024-09-21 23:10:47+00:00,28,veritasium|spyware|pegasus|malware|pegasus spyware|phone privacy|phone security|phone hacking|hacking|government surveillance|hacker|online privacy|darkweb|SS7|Signalling System 7|SS7 attack|location tracking|NSO Group|data privacy|mobile phone security|iphone security|smartphone security|cyber security|science,PT31M55S,10785440,365063,14382,2026-05-26 13:34:59,1915,3.5181,2024,9,Saturday
vjDYfvPW4mA,Veritasium,What Everyone Gets Wrong About Planes,2024-08-31 23:50:38+00:00,27,veritasium|science|physics|planes|fear of flying|airplane myths|aviation|airplanes|airplanes explained|how airplanes fly|how airplanes work|air travel|myths about flying|airplane facts|airplane mode|engineering|facts about planes,PT18M49S,15608218,302682,10501,2026-05-26 13:34:59,1129,2.0065,2024,8,Saturday
qf7ws2DF-zk,Veritasium,Why Democracy Is Mathematically Impossible,2024-08-27 21:04:56+00:00,27,veritasium|science|mathematics|2024 election|democracy|voting|election theory|voters|political science|democracy explained|does democracy work,PT23M34S,9235568,313809,23146,2026-05-26 13:34:59,1414,3.6484,2024,8,Tuesday
nhW0FLEqUkk,Veritasium,What Do You Hear?,2024-08-16 20:38:04+00:00,27,science|veritasium|audioillusion|soundillusion,PT1M,7389307,369079,11818,2026-05-26 13:35:00,60,5.1547,2024,8,Friday
Sn07AMCfaAI,Veritasium,These Illusions Fool Almost Everyone,2024-08-14 17:05:19+00:00,27,veritasium|science|physics|Audio Illusions|sound illusions|sound illusion examples|Veritasium|auditory illusions|binaural|shepard tone|shepard tone illusion|Phantom word illusion|The McGurk effect|Yanny or Laurel|3d audio|holophonic sound|binaural beats,PT24M55S,5296934,158129,20578,2026-05-26 13:35:00,1495,3.3738,2024,8,Wednesday
eLVAMG_3fLg,Veritasium,The Real Reason Robots Shouldn’t Look Like Humans | Supercut,2024-07-31 18:55:46+00:00,27,veritasium|science|physics|Veritasium|engineering|robots|machines|tech|vine|jumping|soft robots|Brilliant|robotics,PT1H27M20S,5910398,96824,4367,2026-05-26 13:35:00,5240,1.7121,2024,7,Wednesday
v4r71kEdYME,Veritasium,Why People Prefer More Pain,2024-06-25 20:23:20+00:00,27,veritasium|science|physics|Biology|psychology|Pain|experiment|pain tolerance|Daniel Kahneman|Barbara Fredrickson|endorphins|masochism|pain and pleasure|duration neglect|creating memories,PT17M3S,4788075,177231,8157,2026-05-26 13:35:00,1023,3.8719,2024,6,Tuesday
nfAqTSjMBJk,Veritasium,What Jumping Spiders Teach Us About Color,2024-05-30 19:24:55+00:00,27,veritasium|science|physics|biology|color|jumping spiders,PT32M37S,4826273,144319,9155,2026-05-26 13:35:00,1957,3.18,2024,5,Thursday
WKvAsz3RoRE,Veritasium,This phone trick is IMPOSSIBLE,2024-05-17 15:39:46+00:00,27,science|science shorts|science experiments|smartphones|physics|veritasium,PT25S,7461777,198877,5859,2026-05-26 13:35:00,25,2.7438,2024,5,Friday
Zce-V0YVzeI,Veritasium,The Terrifying Real Science Of Avalanches,2024-05-03 16:12:18+00:00,27,veritasium|science|physics|avalanches|survival|snow|explosives|danger|skiing|mountains,PT25M4S,4257041,116304,3362,2026-05-26 13:35:00,1504,2.811,2024,5,Friday
6akmv1bsz1M,Veritasium,Something Strange Happens When You Follow Einstein's Math,2024-04-30 06:16:58+00:00,27,veritasium|science|physics|general relativity|einstein|astrophysics|black holes explained|white holes explained|black holes|relativity,PT37M3S,33750729,570315,27495,2026-05-26 13:35:00,2223,1.7713,2024,4,Tuesday
8fNFd2Xswjs,Veritasium,The most dangerous problem in math,2024-04-24 15:44:56+00:00,27,veritasium|math|mathematics|collatz conjecture|Ulam conjecture|Kakutani's problem|Thwaites conjecture|3n+1,PT1M,17285377,700965,11025,2026-05-26 13:35:00,60,4.119,2024,4,Wednesday
scliyWrN7mk,Veritasium,How bikes *actually* work,2024-04-17 16:20:50+00:00,27,science shorts|veritasium|experiments|bikes|bicycles,PT1M,15145203,661113,4383,2026-05-26 13:35:00,60,4.3941,2024,4,Wednesday
2FLqOI9jw-E,Veritasium,"I call this the 'No, You Don't' Law",2024-04-10 17:11:15+00:00,27,veritasium|science|physics|electromagnetism|magnets|lenz's law,PT58S,43623906,1808691,7806,2026-05-26 13:35:00,58,4.164,2024,4,Wednesday
sE-RUu9ClsU,Veritasium,Congress is about to make a huge mistake for astronomy #SaveChandra,2024-04-04 20:28:58+00:00,27,savechandra|astronomy|veritasium,PT1M,22814450,1228689,39200,2026-05-26 13:35:00,60,5.5574,2024,4,Thursday
d6iQrh2TK98,Veritasium,Why is this number everywhere?,2024-03-28 18:48:10+00:00,27,science|randomness and probability|37|numbers,PT23M51S,11809757,302285,35555,2026-05-26 13:35:00,1431,2.8607,2024,3,Thursday
Tt6WQYtefXA,Veritasium,How Japanese Masters Turn Sand Into Swords,2024-03-21 20:56:45+00:00,27,veritasium|science|physics|katanas|japanese swords|sword making|samurai swords,PT25M27S,21598873,410308,11607,2026-05-26 13:35:00,1527,1.9534,2024,3,Thursday
dAik8EeDyEI,Veritasium,I buried myself in concrete to explain how it works,2024-03-13 17:47:21+00:00,27,veritasium|science|physics|experiments|concrete,PT59S,6749367,209921,2185,2026-05-26 13:35:00,59,3.1426,2024,3,Wednesday
Zrv1EDIqHkY,Veritasium,The Oldest Unsolved Problem in Math,2024-03-08 00:36:07+00:00,27,science|physics|veritasium,PT31M33S,20833350,376151,21522,2026-05-26 13:35:00,1893,1.9088,2024,3,Friday
A5w-dEgIU1M,Veritasium,The Equation That Beat Wall Street,2024-02-27 15:46:59+00:00,27,veritasium|science|physics|equation|Jim Simons investment strategy|Medallion Fund returns|Isaac Newton stock investment|South Sea Company bubble|options trading history|Black-scholes|merton equation|trillionaires|wall street|stock market|stock brokers|probability|mathematics|personal finance|the man who solved the market|investments|financial history|quantitative finance|financial management,PT30M11S,17045415,350257,10363,2026-05-26 13:35:00,1811,2.1156,2024,2,Tuesday
ov_7HT8bbX4,Veritasium,World's strongest magnet!,2024-02-21 17:22:53+00:00,27,veritasium|science|physics|magnets|engineering|strongest magnet|electric current|levitation|magnetic field|earth's field|experiment|platform|technology|innovation|research|discovery|electromagnetism,PT55S,17886454,698333,3871,2026-05-26 13:35:00,55,3.9259,2024,2,Wednesday
AF8d72mA41M,Veritasium,Why It Was Almost Impossible to Make the Blue LED,2024-02-08 16:12:09+00:00,27,veritasium|science|physics|leds|blue leds|nakamura|invention|discovery|almost impossible|impossible|lighting|technology,PT33M45S,49630511,1023061,33560,2026-05-26 13:35:00,2025,2.129,2024,2,Thursday
QAWnEVa9vmw,Veritasium,I waterproofed myself with aerogel!,2024-02-01 14:58:13+00:00,27,veritasium|science|physics,PT59S,62941233,2605676,20580,2026-05-26 13:35:00,59,4.1726,2024,2,Thursday
lGJEihgN4OU,Veritasium,The Rainiest Place On Earth,2024-01-26 17:50:45+00:00,27,Veritasium|science|physics|japan|simulator|experiment|monsoon|rainfall|natural disasters|japanese disasters|disaster prevention|landslides|emergency prevention|rainiest place on earth,PT15M2S,8060129,138119,3770,2026-05-26 13:35:00,902,1.7604,2024,1,Friday
fG8SwAFQFuU,Veritasium,Do people understand the scale of the universe?,2024-01-15 21:02:07+00:00,27,Veritasium|science|physics|universe|planets|scale of the universe|understanding the universe|size of the universe|universe scale|universe infographic|how big is the milky way|how big is the universe,PT15M11S,7532862,259171,44576,2026-05-26 13:35:00,911,4.0323,2024,1,Monday
mScpHTIi-kM,Veritasium,This game theory problem will change the way you see the world,2023-12-23 17:00:08+00:00,27,science|physics|Veritasium|game theory|prisoner's dilemma|cooperation strategy|nuclear conflict|Tit for Tat strategy|evolutionary game theory|strategic decision making|conflict resolution,PT27M19S,23827137,802302,24520,2026-05-26 13:35:00,1639,3.4701,2023,12,Saturday
Q51-gLL_MRM,Veritasium,How To Earthquake-Proof A House,2023-12-19 15:16:53+00:00,27,veritasium|science|physics|Veritasium|japan|earthquakes|tsunami|simulator|earthquake simulation|robotics|japanese technology|natural disasters|education,PT19M3S,2351543,78970,2080,2026-05-26 13:35:00,1143,3.4467,2023,12,Tuesday
FUHkTs-Ipfg,Veritasium,The SAT Question Everyone Got Wrong,2023-11-30 14:13:48+00:00,27,veritasium|science|physics,PT18M25S,18179542,416403,24325,2026-05-26 13:35:00,1105,2.4243,2023,11,Thursday
RQYuyHNLPTQ,Veritasium,The Surprising Genius of Sewing Machines,2023-11-22 21:47:40+00:00,27,Veritasium|science|physics|sewing machines|sewing|machines|machinery|how it works|mechanics|explained|explainer|engineering|invention,PT18M43S,14846175,310755,7704,2026-05-26 13:35:00,1123,2.1451,2023,11,Wednesday
vSQjk9jKarg,Veritasium,What is the secret of a good life? Lessons from the longest study on happiness,2023-11-15 22:36:01+00:00,27,veritasium|science|physics,PT23M26S,6777123,224357,12451,2026-05-26 13:35:00,1406,3.4942,2023,11,Wednesday
UAeJHAFjwPM,Veritasium,How Do Night Vision Goggles Work?,2023-11-04 13:00:31+00:00,27,veritasium|science|physics|night vision|night vision goggles|navy|us navy|goggles|night vision tech,PT27M16S,8039041,207990,6131,2026-05-26 13:35:00,1636,2.6635,2023,11,Saturday
czjisEGe5Cw,Veritasium,The Problem With Science Communication,2023-10-31 23:00:20+00:00,27,veritasium|science|physics,PT16M34S,3465783,120990,4525,2026-05-26 13:35:00,994,3.6215,2023,10,Tuesday
lFlu60qs7_4,Veritasium,How One Line in the Oldest Math Text Hinted at Hidden Universes,2023-10-21 16:31:35+00:00,27,veritasium|science|physics,PT31M12S,17537970,328612,13089,2026-05-26 13:35:00,1872,1.9483,2023,10,Saturday
QQkmJI63ykI,Veritasium,The Man Who Killed Millions and Saved Billions (Clean Version),2023-10-07 17:45:44+00:00,27,veritasium|science|physics,PT20M44S,10299025,183974,5221,2026-05-26 13:35:00,1244,1.837,2023,10,Saturday
Is2Lip1cJUc,Veritasium,Pushing The Limits Of Extreme Breath-Holding,2023-09-30 16:39:15+00:00,27,veritasium|science|physics|Veritasium|breathing|world record|holding breath|wim hof|brandon birchak|how to hold your breath|how to breathe better|world record breath|psychology,PT18M39S,3942101,124328,4737,2026-05-26 13:35:00,1119,3.274,2023,9,Saturday
ILgSesWMUEI,Veritasium,How Humanity Almost Destroyed Itself,2023-09-11 17:41:27+00:00,27,veritasium|science|physics|Veritasium|chemistry|war|bombs|atom bombs|hydrogen bomb|accident|cold war|disaster|fallout|nuclear war|Vasili Arkhipov. Cuban missile crisis,PT16M46S,4633043,137493,4858,2026-05-26 13:35:00,1006,3.0725,2023,9,Monday
8DBhTXM_Br4,Veritasium,The Insane Math Of Knot Theory,2023-09-03 13:54:14+00:00,27,veritasium|science|physics,PT35M21S,10289196,227518,10051,2026-05-26 13:35:00,2121,2.3089,2023,9,Sunday
ZjBgEkbnX2I,Veritasium,Why Airships Might Make A Comeback,2023-08-31 14:59:55+00:00,27,veritasium|science|physics|airships|blimps|blimp|airship|Veritasium|Science|Education|Physics|Chemistry|Airships|Hindenburg|Transport|Travel|Blimps|Hydrogen ships|Hydrogen,PT21M27S,5396048,147270,12640,2026-05-26 13:35:00,1287,2.9635,2023,8,Thursday
FkKPsLxgpuY,Veritasium,I took an IQ test to explain what's wrong with them,2023-08-03 16:49:08+00:00,27,veritasium|science|physics,PT34M29S,12490244,317388,29360,2026-05-26 13:35:00,2069,2.7762,2023,8,Thursday
Xzv84ZdtlE0,Veritasium,The Man Who Gave us the Power To Destroy Ourselves (Oppenheimer),2023-07-18 23:28:16+00:00,27,veritasium|science|physics,PT32M52S,18947085,457774,16477,2026-05-26 13:35:00,1972,2.503,2023,7,Tuesday
lfkjm2YRG-Q,Veritasium,The Hidden Science of Fireworks,2023-07-07 17:43:14+00:00,27,veritasium|science|physics,PT31M11S,7017827,184850,5835,2026-05-26 13:35:00,1871,2.7172,2023,7,Friday
DxL2HoqLbyA,Veritasium,The Most Misunderstood Concept in Physics,2023-07-01 16:08:04+00:00,27,veritasium|science|physics,PT27M15S,28898318,707044,26540,2026-05-26 13:35:00,1635,2.5385,2023,7,Saturday
6bgNm9l_3qU,Veritasium,I Vacuum Venom from the World's Deadliest Spider,2023-06-21 14:01:56+00:00,27,veritasium|science|physics,PT9M1S,2844984,96388,3296,2026-05-26 13:35:00,541,3.5039,2023,6,Wednesday
tRaq4aYPzCc,Veritasium,What happens if you just keep squaring?,2023-06-06 13:43:15+00:00,27,veritasium|science|physics,PT33M6S,10004847,226778,12628,2026-05-26 13:35:00,1986,2.3929,2023,6,Tuesday
ZMQbHMgK2rw,Veritasium,The Fastest Maze-Solving Competition On Earth,2023-05-24 17:39:57+00:00,27,veritasium|science|physics,PT25M22S,23994943,401464,8220,2026-05-26 13:35:00,1522,1.7074,2023,5,Wednesday
FU_YFpfDqqA,Veritasium,Why The First Computers Were Made Out Of Light Bulbs,2023-05-13 14:06:52+00:00,27,veritasium|science|physics|Edison effect|John Fleming|triode invention|Lee de Forest|electronic signal amplification|Boolean algebra|digital computing history|George Stibitz|ENIAC computer|computers|technology,PT18M56S,8312163,242831,7804,2026-05-26 13:35:00,1136,3.0153,2023,5,Saturday
vSNtifE0Z2Q,Veritasium,How NASA Reinvented The Wheel,2023-04-29 15:48:36+00:00,27,veritasium|science|physics,PT25M34S,17579821,257725,8122,2026-05-26 13:35:00,1534,1.5122,2023,4,Saturday
rWVAzS5duAs,Veritasium,Can you float in concrete?,2023-04-14 17:24:46+00:00,27,science|physics,PT24M3S,13784835,297193,11556,2026-05-26 13:35:00,1443,2.2398,2023,4,Friday
w7yFikRD_iQ,Veritasium,The illusion only some can see,2023-04-02 01:41:19+00:00,27,veritasium|science|physics,PT1M,3001359,168056,1767,2026-05-26 13:35:00,60,5.6582,2023,4,Sunday
-UrdExQW0cs,Veritasium,What makes quantum computers SO powerful?,2023-03-20 18:42:22+00:00,27,veritasium|science|physics|quantum computing|willow|google,PT24M29S,13078613,358454,11611,2026-05-26 13:35:00,1469,2.8295,2023,3,Monday
g0amdIcZt5I,Veritasium,World's Strongest Magnet!,2023-03-14 16:59:41+00:00,27,veritasium|science|physics,PT23M5S,16174350,228429,7812,2026-05-26 13:35:00,1385,1.4606,2023,3,Tuesday
LCQu8EXiDAA,Veritasium,The Damaged Chernobyl Reactor,2023-03-07 19:07:32+00:00,27,veritasium|science|physics,PT1M,8874988,430810,10379,2026-05-26 13:35:00,60,4.9712,2023,3,Tuesday
LY6xeFpBeMQ,Veritasium,Microwaving grapes makes plasma,2023-02-25 17:39:47+00:00,27,veritasium|science|physics,PT1M,1518920,64915,784,2026-05-26 13:35:00,60,4.3254,2023,2,Saturday
uDeQB9OkoXY,Veritasium,World's Roundest Object,2023-02-19 20:44:41+00:00,27,veritasium|science|physics,PT34S,26220030,882063,9949,2026-05-26 13:35:01,34,3.402,2023,2,Sunday
XeSu9fBJ2sI,Veritasium,The Most Controversial Problem in Philosophy,2023-02-11 17:58:50+00:00,27,veritasium|science|physics,PT10M19S,5839147,332391,32881,2026-05-26 13:35:01,619,6.2556,2023,2,Saturday
Ko02mUWhItA,Veritasium,Raindrops aren't shaped like raindrops,2023-02-03 19:24:54+00:00,27,veritasium|science|physics,PT50S,14347043,733720,4122,2026-05-26 13:35:01,50,5.1428,2023,2,Friday
rmxh8Nty_eo,Veritasium,The stickiest *non-sticky* material,2023-01-28 16:22:59+00:00,27,veritasium|science|physics,PT23S,9246474,326702,2831,2026-05-26 13:35:01,23,3.5639,2023,1,Saturday
vS0TuIPoeBs,Veritasium,The Stickiest *Non-Sticky* Substance,2023-01-23 16:47:09+00:00,27,veritasium|science|physics,PT13M19S,7771855,189111,6394,2026-05-26 13:35:01,799,2.5156,2023,1,Monday
Tmy7VYhZEKQ,Veritasium,The ring on a chain trick,2023-01-18 21:12:01+00:00,27,veritasium|science|physics,PT48S,4547876,117759,1876,2026-05-26 13:35:01,48,2.6306,2023,1,Wednesday
n8WxkqMRgS4,Veritasium,Falling ladders - why does this happen?,2023-01-12 17:24:24+00:00,27,veritasium|science|physics,PT28S,51961741,1447712,49025,2026-05-26 13:35:01,28,2.8805,2023,1,Thursday
P_MSlxczd94,Veritasium,Indestructible coating?!,2022-12-31 16:32:25+00:00,27,veritasium|science|physics,PT51S,11858901,483356,7137,2026-05-26 13:35:01,51,4.1361,2022,12,Saturday
TILjzuBGkRc,Veritasium,The Science Behind Dogs' Incredible Sense Of Smell,2022-12-24 21:10:10+00:00,27,veritasium|physics|smart plug for lights|smart outdoor lighting|smart light switches|smart light starter kit|smart lighting|smart shades|smart window shades|smart roller shades|smart blackout shades|smart home shades,PT21M48S,7078652,151024,5711,2026-05-26 13:35:01,1308,2.2142,2022,12,Saturday
J_n1FZaKzF8,Veritasium,The US Military's Worst Idea,2022-12-21 17:56:57+00:00,27,veritasium|science|physics,PT24M39S,15771150,348606,30405,2026-05-26 13:35:01,1479,2.4032,2022,12,Wednesday
pXoZQsZP2PY,Veritasium,How To Measure The Tiniest Forces In The Universe,2022-12-12 15:53:57+00:00,27,veritasium|science|physics,PT15M34S,7733240,193469,5176,2026-05-26 13:35:01,934,2.5687,2022,12,Monday
pir_muTzYM8,Veritasium,Inside The Navy's Indoor Ocean,2022-12-01 14:00:31+00:00,27,veritasium|science|physics,PT20M25S,43188491,447967,8585,2026-05-26 13:35:01,1225,1.0571,2022,12,Thursday
QiVgJPVKRGI,Veritasium,What’s in a candle flame?,2022-11-23 20:12:06+00:00,27,veritasium|science|physics,PT46S,1701436,108350,826,2026-05-26 13:35:01,46,6.4167,2022,11,Wednesday
esQyYGezS7c,Veritasium,The world depends on a collection of strange items. They're not cheap,2022-11-19 14:00:24+00:00,27,veritasium|science|physics,PT18M32S,12481070,252230,10726,2026-05-26 13:35:01,1112,2.1068,2022,11,Saturday
evUfG3lrk5U,Veritasium,What if a star explodes near Earth?,2022-11-15 14:00:19+00:00,27,veritasium|science|physics,PT19M26S,13328351,246882,9224,2026-05-26 13:35:01,1166,1.9215,2022,11,Tuesday
nmgFG7PUHfo,Veritasium,The Most Important Algorithm Of All Time,2022-11-03 12:52:34+00:00,27,veritasium|science|physics,PT26M33S,10434852,300511,7799,2026-05-26 13:35:01,1593,2.9546,2022,11,Thursday
NdWFCygzr8k,Veritasium,Why do we launch rockets from Florida?,2022-10-06 01:05:05+00:00,27,veritasium|science|physics,PT1M,4397977,205575,3509,2026-05-26 13:35:01,60,4.7541,2022,10,Thursday
16Ci_2bN_zc,Veritasium,How Dangerous is a Penny Dropped From a Skyscraper?,2022-10-01 15:00:11+00:00,27,veritasium|science|physics,PT22M41S,19695620,353892,13621,2026-05-26 13:35:01,1361,1.866,2022,10,Saturday
daaDuC1kbds,Veritasium,World's Highest Jumping Robot,2022-08-31 13:00:16+00:00,27,veritasium|science|physics,PT13M16S,14264032,179691,5707,2026-05-26 13:35:01,796,1.2998,2022,8,Wednesday
5eW6Eagr9XA,Veritasium,The Expert Myth,2022-08-02 16:51:13+00:00,27,veritasium|science|physics,PT17M59S,15673655,630536,14579,2026-05-26 13:35:01,1079,4.1159,2022,8,Tuesday
EvknN89JoWo,Veritasium,The Man Who Killed Millions and Saved Billions,2022-07-22 17:03:09+00:00,27,veritasium|science|physics,PT22M35S,15522311,565714,20193,2026-05-26 13:35:01,1355,3.7746,2022,7,Friday
iSNsgj1OCLA,Veritasium,The Riddle That Seems Impossible Even If You Know The Answer,2022-06-30 12:20:58+00:00,27,veritasium|science|physics,PT17M45S,18603156,484614,39710,2026-05-26 13:35:01,1065,2.8185,2022,6,Thursday
6etTERFUlUI,Veritasium,The Absurd Search For Dark Matter,2022-06-02 12:06:02+00:00,27,veritasium|science|physics,PT16M32S,11024884,288134,15478,2026-05-26 13:35:01,992,2.7539,2022,6,Thursday
Q1bSDnuIPbo,Veritasium,How did they actually take this picture? (Very Long Baseline Interferometry),2022-05-12 14:52:13+00:00,27,veritasium|science|physics,PT19M47S,7918566,230470,10199,2026-05-26 13:35:01,1187,3.0393,2022,5,Thursday
oI_X2cMHNe0,Veritasium,How Electricity Actually Works,2022-04-29 13:59:54+00:00,27,veritasium|science|physics|circuits|electricity|light bulb,PT24M31S,12327121,381551,24687,2026-05-26 13:35:01,1471,3.2955,2022,4,Friday
IV3dnLzthDA,Veritasium,The Man Who Accidentally Killed The Most People In History,2022-04-22 15:37:40+00:00,27,veritasium|science|physics,PT24M57S,42488739,937741,46487,2026-05-26 13:35:01,1497,2.3164,2022,4,Friday
7ziWrneMYss,Veritasium,How Horses Save Humans From Snakebites,2022-03-22 11:55:53+00:00,27,veritasium|science|physics,PT16M6S,15230344,231539,8136,2026-05-26 13:35:01,966,1.5737,2022,3,Tuesday
GVsUOuSjvcg,Veritasium,Future Computers Will Be Radically Different (Analog Computing),2022-03-01 11:37:38+00:00,27,veritasium|science|physics,PT21M42S,12930972,364364,14153,2026-05-26 13:35:01,1302,2.9272,2022,3,Tuesday
IgF3OX8nT0w,Veritasium,The Most Powerful Computers You've Never Heard Of,2021-12-21 19:32:53+00:00,27,veritasium|science|physics,PT20M13S,12991299,380570,10627,2026-05-26 13:35:01,1213,3.0112,2021,12,Tuesday
ao2Jfm35XeE,Veritasium,The Snowflake Myth,2021-12-01 07:35:28+00:00,27,veritasium|science|physics,PT18M49S,10473987,320779,11302,2026-05-26 13:35:01,1129,3.1705,2021,12,Wednesday
9cNmUNHSBac,Veritasium,Most People Don't Know How Bikes Work,2021-11-28 15:00:07+00:00,27,veritasium|science|physics,PT11M22S,24205462,548174,24777,2026-05-26 13:35:01,682,2.367,2021,11,Sunday
bHIhgxav9LY,Veritasium,The Biggest Misconception About Electricity,2021-11-19 18:26:03+00:00,27,veritasium|science|physics|circuit|energy|wires|light|bulb|riddle|Lutron|Lutron Smart Switches|Smart Switches|Caseta|Caseta by Lutron|Caseta Smart Switches|Smart Dimmer Switch|Alexa Enabled Light Switches|Google Enabled Light Switches,PT14M48S,27485011,724514,83753,2026-05-26 13:35:01,888,2.9408,2021,11,Friday
cUzklzVXJwo,Veritasium,How Imaginary Numbers Were Invented,2021-11-01 06:54:16+00:00,27,veritasium|science|physics,PT23M29S,22128272,711152,26269,2026-05-26 13:35:01,1409,3.3325,2021,11,Monday
q-_7y0WUnW4,Veritasium,I Rented A Helicopter To Settle A Physics Debate,2021-10-27 14:00:34+00:00,27,veritasium|science|physics|helicopter|rope|riddle|exam|question|cable|uniform|flying|weight|parachute,PT12M59S,8152508,267581,15096,2026-05-26 13:35:01,779,3.4674,2021,10,Wednesday
H1_OpWiyijU,Veritasium,"A Robot That Walks, Flies, Skateboards, Slacklines",2021-10-16 14:03:41+00:00,27,veritasium|science|physics|robot|wordpress|wordpress website|wordpress website builder|website builder,PT10M47S,3827374,107000,7478,2026-05-26 13:35:01,647,2.991,2021,10,Saturday
KT18KJouHWg,Veritasium,How They Caught The Golden State Killer,2021-09-30 16:20:07+00:00,27,veritasium|science|golden state killer|east area rapist|original night stalker|dna|genetics|forensic genealogy|gedmatch,PT27M12S,9929826,315104,22495,2026-05-26 13:35:01,1632,3.3998,2021,9,Thursday
aFPJf-wKTd0,Veritasium,How Hidden Technology Transformed Bowling,2021-09-25 12:02:22+00:00,27,veritasium|physics|bowling|bowling ball|weight block|lane|pins|customer service|self-service|help desk|data visualization|lead generation|sales tools|enterprise sales|sales management|customer experience|small business marketing|crm for small business|Customer engagement|sales crm|customer service automation|client relationship management software,PT28M1S,18900004,291659,9613,2026-05-26 13:35:01,1681,1.594,2021,9,Saturday
f-Nr2z5X7Rs,Veritasium,Why Scorpions Glow in the Dark,2021-09-03 15:11:48+00:00,27,"veritasium|science|physics|scorpions|fluorescent|platypus|CapitalOne|Capital One|Capital One Shopping|shopping|coupon|coupons|coupon codes|price comparison|Capital One Shopping Rewards|honey deals and promotions|coupon browser extension|best buy promo code|free discount codes|discounts coupons com|honey extension apple
online coupons|capital one shopping|coupons for chewy|codes for coupons",PT9M31S,2286712,99516,3685,2026-05-26 13:35:01,571,4.5131,2021,9,Friday
AaZ_RSt0KP8,Veritasium,The Universe is Hostile to Computers,2021-08-31 16:51:31+00:00,27,veritasium|science|physics,PT23M3S,25719236,711580,35405,2026-05-26 13:35:01,1383,2.9044,2021,8,Tuesday
S2xHZPH5Sng,Veritasium,Clickbait is Unreasonably Effective,2021-08-17 11:38:34+00:00,27,veritasium|science|physics,PT19M25S,8276974,370624,23461,2026-05-26 13:35:01,1165,4.7612,2021,8,Tuesday
kz165f1g8-E,Veritasium,The Genius of 3D Printed Rockets,2021-08-12 15:23:23+00:00,27,veritasium|science|physics,PT19M58S,13109500,221999,12962,2026-05-26 13:35:01,1198,1.7923,2021,8,Thursday
094y1Z2wpJg,Veritasium,The Simplest Math Problem No One Can Solve - Collatz Conjecture,2021-07-30 14:16:19+00:00,27,veritasium|science|physics,PT22M9S,45781007,942034,81355,2026-05-26 13:35:01,1329,2.2354,2021,7,Friday
yjztvddhZmI,Veritasium,Why You Should Want Driverless Cars On Roads Now,2021-07-23 13:45:20+00:00,27,veritasium|driverless|self-driving|autonomous|car|cars|vehicles|Waymo|drive|ride|safe|safety|moral dilemma,PT18M8S,3526140,173335,29493,2026-05-26 13:35:01,1088,5.7521,2021,7,Friday
k5s1cMNTmGs,Veritasium,How a slinky falls in slow motion #shorts,2021-07-19 20:48:32+00:00,27,veritasium|science|physics,PT42S,36549893,1558856,10814,2026-05-26 13:35:01,42,4.2946,2021,7,Monday
rhgwIhB58PA,Veritasium,The Biggest Myth In Education,2021-07-09 14:27:22+00:00,27,veritasium|science|physics,PT14M27S,15362384,544988,37060,2026-05-26 13:35:01,867,3.7888,2021,7,Friday
yCsgoLc_fzI,Veritasium,"A Physics Prof Bet Me $10,000 I'm Wrong",2021-06-30 18:31:01+00:00,27,veritasium|science|physics,PT17M56S,23076540,619715,58729,2026-05-26 13:35:01,1076,2.94,2021,6,Wednesday
w4sLAQvEH-M,Veritasium,The Longest-Running Evolution Experiment,2021-06-16 15:36:29+00:00,27,veritasium|science|evolution|lab|lenski|bacteria|evolve|genes|selection|natural|Darwin,PT17M17S,6929259,293698,29709,2026-05-26 13:35:01,1037,4.6673,2021,6,Wednesday
jyQwgBAaBag,Veritasium,Risking My Life To Settle A Physics Debate,2021-05-29 16:14:37+00:00,27,veritasium|science|physics,PT21M38S,12254493,368347,46522,2026-05-26 13:35:01,1298,3.3854,2021,5,Saturday
HeQX2HjkcNo,Veritasium,Math's Fundamental Flaw,2021-05-22 14:23:50+00:00,27,veritasium|science|physics,PT34M,30395921,758026,50277,2026-05-26 13:35:01,2040,2.6592,2021,5,Saturday
OxGsU8oIWjY,Veritasium,How An Infinite Hotel Ran Out Of Room,2021-05-10 16:02:12+00:00,27,veritasium|science|physics,PT6M7S,36839608,993971,82414,2026-05-26 13:35:01,367,2.9218,2021,5,Monday
3CRBW-0PuqA,Ken Jee,"""Radicalized"" About AI.",2026-01-05 13:00:13+00:00,28,Ken Jee|AI disruption|AI|AI Jobs|artificial intelligence|ai survival guide|ai bubble|ai agents|ai news,PT10M5S,4790,115,59,2026-05-26 13:35:05,605,3.6326,2026,1,Monday
KZnmtGMCbH8,Ken Jee,AI Will Take My Job. Here's 5 Things I'm Doing About It,2025-12-18 16:33:17+00:00,28,Ken Jee|Ai disruption|ai|saas|software company|entrepreneurship|building a software company|building with ai|coding with Ai|why I'm building a saas|AI takeover|what to do about ai|AI and Jobs|AI Jobs|Will AI Take my job,PT13M26S,2330,92,20,2026-05-26 13:35:05,806,4.8069,2025,12,Thursday
uokE-FiDUVw,Ken Jee,How I Built a Profitable AI Product in 43 Days,2025-11-28 11:01:50+00:00,28,Data Science|Ken Jee|Machine Learning|AI|Building a saas|Coding with AI|AI Survival Guide|Using AI|AI Disruption|Entrepreneurship,PT10M29S,1507,71,14,2026-05-26 13:35:05,629,5.6403,2025,11,Friday
S2Cm5ogG3Ps,Ken Jee,Why I’m Building a SaaS (before AI takes over),2025-11-10 12:00:54+00:00,28,Ken Jee|Ai disruption|golden window|ai|saas|software company|entrepreneurship|building a software company|building with ai|coding with Ai|why I'm building a saas|AI takeover|what to do about ai,PT7M20S,3096,163,51,2026-05-26 13:35:05,440,6.9121,2025,11,Monday
lqOrULJvYXg,Ken Jee,So You Think You Can ANALYZE? (Data Content Creator Hackathon),2024-09-21 15:46:36+00:00,28,Data Science|Ken Jee|Machine Learning|Sports Analytics|data scientist|data science journey|data science 2023|data hackathon|alex the analyst|tina huang|avery smith|so you think you can analyze|data content creators|data competition|kaggle|posit|shiny for python|python,PT34M21S,44141,1540,98,2026-05-26 13:35:05,2061,3.7108,2024,9,Saturday
Hyhfa7z0jTk,Ken Jee,How Does ChatGPT Image Analysis Do on an IQ Test?,2023-11-30 12:00:22+00:00,28,Data Science|Ken Jee|Machine Learning|data scientist|data science journey|data science 2023|chatgpt|iq|what is chatgpts iq|chat gpt|open ai|what is chatgpt|chatgpt images,PT6M50S,4963,101,22,2026-05-26 13:35:05,410,2.4783,2023,11,Thursday
M1I5HlzQges,Ken Jee,The Death of the Full-Time Job,2023-09-22 11:46:35+00:00,28,Data Science|Ken Jee|Machine Learning|jobs|career|contracting|tech layoffs|tech jobs|tech|full time job vs contract position|contract vs full time,PT7M9S,6938,430,77,2026-05-26 13:35:05,429,7.3076,2023,9,Friday
T_-0l0ORi5I,Ken Jee,How to Survive a Down Data Job Market,2023-09-05 10:50:39+00:00,28,Data Science|Ken Jee|data scientist|data science journey|data science 2023|data jobs|data engineer|data analyst|data job market|recession|survival guide|data science dead|tech|layoffs,PT9M56S,18411,615,64,2026-05-26 13:35:05,596,3.688,2023,9,Tuesday
w13zJB_jyBI,Ken Jee,The Harsh Reality of the Data Job Market,2023-08-24 11:30:19+00:00,28,Data Science|Ken Jee|data scientist|data science journey|data science 2023|data engineer|data jobs|data analyst|job market|jobs,PT6M43S,110144,2606,283,2026-05-26 13:35:05,403,2.6229,2023,8,Thursday
oZ9rMrqyTbI,Ken Jee,7 Industries AI will Aggressively Disrupt,2023-08-14 11:30:19+00:00,28,Data Science|Ken Jee|Machine Learning|ai|ai jobs|jobs ai will end|industries ai will disrupt|artificial intelligence|ai job loss|how ai is changing industries|ai impact on jobs|ai disrupting industries|automation and job loss|future tech|education|cyber security|gaming|outsourcing|customer service,PT10M45S,7535,265,44,2026-05-26 13:35:05,645,4.1009,2023,8,Monday
6BrYKdqq4uA,Ken Jee,What's in My Data Science Travel Bag? (50+ Flights Last Year),2023-08-07 17:57:05+00:00,28,Data Science|Ken Jee|data science journey|data science 2023|data science travel bag|edc|every day carry|tech bag|whats in my bag|tech travel|travel backpack|everyday carry,PT10M12S,4896,141,48,2026-05-26 13:35:05,612,3.8603,2023,8,Monday
1dAvbIMrLos,Ken Jee,7 Enticing Jobs AI Will Create,2023-07-24 12:00:01+00:00,28,Ken Jee|artificial intelligence|chat gpt|future of work|ai jobs|gpt4|data|elon musk,PT8M24S,5076,202,37,2026-05-26 13:35:05,504,4.7084,2023,7,Monday
lqYxmYMkfK8,Ken Jee,The ChatGPT Code Interpreter is OVERRATED,2023-07-22 09:42:29+00:00,28,Data Science|Ken Jee|Machine Learning|data science 2023|machine learning|chat gpt|chatgpt|code interpreter|AI|chatgpt code interpreter is overrated|chatgpt code interpreter|artificial intelligence|code interpreter chatgpt|open ai|ai news|gpt 4,PT5M8S,4361,144,33,2026-05-26 13:35:05,308,4.0587,2023,7,Saturday
-JTU734oMfk,Ken Jee,Exciting Announcement!,2023-06-23 17:28:36+00:00,22,Data Science|Ken Jee|Machine Learning|data scientist|data science journey|data science 2023|data science course|course announcement|ml algorithms|ml process|data applications|ml a-z|course bundle|python programming|365 data science|kaggle,PT4M50S,6817,294,50,2026-05-26 13:35:05,290,5.0462,2023,6,Friday
HVpbmu7rFYE,Ken Jee,AI: A Customer Service Revolution?,2023-05-26 12:00:21+00:00,22,Data Science|Ken Jee|Machine Learning|data scientist|data science journey|data science 2023|zendesk relate|ai|conference|customer service|customer experience|artificial intelligence|open ai,PT9M44S,4261,125,35,2026-05-26 13:35:05,584,3.755,2023,5,Friday
NQQ3DRdXAXE,Ken Jee,Beginner Kaggle Data Science Project Walk-Through (Housing Prices) | With ChatGPT,2023-05-16 12:00:25+00:00,22,Data Science|Ken Jee|Machine Learning|data scientist|data science 2023|data science project|data science project walkthrough|kaggle compeition|kaggle project|data science basic project|kaggle.com|kaggle basics|kaggle submission|data science kaggle|kaggle beginners|data science beginners|kaggle analysis|svc|kaggle|housing prices,PT1H1M2S,89597,2592,59,2026-05-26 13:35:05,3662,2.9588,2023,5,Tuesday
xpi-M2j3NmE,Ken Jee,How I Would Learn Data Science with AI (If I Could Start Over),2023-05-04 12:04:56+00:00,22,Data Science|Ken Jee|Machine Learning|data scientist|data science journey|data science 2023|ai|chat gpt|gpt4|chatgpt|machine learning|artificial intelligence|learning roadmap|AI tutor|real-world projects|data analytics|skill development,PT8M43S,38446,1534,76,2026-05-26 13:35:05,523,4.1877,2023,5,Thursday
X07w7QFoLpc,Ken Jee,This AI question will determine our future,2023-04-06 13:00:32+00:00,22,Data Science|Ken Jee|Machine Learning|Sports Analytics|data scientist|data science journey|data science 2023|chatgpt|gpt 4|ai|future|jobs|ai adoption|artificial intelligence,PT6M17S,4441,255,38,2026-05-26 13:35:05,377,6.5976,2023,4,Thursday
RRnThAtKuq0,Ken Jee,I'll Never Code the Same Again... (GPT-4 is OP),2023-04-03 13:00:27+00:00,22,Data Science|Ken Jee|Machine Learning|Sports Analytics|data scientist|data science journey|data science 2023|chat gpt|gpt 4|coding with gpt 4|coding|programming|ill never code the same again|ai|artificial intelligence,PT7M47S,71856,829,78,2026-05-26 13:35:05,467,1.2622,2023,4,Monday
r3zOpjEOkgE,Ken Jee,Your current portfolio is actually hurting you #shorts,2023-03-30 13:00:37+00:00,22,Data Science|Ken Jee|Machine Learning|Sports Analytics|data scientist|data science journey|data science portfolio|data science 2023|jobs,PT42S,10487,571,7,2026-05-26 13:35:05,42,5.5116,2023,3,Thursday
s-XYFEzy9Wc,Ken Jee,"Traditional ""networking"" is stupid. Do THIS instead #shorts",2023-03-27 13:00:41+00:00,22,Data Science|Ken Jee|Machine Learning|Sports Analytics|data scientist|data science journey|data science 2023|networking|linkedin|content,PT46S,8621,451,3,2026-05-26 13:35:05,46,5.2662,2023,3,Monday
iBh1wl4o6V4,Ken Jee,you're job searching wrong. #shorts,2023-03-23 13:00:35+00:00,22,Data Science|Ken Jee|Machine Learning|Sports Analytics|data scientist|data science journey|you're job searching wrong|data jobs|career,PT39S,4870,275,3,2026-05-26 13:35:05,39,5.7084,2023,3,Thursday
L6lXKdP4Qbg,Ken Jee,The Economics of Data Roles #shorts,2023-03-21 13:00:15+00:00,22,Data Science|Ken Jee|Machine Learning|Sports Analytics|data scientist|data science journey|data science 2023|data jobs,PT44S,11970,664,13,2026-05-26 13:35:05,44,5.6558,2023,3,Tuesday
xGDl6rlBygU,Ken Jee,Why your phone knows everything you say #shorts,2023-03-18 13:00:42+00:00,22,Data Science|Ken Jee|Machine Learning|Sports Analytics|data scientist|data science journey|phone listening|search|add recommendations,PT47S,4253,189,9,2026-05-26 13:35:05,47,4.6555,2023,3,Saturday
SY6y6Y8C594,Ken Jee,Read these for a successful career. #shorts,2023-03-16 01:19:35+00:00,22,Data Science|Ken Jee|Machine Learning|Sports Analytics|data scientist|data science journey|books|career|best books,PT46S,3435,253,2,2026-05-26 13:35:05,46,7.4236,2023,3,Thursday
1RUj2aLQx8I,Ken Jee,Is Your Phone Actually Listening to You? #shorts,2023-03-09 13:00:01+00:00,22,Data Science|Ken Jee|Machine Learning|Sports Analytics|data scientist|data science journey|phone listening|device listening,PT35S,3393,57,5,2026-05-26 13:35:05,35,1.8273,2023,3,Thursday
MkzZXSw1Glk,Ken Jee,How I Realized I Was a Bad Manager #shorts,2023-03-07 13:00:11+00:00,22,Data Science|Ken Jee|Machine Learning|Sports Analytics|data scientist|data science journey|quit data science|bad manager,PT45S,3444,143,1,2026-05-26 13:35:05,45,4.1812,2023,3,Tuesday
9neDFXTxKxA,Ken Jee,How I Use ChatGPT as a Data Scientist (4-5 hrs Saved Per Week),2023-03-03 13:00:07+00:00,22,Data Science|Ken Jee|Machine Learning|Sports Analytics|data scientist|data science journey|data science 2023|chat gpt|chatgpt|ai|chatgpt data science|will chat gpt replace data scientists|open ai|artificial intelligence,PT7M5S,21695,784,50,2026-05-26 13:35:05,425,3.8442,2023,3,Friday
UaNNVukM27g,Ken Jee,Why I Quit Data Science... and then crawled back #shorts,2023-03-01 13:00:17+00:00,22,Data Science|Ken Jee|Machine Learning|Sports Analytics|data scientist|data science journey|data science 2023|quit data science,PT46S,9560,292,12,2026-05-26 13:35:05,46,3.1799,2023,3,Wednesday
3lN0-S3symM,Ken Jee,The Best Place to Look for Data Science Opportunities #shorts,2023-02-27 13:00:32+00:00,22,Data Science|Ken Jee|Machine Learning|Sports Analytics|data scientist|data science journey|data science 2023,PT35S,3031,177,2,2026-05-26 13:35:05,35,5.9056,2023,2,Monday
M-AN8eWLxms,Ken Jee,Learning On the companies dime #shorts,2023-02-24 17:00:13+00:00,22,Data Science|Ken Jee|Machine Learning|Sports Analytics|data scientist|data science journey|data science 2023|data analyst,PT36S,3523,183,1,2026-05-26 13:35:05,36,5.2228,2023,2,Friday
MXFZhbvQqM8,Ken Jee,The Best Way to Transition to Data Science? #shorts,2023-02-21 17:13:47+00:00,22,Data Science|Ken Jee|Machine Learning|Sports Analytics|data scientist|data science journey|data science 2023|data analyst|data analyst to data scientist,PT38S,5738,319,6,2026-05-26 13:35:05,38,5.664,2023,2,Tuesday
54n61XjKifI,Ken Jee,Avoid this Massive Data Science Learning Mistake #shorts,2023-02-17 13:00:03+00:00,22,Data Science|Ken Jee|Machine Learning|Sports Analytics|data scientist|data science journey|data science 2023,PT33S,7608,409,6,2026-05-26 13:35:05,33,5.4548,2023,2,Friday
pyWYIRR8rrE,Ken Jee,Don't Go into Data for the Money #shorts,2023-02-15 10:00:37+00:00,22,Data Science|Ken Jee|Machine Learning|Sports Analytics|data scientist|data science journey|data science 2023|data science salary,PT44S,3951,218,12,2026-05-26 13:35:05,44,5.8213,2023,2,Wednesday
onwRfbt--cw,Ken Jee,First Data Science Project? Watch This.,2023-02-13 13:00:36+00:00,22,Data Science|Ken Jee|Machine Learning|Sports Analytics|data scientist|data science journey|data science 2023|data science project|watch this before starting your first data science project|first project|python|kaggle,PT4M45S,11792,461,25,2026-05-26 13:35:05,285,4.1214,2023,2,Monday
u6P23ouSYhA,Ken Jee,How to Approach Applying for a Data Role #shorts,2023-02-08 13:00:39+00:00,22,Data Science|Ken Jee|Machine Learning|Sports Analytics|data scientist|data science journey|data science 2023|data science jobs|application,PT38S,3799,242,7,2026-05-26 13:35:05,38,6.5544,2023,2,Wednesday
RMMVuvS7S_g,Ken Jee,The Hard Reality of Data Science Work #shorts,2023-02-06 19:35:25+00:00,22,Data Science|Ken Jee|Machine Learning|Sports Analytics|data scientist|data science journey|data science 2023|why you probably won't become a data scientist|data science beginners,PT41S,18672,933,16,2026-05-26 13:35:05,41,5.0825,2023,2,Monday
5AwbPAV8FS0,Ken Jee,How Much Money Does a Data Scientist Make? #shorts,2023-02-03 12:00:03+00:00,22,Data Science|Ken Jee|Machine Learning|Sports Analytics|data scientist|data science journey|data science 2023|data science salary,PT40S,5496,209,6,2026-05-26 13:35:05,40,3.9119,2023,2,Friday
A2OQgU0IRNo,Ken Jee,These 3 Things Make Data Science Special #shorts,2023-02-01 12:00:12+00:00,22,Data Science|Ken Jee|Machine Learning|Sports Analytics|data scientist|data science journey|data science 2023,PT59S,4647,358,7,2026-05-26 13:35:05,59,7.8545,2023,2,Wednesday
x5Q_nrIqFik,Ken Jee,Will Data Science Be Automated? #shorts,2023-01-27 11:00:44+00:00,22,Data Science|Ken Jee|Machine Learning|Sports Analytics|data scientist|data science journey|data science 2023|will data science be automated|automation,PT37S,10825,437,10,2026-05-26 13:35:05,37,4.1293,2023,1,Friday
7ja2ELBVMlU,Ken Jee,Is Data Science A Good Fit For You? #shorts,2023-01-25 11:00:05+00:00,22,Data Science|Ken Jee|Machine Learning|Sports Analytics|data scientist|data science journey|data science in 2023|is data science a good career|machine learning,PT39S,5763,314,10,2026-05-26 13:35:05,39,5.6221,2023,1,Wednesday
Z2MyLQa_vVw,Ken Jee,5 Books I Wish I Read Earlier In My Career,2023-01-23 15:31:48+00:00,22,Data Science|Ken Jee|Machine Learning|Sports Analytics|data scientist|data science journey|books|books I wish I read earlier|self help|so good they can't ignore you|crucial conversations|never split the difference|4dx|the one thing|life changing books|career,PT3M10S,10085,528,49,2026-05-26 13:35:05,190,5.7214,2023,1,Monday
JTlB9fwYRk0,Ken Jee,How To Start Working on Data Science Projects (As a Beginner) #shorts,2023-01-19 07:00:06+00:00,22,Data Science|Ken Jee|Machine Learning|Sports Analytics|data scientist|data science journey|data science 2023|data science projects|beginner,PT42S,13970,999,18,2026-05-26 13:35:05,42,7.2799,2023,1,Thursday
OJDf_fTENJ4,Ken Jee,What Data Science Tool Would I Learn First? #shorts,2023-01-17 07:00:12+00:00,22,Data Science|Ken Jee|Machine Learning|Sports Analytics|data scientist|data science journey|data science 2023|data science tools|python,PT35S,6974,491,10,2026-05-26 13:35:05,35,7.1838,2023,1,Tuesday
nqCkdqhV-JY,Ken Jee,How long does it take to become a Data Scientist? #shorts,2023-01-12 11:45:02+00:00,22,Data Science|Ken Jee|Machine Learning|Sports Analytics|data scientist|data science journey|data science 2023|how long does it take to be a data scientist,PT43S,11665,648,9,2026-05-26 13:35:05,43,5.6322,2023,1,Thursday
b8t8lDL13sg,Ken Jee,Where & how to start your Data Science Journey #shorts,2023-01-09 00:35:13+00:00,22,Data Science|Ken Jee|Machine Learning|Sports Analytics|data scientist|data science journey|data science 2023|where to start data science|how to start data science,PT54S,7477,430,3,2026-05-26 13:35:05,54,5.7911,2023,1,Monday
t6CD1EwU5kc,Ken Jee,How I Would NOT Learn Data Science in 2023.,2023-01-03 13:00:34+00:00,22,Data Science|Ken Jee|data scientist|data science 2023|how I would learn data science|how I would not learn data science|machine learning|data analyst|data analysis,PT8M52S,129883,4131,257,2026-05-26 13:35:05,532,3.3784,2023,1,Tuesday
eIxHe45hzhQ,Ken Jee,The Greatest Data Science Event You Never Heard Of  [Behind The Scenes],2022-12-14 13:00:23+00:00,22,Data Science|Ken Jee|Machine Learning|Sports Analytics|data scientist|data science journey|data science 2021|kaggle days|kaggle|kaggle days world championship|data science competition|data science world championship,PT5M48S,5163,206,27,2026-05-26 13:35:05,348,4.5129,2022,12,Wednesday
3NJOWWvNK3I,Ken Jee,The Essential Programming Concepts For Learning Data Science,2022-11-14 13:00:02+00:00,22,Data Science|Ken Jee|Machine Learning|Sports Analytics|data scientist|data science journey|data science 2023|coding for data science|python|coding concepts|programming for data science|programming|coding,PT13M54S,21816,865,42,2026-05-26 13:35:05,834,4.1575,2022,11,Monday
4_VtMWJSo1o,Ken Jee,The Data Content House: What You Missed,2022-10-07 13:00:04+00:00,22,Data Science|Ken Jee|Machine Learning|data scientist|data science journey|iron analyst|data science content house|bright data|bright data house|data science 2022|data engineer|ml engineer|content house|meetup,PT7M17S,10773,345,42,2026-05-26 13:35:05,437,3.5923,2022,10,Friday
OybXWl3IWvI,Ken Jee,Is Data Science A Good Career?,2022-09-29 20:40:31+00:00,22,Data Science|Ken Jee|Machine Learning|Sports Analytics|data scientist|data science journey|data science 2022|is data science worth it|is data science a good career|careers|365 data science|should you become a data scientist?,PT11M24S,65740,1982,137,2026-05-26 13:35:05,684,3.2233,2022,9,Thursday
nRHPQ5ZeB5Y,Ken Jee,IRON ANALYST (Teaser) #shorts,2022-09-27 17:21:13+00:00,22,Data Science|Ken Jee|Machine Learning|Sports Analytics|data scientist|data science journey|data science 2021,PT58S,5738,360,22,2026-05-26 13:35:05,58,6.6574,2022,9,Tuesday
0JWC4M0Qhqc,Ken Jee,When a New Data Scientist Joins The Team,2022-08-29 13:00:01+00:00,22,Data Science|Ken Jee|Machine Learning|data scientist|data scientist vs data analyst|alex the analyst|skit|funny|tech|tech humor|office|joma tech,PT5M25S,16961,747,134,2026-05-26 13:35:05,325,5.1943,2022,8,Monday
oNvyvYGw5n4,Ken Jee,State of Data Science - Web Data,2022-08-05 20:20:04+00:00,22,Data Science|Ken Jee|Machine Learning|Sports Analytics|data scientist|data science journey|data science 2021,PT1H10M20S,10570,347,34,2026-05-26 13:35:05,4220,3.6045,2022,8,Friday
GaZRuchRCyw,Ken Jee,Data Science Town Hall - State of Data Science,2022-08-04 18:34:49+00:00,22,Data Science|Ken Jee|Machine Learning|Sports Analytics|data scientist|data science journey|data science 2021,PT1H5S,10076,365,37,2026-05-26 13:35:05,3605,3.9897,2022,8,Thursday
EBjYqC3aNTA,Ken Jee,The Programming Roadmap For Data Science,2022-07-29 14:31:33+00:00,22,Data Science|Ken Jee|Machine Learning|data scientist|data science journey|coding for data science|how i would learn to code|coding|beginner coding|how to learn coding|software development|code|computer science|python,PT11M2S,29516,1344,58,2026-05-26 13:35:05,662,4.75,2022,7,Friday
QMP858aZcow,Ken Jee,5 Impactful Data Science Projects For Your Portfolio,2022-06-27 13:00:10+00:00,22,Data Science|Ken Jee|Machine Learning|Sports Analytics|data scientist|data science journey|data science 2022|data science projects|5 impactful projects|portfolio projects|jobs|data science projects for beginners,PT7M28S,112793,3850,85,2026-05-26 13:35:05,448,3.4887,2022,6,Monday
0ItYIoOrrUs,Ken Jee,Can AI Fix my Baseball Swing?,2022-06-10 13:00:00+00:00,22,Data Science|Ken Jee|Machine Learning|Sports Analytics|data scientist|data science journey|sports analytics|sas|batting lab|pose estimation|baseball analytics|data literacy|swing analytics|python|machine learning|baseball|project|video analysis,PT12M46S,8903,350,63,2026-05-26 13:35:05,766,4.6389,2022,6,Friday
KzTFoUbThvM,Ken Jee,Every Data Scientist... (funny!),2022-05-24 13:00:07+00:00,22,Data Science|Ken Jee|Machine Learning|Sports Analytics|data scientist|data science journey|luke barousse|tina huang|every data scienist|data science 2022|engineer|analyst|data analyst vs data scientist|miki|machine learning engineer|funny|skit,PT4M32S,18764,857,143,2026-05-26 13:35:05,272,5.3294,2022,5,Tuesday
bBJd0oPdNak,Ken Jee,State of Data Science (Town Hall) ft - Data Squad,2022-05-07 22:43:20+00:00,22,Data Science|Ken Jee|Machine Learning|Sports Analytics|data scientist|data science journey|data science content house|data science 2022|tina huang|luke barousse|shashank kalanithi|code emporium,PT1H32M10S,16078,420,66,2026-05-26 13:35:05,5530,3.0228,2022,5,Saturday
Yk-unX4KnV4,Ken Jee,Data Science Portfolio Project From Scratch | Building a YouTube Data Dashboard with Streamlit,2022-04-04 13:00:16+00:00,22,Data Science|Ken Jee|Machine Learning|Sports Analytics|data scientist|data science journey|data science project|data science portfolio|data science portfolio project|beginner project|portfolio project|dashboard|streamlit|portfolio|project|data science 2022|streamlit dashboard|project example,PT1H16M11S,92476,2107,85,2026-05-26 13:35:05,4571,2.3703,2022,4,Monday
z0_xrtFdFj8,Ken Jee,Why You Are NOT Landing Data Jobs ... Yet,2022-03-25 13:00:38+00:00,22,Data Science|Ken Jee|Machine Learning|data scientist|data science journey|data science jobs|job rejection|data engineer|data analyst|data|tech jobs|dice|dice.com|job platform|careers|career advice,PT11M5S,22829,910,106,2026-05-26 13:35:05,665,4.4505,2022,3,Friday
vVpkXEIn-q0,Ken Jee,Data Scientists VS NFT Scam,2022-03-03 13:00:36+00:00,22,Data Science|Ken Jee|Machine Learning|data scientist|nft analysis|nft scams|opensea|nft ai|nft data science|nft data|nonfungible tokens|coffeezilla|gary vee|logan paul|mark cuban|nft|web 3|nft marketplace|data scientists battle nft scams,PT9M26S,5455,187,41,2026-05-26 13:35:05,566,4.1797,2022,3,Thursday
aipz4p7GDL4,Ken Jee,When a PM Joins the Data Team... (funny!) - Ft @LukeBarousse,2022-02-21 13:00:03+00:00,22,Data Science|Ken Jee|Machine Learning|data scientist|business intelligence|bi|computer science|datascientist|data analyst|dataanalyst|scientist vs analyst|pm vs data scientist|pm vs analyst|pm vs data science vs dat analyst|project manager|project management|pm|project manager for data,PT3M26S,11756,517,144,2026-05-26 13:35:05,206,5.6227,2022,2,Monday
iPdO9MwdcLE,Ken Jee,What Professional Data Scientists ACTUALLY Do,2022-02-14 13:00:31+00:00,22,Data Science|Ken Jee|Machine Learning|data scientist|jobs|what professional data scientists actually do,PT14M24S,103714,3513,183,2026-05-26 13:35:05,864,3.5636,2022,2,Monday
YPph59-rTxA,Ken Jee,Can You Analyze My Data Better Than I Can?,2022-01-31 13:00:11+00:00,22,Data Science|Ken Jee|Machine Learning|data scientist|data science journey|data science 2022|youtube data|youtube data analysis|community project|data science project|community data science project|machine learning project|ken jee data|data|youtube api|youtube data scrape|66daysofdata|data analytics project,PT2M28S,7874,325,60,2026-05-26 13:35:05,148,4.8895,2022,1,Monday
-2U2CMYom00,Ken Jee,Giving Back to My Most Engaged Subscribers!,2022-01-28 13:00:01+00:00,22,Data Science|Ken Jee|Machine Learning|Sports Analytics|data scientist|data science journey|data science 2021|project engagement|z by hp|365 data science|channel giveaway|youtube data|comment leaderboard|youtube leaderboard,PT4M20S,2349,116,84,2026-05-26 13:35:05,260,8.5143,2022,1,Friday
KEeUR8UDy-s,Ken Jee,The Physics Dropout Who Made $1 Billion Betting Horses,2022-01-24 13:00:09+00:00,22,Data Science|Ken Jee|Machine Learning|Sports Analytics|data scientist|bill benter algorithm|bill benter|horse racing|horse betting|horse race betting|alan woods|logistic regression|machine learning models for betting|sports betting algorithm|bill benter formula|bill benter horse racing algorithm,PT11M21S,88654,1813,156,2026-05-26 13:35:05,681,2.221,2022,1,Monday
0jTtHYie3CU,Ken Jee,Should You Be Excited About Web 3? (As a Data Scientist),2022-01-17 13:00:00+00:00,22,Data Science|Ken Jee|Machine Learning|data scientist|web 3|web 3 and data science|what does web 3 mean for data science|should you be excited about web 3|is web 3 good|web 3 data|blockchain data science|metaverse|nft|ai|web 3 ai|web 3 machine learning|blockchain,PT5M26S,9285,427,80,2026-05-26 13:35:05,326,5.4604,2022,1,Monday
2RWwN5ZT4tA,Ken Jee,Should  @LukeBarousse Take This Data Analyst Job? (Funny) #Shorts,2022-01-14 10:00:02+00:00,22,Ken Jee|data scientist|luke barousse|data analyst|data analyst job|should you take the data analyst job?,PT55S,8833,254,33,2026-05-26 13:35:05,55,3.2492,2022,1,Friday
rEWPqw6rMGI,Ken Jee,The Only Data Science Explanation You Need,2022-01-10 13:00:33+00:00,22,Data Science|Ken Jee|Machine Learning|Sports Analytics|data scientist|data science journey|Data science explained|data science 2022|what is data science|data science for beginners|where to start data science,PT13M11S,116676,2677,174,2026-05-26 13:35:05,791,2.4435,2022,1,Monday
o-wsyxWbPOw,Ken Jee,We Need to Talk About The LinkedIn Machine Learning Assessment.,2022-01-03 13:00:35+00:00,22,Data Science|Ken Jee|Machine Learning|data scientist|machine learning assessment|linkedin ml assessment|should you do a data science certificate|machine learning certificate|linkedin|tech|react,PT6M9S,14730,638,142,2026-05-26 13:35:05,369,5.2953,2022,1,Monday
xpIFS6jZbe8,Ken Jee,How I Would Learn Data Science in 2022 (If I Had to Start Over),2021-12-27 13:00:34+00:00,22,Data Science|data scientist|data science journey|data science in 2022|data science|machine learning|how i would learn data science|how to data science|data science learning|data science day in the life|how to learn data science|python|data science career change|data science course|data science from zero|ken jee,PT12M14S,348197,14864,525,2026-05-26 13:35:05,734,4.4196,2021,12,Monday
-zbLpoJVBMI,Ken Jee,What the Heck is WSL 2? (My New Favorite Tool),2021-12-17 14:00:01+00:00,22,Data Science|Ken Jee|Machine Learning|data scientist|data science 2021|wsl|wsl 2|windows subsystem for linux|windows subsystem for linux 2|linux|ubuntu|dual boot|what is wsl 2|linux for data science|data science linux|data science wsl 2|ml wsl 2|windows 11,PT6M8S,29881,696,72,2026-05-26 13:35:05,368,2.5702,2021,12,Friday
scSc6YSanQ0,Ken Jee,How Statistics Saved the US SERIOUS $$$$ During WW2 #Shorts,2021-12-10 13:00:22+00:00,22,Data Science|Machine Learning|data scientist|statistics|ww2|survivorship bias|world war ii,PT57S,8281,570,25,2026-05-26 13:35:05,57,7.1851,2021,12,Friday
FqNpDNmpcEo,Ken Jee,How Zillow Lost $500 MILLION With Machine Learning,2021-12-03 13:00:14+00:00,22,Data Science|Ken Jee|Machine Learning|zillow|zillow stock|real estate crash|zillow loss|ibuyer|zillow flip|zillow offers|zillow ai|zestimate|machine learning goes wrong|bad data science|zillow crash|zillow ibuyer|algorithm|ai scary|real estate,PT11M26S,25788,1176,143,2026-05-26 13:35:05,686,5.1148,2021,12,Friday
vwvdtXMcNzI,Ken Jee,Why Is Data Engineering So HOT Right Now?,2021-11-26 13:00:22+00:00,22,Data Science|Ken Jee|Machine Learning|data scientist|data science journey|data science 2021|data engineering|why is data engineering so hot right now|data engineering vs data science|data engineering jobs|data|data engineering careers|seattle data guy|sundas khalid|data engineer skills|data engineer|data engineering explained|become a data engineer|what is data engineering|why data engineering,PT7M9S,30239,1097,134,2026-05-26 13:35:05,429,4.0709,2021,11,Friday
2qVWurPFwfc,Ken Jee,Is Data Science Dying?,2021-11-19 13:00:01+00:00,22,Data Science|Ken Jee|Machine Learning|Sports Analytics|data scientist|data science journey|data science 2021|data science 2022|is data science dying|is data science obsolete|data science dead|data science jobs saturated|data science hype|data science worth it|data science automation|future of data science|future of ai|future of machine learning|ai automation|data science jobs|data science job shortage|auotmation|jobs|hype|ml|ai|data science in 2030,PT9M9S,127815,3878,359,2026-05-26 13:35:05,549,3.3149,2021,11,Friday
35g8fCi-kbw,Ken Jee,7 Incredible Books That Transformed My Health and My Life,2021-11-12 13:00:04+00:00,22,Ken Jee|books|books on health|life changing books|incredible books|books that transformed my health|books that transformed my health and my life|life change|self help|personal improvement|david goggins|lifespan|breath|cal newport|david sinclair|why we sleep|books on diet|fasting|book recommendations|best books|books that changed my life|books to read|must read books|top 5 books that will change your life|book recommendations 2021|self development books,PT13M13S,8994,406,113,2026-05-26 13:35:05,793,5.7705,2021,11,Friday
n6MiRgxN5iA,Ken Jee,Why EVERYONE Should Start a Podcast (Including YOU),2021-11-05 13:00:23+00:00,22,Data Science|Ken Jee|podcast|why you should start a podcast|why everyone should start a podcast|benefits of podcasting|should you start a podcast?|podcasting for introverts|should i start a podcast|start a podcast|podcasting tips|podcasting for beginners,PT7M7S,3689,203,45,2026-05-26 13:35:05,427,6.7227,2021,11,Friday
ammCGdzSoag,Ken Jee,Building a Burrito Dashboard - Data Science Project from Scratch with atoti,2021-10-29 12:00:01+00:00,22,Data Science|Ken Jee|Machine Learning|Sports Analytics|data scientist|data science journey|data science 2021|atoti|data science project|data science project from scratch|dashboard|data analytics|atoti dashboard|data science tutorial|python|pandas|python project|python data project|data science for beginners|machine learning project,PT49M28S,15702,308,36,2026-05-26 13:35:05,2968,2.1908,2021,10,Friday
15c7WD-lKUY,Ken Jee,ML Ops: What is it REALLY?,2021-10-22 13:00:00+00:00,22,Data Science|Ken Jee|Machine Learning|Sports Analytics|data scientist|data science journey|data science 2021|machine learning operations|ml ops|development operations|devops|sdlc|software development lifecycle|machine learning lifecycle|data science lifecycle|machine learning pipeline|ml teams|machine learning teams|ml jobs|machine learning jobs|docker|github|weights and biases|comet ml|artificial intelligence|mlops tutorial,PT6M10S,7468,279,65,2026-05-26 13:35:05,370,4.6063,2021,10,Friday
TjGFBQC27ng,Ken Jee,Business Skills for Data Science: What are they REALLY?,2021-10-18 13:00:27+00:00,22,Data Science|Ken Jee|Machine Learning|Sports Analytics|busines model|busines stakeholder|business skills|business skills for data science|business skills for technical people|business unit|communication|data science 2021|data science business|data science journey|data scientist|entrepreneur advice|how to learn business skills|important business skills|machine learning business skills|mlops|networking|tech careers|time management|what are business skills?,PT10M49S,7240,309,50,2026-05-26 13:35:05,649,4.9586,2021,10,Monday
qUK5Vk4NvBw,Ken Jee,#66DaysOfData Round 3 Live Event! (feat. @statquest),2021-10-12 16:05:54+00:00,22,Data Science|Ken Jee|Machine Learning|Sports Analytics|data scientist|data science journey|data science 2021,PT1H2M16S,2238,119,5,2026-05-26 13:35:05,3736,5.5407,2021,10,Tuesday
cnqTU6eJwH0,Ken Jee,Roasting My First Data Science Project (Common Project Mistakes),2021-10-08 13:00:15+00:00,22,Data Science|Ken Jee|Machine Learning|beginner project for data science|data science advice|data science beginners|data science coursework|data science journey|data science project|data science project beginners|data science project example|data science project help|data science project ideas|data science ufc|data scientist|first data science project|my first data science project|python data science|python project|Sports analytics,PT9M5S,6229,285,63,2026-05-26 13:35:05,545,5.5868,2021,10,Friday
k8YxyrcAXJs,Ken Jee,Is Data Visualization Important for Data Science? (A Data Scientist's Perspective),2021-08-20 13:00:20+00:00,22,Data Science|Ken Jee|Machine Learning|Sports Analytics|data scientist|data science journey|data science 2021|data vis|data visualization|is data visualization important for data science|data science perspective|atoti|bi tools|data science bi|data science visualization|graphs|interactive dashboard|business analytics|data analytics|data analyst tools|data science tools|data analyst visualization|low code data vis,PT5M55S,13466,530,106,2026-05-26 13:35:05,355,4.723,2021,8,Friday
VvnOXDCVm8k,Ken Jee,Project Presentation - Expectations vs. Reality (funny) #shorts,2021-08-07 14:00:11+00:00,22,Data Science|Ken Jee|Machine Learning|data scientist|data science journey|data science 2021|expectations vs reality|data science projects|data science sketch|data science funny|luke barousse|data vis|sketch|skit,PT59S,10890,437,32,2026-05-26 13:35:05,59,4.3067,2021,8,Saturday
68GGPK3WaqI,Ken Jee,Data Science Project - Expectations vs Reality (funny) #shorts,2021-08-06 23:04:24+00:00,22,Data Science|Ken Jee|Machine Learning|data scientist|data science journey|data science 2021|expectations vs reality|data science projects|data science sketch|data science funny|luke barousse|data vis|sketch|skit,PT1M,43271,1630,32,2026-05-26 13:35:05,60,3.8409,2021,8,Friday
S4Lei5mOppc,Ken Jee,How I Learned to Learn.,2021-07-31 13:00:26+00:00,22,Data Science|Ken Jee|Machine Learning|Sports Analytics|data scientist|data science journey|data science 2021|Meta learning|how I learned to learn|learning to learn|learning skill|learning journey|flow|self help|personal improvement|ultralearning|growth mindset|learning mistakes|Learn new things fast|become a better student|personal growth|movtivation,PT16M43S,51564,2344,209,2026-05-26 13:35:05,1003,4.9511,2021,7,Saturday
tG_UW_p0UqE,Ken Jee,Is Spotify Shuffle Really Random? #Shorts,2021-07-21 13:00:21+00:00,22,Data Science|Ken Jee|Machine Learning|Sports Analytics|data scientist|data science journey|data science 2021|spotify|spotify shuffle|spotify shuffle random|spotify algorithm|cognative bias|short|shorts|data science short|spotify playlist|spotify mystery,PT57S,11579,615,49,2026-05-26 13:35:05,57,5.7345,2021,7,Wednesday
143WWA5Sy9k,Ken Jee,I Eat a Papaya Live on Stream (Plus Q&A for 150K Subs!),2021-07-16 21:30:26+00:00,22,Data Science|Ken Jee|Machine Learning|Sports Analytics|vlog|data scientist|data science journey|data science 2020,PT1H23M25S,2506,90,30,2026-05-26 13:35:05,5005,4.7885,2021,7,Friday
s1gD35Z4eUc,Ken Jee,Why are APIs Important for Data Science?,2021-07-09 13:00:32+00:00,22,Data Science|Ken Jee|Machine Learning|data scientist|data science journey|data science 2021|api|why are apis important for data science|data science api|api machine learning|tiff in tech|tiff in tech api|ken jee api|application programming interface|api for data science|api for data|useful data apis|software engineer|software developer|software developer api,PT5M22S,12122,495,95,2026-05-26 13:35:05,322,4.8672,2021,7,Friday
nrEJGGxcoTc,Ken Jee,Is Your Phone REALLY Listening to You?,2021-07-03 13:00:31+00:00,22,Data Science|Ken Jee|Machine Learning|are companies listening to you|cell phone data science|data|data privacy|data science 2021|data science advertising|data science journey|data scientist|data scientist reacts|facebook ads|facebook listening|google listening|instagram listening|iphone|is your data private|is your phone listening to you|mark zuckerberg|personal data|phone data|phone listening to conversations|phone spying|reaction video|spy,PT5M2S,5433,275,116,2026-05-26 13:35:05,302,7.1968,2021,7,Saturday
KfpOuSH9gDc,Ken Jee,Kaggle vs Github - Which is Best for Your Data Science Portfolio?,2021-06-25 13:00:12+00:00,22,Data Science|Ken Jee|Machine Learning|Sports Analytics|vlog|data scientist|data science journey|github vs kaggle|data science 2021|data science portfolio|data science project portfolio|github portfolio|kaggle portfolio|kaggle data science portfolio|github data science portfolio|which is better kaggle or github|what is kaggle|what is github|data science projects|data science projects for resume 2021,PT6M18S,19635,682,123,2026-05-26 13:35:05,378,4.0998,2021,6,Friday
sICJ6a2wX5g,Ken Jee,#66DaysOfData - 3 Reasons to Start!,2021-06-18 13:00:32+00:00,22,Data Science|Ken Jee|Machine Learning|Sports Analytics|vlog|data scientist|data science journey|data science 2020|66daysofdata|data science learning|data science beginners|data science habits,PT53S,4235,227,37,2026-05-26 13:35:05,53,6.2338,2021,6,Friday
iiSZqsQKNX8,Ken Jee,#66DaysOfData - What is it? #shorts,2021-06-11 12:48:29+00:00,22,Data Science|Ken Jee|Machine Learning|Sports Analytics|vlog|data scientist|data science journey|Data science 2021|#66DaysOfData|66daysofdata|data science project|data science challenge|data science|data science course|data science community|data science short|short|shorts|data science youtuber|66 days of data|data science learning|kaggle data science|how to learn data science in 2021|machine learning projects,PT47S,10051,400,54,2026-05-26 13:35:05,47,4.517,2021,6,Friday
IoUWD1h6xUs,Ken Jee,A Quick Data Science Project Tip! #SHORTS,2021-06-03 13:00:06+00:00,22,Data Science|Ken Jee|Machine Learning|Sports Analytics|vlog|data scientist|data science journey|data science 2021|data science short|tech short|short|shorts|data science project|data science projects|data science beginner project|data science portfolio|data science tips|interview tip,PT59S,17255,1020,89,2026-05-26 13:35:05,59,6.4271,2021,6,Thursday
7JCterBrcvk,Ken Jee,Discouraged with Data Science? - Watch THIS video.,2021-05-28 13:00:02+00:00,22,Data Science|Ken Jee|Machine Learning|vlog|data scientist|data science journey|data science 2021|data science imposter syndrome|data science stress|data science hopeless|data science struggle|data science saturated|data science hard|data science stuck|data science beginners|data science learning|data science career|impostor syndrome|imposter syndrome,PT10M44S,7660,389,195,2026-05-26 13:35:05,644,7.624,2021,5,Friday
KU__lDJj5iU,Ken Jee,How Data Science Projects Pay Off,2021-05-22 13:30:03+00:00,22,Data Science|Ken Jee|Machine Learning|vlog|data scientist|data science journey|data science 2021|data science projects|data science project|how data science projects pay off|data science learning|data science portfolio|data science jobs|what data science projects should I do|work experience|projects|ken's nearest neighbors|data science project ideas|data science projects for beginners|data science projects for resume,PT6M26S,11323,612,146,2026-05-26 13:35:05,386,6.6943,2021,5,Saturday
8nTmuKI2oyA,Ken Jee,How I Use Data to Optimize My Life | What I Collect & How I Analyze It,2021-05-14 13:00:03+00:00,27,Data Science|Ken Jee|Machine Learning|vlog|data scientist|data science journey|how I use data to optimize my life|data and health|data and personal improvement|notion|notion tracking|data tracking|oura ring|how I track my data|how I analyze my own data|personal health data|sleep tracking|data science project|self optimization|personal improvement|personal growth with data|Collecting my data|data tracking apps|notion notes|machine learning projects,PT8M25S,11183,492,135,2026-05-26 13:35:05,505,5.6067,2021,5,Friday
SaWxVk7rDp4,Ken Jee,What is a lambda function (python)? #shorts,2021-05-13 00:38:55+00:00,27,Data Science|Ken Jee|Machine Learning|vlog|data scientist|data science journey|data science 2021|python lambda|lambda function|lambda function data scinece|what is a lambda function|data science tutorial|data science short|data science beginner|data science python|python programming|anonymous function,PT56S,16589,968,49,2026-05-26 13:35:07,56,6.1306,2021,5,Thursday
n7kjelw9s2w,Ken Jee,Why Kaggle Should Be Your Favorite Data Science Resource #shorts,2021-05-07 13:00:30+00:00,27,Data Science|Ken Jee|Machine Learning|Sports Analytics|vlog|data scientist|data science journey|data science beginners|kaggle|kaggle for data science|kaggle beginners|kaggle courses|kaggle competition|data science competition|what is kaggle|kaggle.com|kaggle learning data science|datasets|kaggle data|kaggle community|kaggle project,PT59S,35808,1774,63,2026-05-26 13:35:07,59,5.1301,2021,5,Friday
8Pi36Nj6P9A,Ken Jee,What is Pandas? (Data & Data Science) #shorts,2021-04-30 13:00:07+00:00,27,Data Science|Ken Jee|Machine Learning|Sports Analytics|vlog|data scientist|data science journey|data science 2021|python pandas|pandas|pandas data|pandas data science|what is pandas?|what is pandas|pandas for data science|pandas library|pandas module|python,PT59S,26402,1326,85,2026-05-26 13:35:07,59,5.3443,2021,4,Friday
hOUrxTeBJQc,Ken Jee,The 7 Biggest Data Science  Beginner Mistakes,2021-04-23 13:00:14+00:00,27,Data Science|Ken Jee|Machine Learning|data scientist|data science journey|The 7 biggest data science beginner mistakes|data science beginners|data science beginner advice|data science advice|data science beginner|data science mistakes|data science 2021|starting data science|data science learning|data science education|data science projects|data science pitfalls|data science student,PT10M1S,78002,3399,285,2026-05-26 13:35:07,601,4.723,2021,4,Friday
-ONQ628CXKQ,Ken Jee,Data Scientist Reacts: REAL Data Science Job Application Data,2021-04-16 13:00:00+00:00,27,Data Science|Ken Jee|Machine Learning|data scientist|data science journey|data science 2020|data science jobs|data science job data|sharpest minds|data scientist reacts|reaction video|sharpest minds reaction|data science job application process|data science interview|data science interview process|data science salary|data science job board|how to land a data science job,PT16M4S,23849,702,85,2026-05-26 13:35:07,964,3.2999,2021,4,Friday
sHRq-LshG3U,Ken Jee,Why You Probably Won't Become a Data Scientist,2021-04-09 13:00:31+00:00,27,Data Science|Ken Jee|Machine Learning|vlog|data scientist|data science journey|data science 2020|why you probably won't become a data scientst|data science job|data science career|data science beginners|data science expectations|data science challenge|data scientist questions|data science doubt|data science doubts|is data science saturated|data science education|data science learning|machine learning saturated|data science outlook|data science hard,PT8M38S,139675,4003,463,2026-05-26 13:35:07,518,3.1974,2021,4,Friday
EMq4PH7PCeA,Ken Jee,How to Go From Data Analyst to Data Scientist,2021-04-02 13:00:14+00:00,27,Data Science|Ken Jee|vlog|data scientist|data science journey|data science 2020|How to go from data analyst to data scientist|data analyst|data science career|how to become a data scientist|data analyst vs data scientist|data analyst career|computer science jobs|data science career path|data analyst jobs|data science jobs|data science career advice,PT6M43S,58100,1608,174,2026-05-26 13:35:07,403,3.0671,2021,4,Friday
BlSrorP32WM,Ken Jee,Why I Have 2 Offices for Data Science & Content Creation,2021-03-26 13:00:03+00:00,22,Data Science|Ken Jee|Machine Learning|vlog|data scientist|data science journey|data science 2020|data science office tour|desk tour|data science desk tour|office tour|why I have 2 offices|2 office tour|data science lifestyle|data science office|day in the life|uplift desk|z by hp|nvidia|desk setup|computer science desk setup|work setup|work from home|work from home office|work from home office tour|office setup,PT8M15S,4226,144,93,2026-05-26 13:35:07,495,5.6081,2021,3,Friday
pPfw2fzwNiM,Ken Jee,MARCH MADNESS - Will My Machine Learning Model Beat Your Bracket?,2021-03-19 13:00:32+00:00,17,Data Science|Ken Jee|Machine Learning|Sports Analytics|data scientist|data science journey|data science 2020|sports analytics|march madness|march madness 2021|college basketball anaytics|ncaa tournament analytics|march madness analytics|march madness machine learning|march madness solved with machine learning|basketball analytics|march madness model|march madness predictions 2021|march madness bracket|ml|sports analytics project|machine learning project,PT9M5S,19384,368,108,2026-05-26 13:35:07,545,2.4556,2021,3,Friday
hcHSSyHbgMQ,Ken Jee,My Regrets as a Data Science Student,2021-03-12 13:00:27+00:00,27,Data Science|Ken Jee|Machine Learning|data scientist|data science journey|data science 2020|data science student|regrets|regret|regrets as a data science student|my regrets as a data science student|things I wish I knew|7 things I wish I knew|7 things I wish I knew before starting data science|masters degree regrets|data science regrets|data science regret|should I become a data scientist|data science degree,PT8M15S,24466,880,112,2026-05-26 13:35:07,495,4.0546,2021,3,Friday
ITAxTid_1YU,Ken Jee,My Daily Battle With Time - Will I Win? [Vlog],2021-03-08 13:00:06+00:00,22,Data Science|Ken Jee|Machine Learning|vlog|data scientist|data science journey|data science 2020|Data Science Day in the life|Day in the life|data science vlog|my daily battle with time|time management vlog|machine learning vlog|ken jee vlog|day in the life of a data scientist|day in the life of a youtuber|day in the life of a part time youtuber,PT6M1S,3898,190,83,2026-05-26 13:35:07,361,7.0036,2021,3,Monday
fU3DOXjwufg,Ken Jee,What is the Future of my Comment Leaderboard Project?,2021-02-26 14:00:15+00:00,28,Data Science|Ken Jee|vlog|data scientist|data science journey|data science 2020|Tina Huang|Forrest Knight|Comment Leaderboard|YouTube Comment Leaderboard|Project Engagement|leaderboard|project to business|Data science business|YouTube Contest Leaderboard|engagement leaderboard|data science project|dashboard|hack|project hack|mark rober,PT5M42S,5672,201,81,2026-05-26 13:35:07,342,4.9718,2021,2,Friday
tJI-1mHeXoA,Ken Jee,How to Build a Website  - Building my ULTIMATE Portfolio Website,2021-02-19 13:00:14+00:00,22,Ken Jee|how to make a website|how to create a website|how to build a website|wix tutorial|how to make a website for free|wix website tutorial|making a website|how to start a website|how to make your own website|wix|how to make a free website|website tutorial|personal website tutorial|portfolio website tutorial|data science|data scientist|making a website from scratch|data science portfolio website|data science website tutorial,PT25M25S,7420,181,51,2026-05-26 13:35:07,1525,3.1267,2021,2,Friday
SVtRsDhHlDk,Ken Jee,Why I Quit Data Science,2021-02-12 13:00:19+00:00,22,Data Science|Machine Learning|vlog|data scientist|data science journey|data science 2020|Ken Jee|Why I Quit Data Science|Leaving Data Science|Data Science Career|Data Science Project Management|Product Owner|Project Management|Why I returned to data science|Why I chose data science|Why I left data science|Quit data science|leave data science|is data science a good career|Quit machine learning,PT5M34S,106595,2345,346,2026-05-26 13:35:07,334,2.5245,2021,2,Friday
OtqQYqRNDGI,Ken Jee,🌶 Hot Topics in Tech: Data Science Explained #SHORTS,2021-01-29 13:00:06+00:00,22,Data Science|Ken Jee|Machine Learning|vlog|data scientist|data science journey|data science 2020|data science explained|what is data science|data science short|computer science|business|data science career|what is a data scientist really?|big data careers|data science 2021|AI,PT59S,11031,564,116,2026-05-26 13:35:07,59,6.1644,2021,1,Friday
uic34RTaI-w,Ken Jee,How I Balance Data Science and Content Creation (7 Secrets),2021-01-23 14:00:30+00:00,22,Data Science|Ken Jee|Machine Learning|vlog|data scientist|data science journey|data science 2020|work life balance|time management|data science balance|prioritization|self help|productivity|data science productivity|data science habits|pareto principle|80/20|balance myth|planning|data science organization|life design|happiness|66daysofdata,PT13M35S,7152,293,124,2026-05-26 13:35:07,815,5.8305,2021,1,Saturday
GO420aMtHfk,Ken Jee,Kaggle Project From Scratch - Part 3 (Advanced Graphs & Gender Imbalance Analysis),2021-01-16 14:00:10+00:00,22,Data Science|Ken Jee|Machine Learning|vlog|data science journey|data science 2020|kaggle project|kaggle data science|kaggle data science project|data science project|data science projects|machine learning project|eda|exploratory data analysis|data science analysis|data science careers|kaggle learning|kaggle tutorial|data science tutorial|data science survey|kaggle developer survey|kaggle kernel|kaggle workbook|women in data science,PT1H59S,11326,320,52,2026-05-26 13:35:07,3659,3.2845,2021,1,Saturday
KQ80oD_boBM,Ken Jee,Kaggle Project From Scratch - Part 2 (Exploratory Data Analysis),2021-01-08 13:00:16+00:00,22,Data Science|Ken Jee|Machine Learning|vlog|data science journey|data science 2020|kaggle project|kaggle data science|kaggle data science project|data science project|data science projects|machine learning project|eda|exploratory data analysis|data science analysis|data science careers|kaggle learning|kaggle tutorial|data science tutorial|data science survey|kaggle developer survey|kaggle kernel|kaggle workbook,PT36M31S,27231,735,134,2026-05-26 13:35:07,2191,3.1912,2021,1,Friday
r-DR9HBaipU,Ken Jee,Kaggle Project From Scratch - Part 1 (Data Science Profession Survey),2021-01-02 14:00:26+00:00,22,Data Science|Ken Jee|Machine Learning|vlog|data science journey|data science 2020|kaggle project|kaggle data science|kaggle data science project|data science project|data science projects|machine learning project|eda|exploratory data analysis|data science analysis|data science careers|kaggle learning|kaggle tutorial|data science tutorial|data science survey|kaggle developer survey|kaggle kernel|kaggle workbook,PT14M54S,45230,1208,148,2026-05-26 13:35:07,894,2.998,2021,1,Saturday
qV_AlRwhI3I,Ken Jee,What is the #66DaysOfData?,2020-12-26 14:00:31+00:00,22,Data Science|Ken Jee|Machine Learning|vlog|data scientist|data science journey|data science 2020|66daysofdata|data science 2021|data science challenge|kaggle|data science habits|66 days|66 days of data|#66daysofdata|data science learning|data science courses|data science for beginners|how i would learn data science|data science from zero|data science timeline,PT7M51S,72279,2327,193,2026-05-26 13:35:07,471,3.4865,2020,12,Saturday
41Clrh6nv1s,Ken Jee,How I Would Learn Data Science in 2021 (What Has Changed?),2020-12-19 14:00:01+00:00,22,Data Science|Ken Jee|Machine Learning|How I Would Learn Data Science|How to Data Science|Data Science Learning|Data Science Tutorial|Data Science Journey|Data science timeline|data science career path|how to learn data science|how to learn machine learning|data science education|python|learning python for data science|data science career change|data science course|data science from zero|data science 2021|How I would learn data science in 2021,PT9M9S,132291,5894,483,2026-05-26 13:35:07,549,4.8204,2020,12,Saturday
YR9Faf1uZDg,Ken Jee,Unboxing the Ultimate Z by HP Data Science Package (FIRST EVER HP Workstation w/ Data Science Stack),2020-12-10 13:00:09+00:00,22,Data Science|Ken Jee|Machine Learning|data scientist|data science journey|data science 2020|Z by HP|NVIDIA|unboxing|data science unboxing|data science workstation|Z book|Z book studio|Z4 Workstation|Z4 Workstation hp|HP montior|Z38c|Youtube Unboxing|Play button unboxing|Ultimate Z by HP data science|Z by HP data science|Z book unboxing|HP Z|Unboxing the ultimate Z by HP Data Science Package|Data Science software stack|deep learning computer,PT9M17S,11443,403,131,2026-05-26 13:35:07,557,4.6666,2020,12,Thursday
myhoWUrSP7o,Ken Jee,I Built the FIRST EVER YouTube Subscriber LEADERBOARD,2020-12-07 14:00:11+00:00,22,Data Science|Ken Jee|Machine Learning|data scientist|data science journey|data science 2020|data science project|I made a leaderboard for my YouTube Subscribers|leaderboard|youtube leaderboard|youtube contest|youtube contest leaderboard|docker|aws|api|api gateway|end to end project|dashboard|streamlit|mark rober|code bullet|coding|python|engagement points|engagement leaderboard|contest|NVIDIA|HP|Giveaway,PT11M23S,24300,724,324,2026-05-26 13:35:07,683,4.3128,2020,12,Monday
ji7DtgUeKCI,Ken Jee,7 Things to Look For in a Masters For Data Science (feat. @TinaHuang1),2020-11-20 13:00:26+00:00,22,Data Science|Ken Jee|Machine Learning|data scientist|data science journey|data science 2020|7 Things to Look For in a Masters For Data Science|tina huang|data science masters degree|masters degree|masters degree for data science|graduate degree|graduate degree for data science|do you need a masters for data science?|ms in usa|ms degree data science|data science internship|machine learning masters|ai masters degree,PT9M10S,29438,872,160,2026-05-26 13:35:07,550,3.5057,2020,11,Friday
4039x4r-hGE,Ken Jee,6 Lessons from #66DaysOfData,2020-11-13 13:00:02+00:00,22,Data Science|Ken Jee|Machine Learning|Sports Analytics|vlog|data scientist|data science journey|data science 2020|66daysofdata|#66daysofdata|data science learning|data science beginners|data science habits|data science challenge|learn data science|data science community|what is 66daysofdata|66 days of data|ken jee 66daysofdata|data science 66 days|data science lessons,PT7M59S,6845,335,93,2026-05-26 13:35:07,479,6.2527,2020,11,Friday
78LjdAAw0wA,Ken Jee,100K Channel Update + AMA Stream!,2020-11-12 17:34:26+00:00,22,Data Science|Ken Jee|Machine Learning|Sports Analytics|vlog|data scientist|data science journey|data science 2020,PT1H23M49S,2332,126,21,2026-05-26 13:35:07,5029,6.3036,2020,11,Thursday
yUrrf3Pm33s,Ken Jee,Find a Data Science Project With These 3 Techniques,2020-11-06 13:00:13+00:00,22,Data Science|Ken Jee|data scientist|data science journey|data science 2020|Find a data science project|data science project|data science project ideas|data science project help|projects|data science techniques|exploratory data analysis|project brainstorming|data science problems|data science solutions|data science beginners|looking for a data science project|project from scratch|machine learning project,PT8M33S,17544,737,104,2026-05-26 13:35:07,513,4.7937,2020,11,Friday
domVw8isGOI,Ken Jee,How I Chose My Masters Degree for Breaking into Data Science,2020-10-30 14:00:07+00:00,22,How I chose my masters degree|How I chose my masters in cs|masters in cs|masters in data science|ken jee|data science|data scientist|data science education|data science degree|data science masters|data science graduate degree|data science graduate school|how to choose a masters degree|data science coin flip|data science decisions|data science 2020|should you get a masters in data science|do you need a masters degree for data science|computer science,PT7M54S,29017,697,153,2026-05-26 13:35:07,474,2.9293,2020,10,Friday
_0rHU6qAQe0,Ken Jee,git for Data Science Made Simple... (Hopefully),2020-10-23 15:00:10+00:00,22,Data Science|Ken Jee|Machine Learning|data scientist|data science journey|data science 2020|git|github|git for data science|github for data science|git for machine learning|what is github?|what is git?|version control|git vs github|data science git|data science projects|data science projects git|readme|git commit|git push|git add|git made simple|git for data science made simple|why do we use git|git status|git tutorial|git data science tutorial,PT6M32S,25757,991,90,2026-05-26 13:35:07,392,4.1969,2020,10,Friday
tnpV1etgcxs,Ken Jee,The PODCAST you might have asked for?,2020-10-19 15:00:11+00:00,22,Ken Jee Podcast|Ken Jee|Data Science|Podcast|Sports analytics|Data science podcast|sports analytics podcast|Ken Jee data science|Podcast episode 1|machine learning podcast|podcast guest|video podcast|data science 2020|data science for beginners|data science interview|data scientist|data science education|data science learning|data science jobs|data science careers,PT2M19S,2150,91,44,2026-05-26 13:35:07,139,6.2791,2020,10,Monday
Uf0dO-pgOrk,Ken Jee,Dealing with Doubt in Data Science (My Impostor Syndrome Story),2020-10-16 15:00:18+00:00,22,Data Science|Ken Jee|Machine Learning|vlog|data scientist|data science journey|data science 2020|data science doubt|data science doubts|data science impostor syndrome|impostor syndrome|among us|dealing with doubt in data science|my impostor syndrome story|work doubts|machine learning impostor syndrome|machine learning doubts|data science motivation|data science for beginners|data science confidence|imposter syndrome software engineer|career confidence,PT5M47S,7029,454,113,2026-05-26 13:35:07,347,8.0666,2020,10,Friday
N97MhZEp2UQ,Ken Jee,Advice from a Data Analytics CEO (@How to Get an Analytics Job) - KNN EP. 17,2020-10-14 15:00:11+00:00,22,Data Science|Ken Jee|data science 2020|how to get an analytics job|how to get a data analytics job|john david ariansen|linkedin learning|data analytics|data analytics career|data analytics roadmap|tableau|visualization tools|data visualization|power bi|tableau job|data analytics interview|data science podcast|analytics|analytics jobs|analytics careers|podcast|ken jee podcast|knn|ken's nearest neighbors|knn podcast|ken's nearest neighbors podcast,PT50M42S,15119,434,45,2026-05-26 13:35:07,3042,3.1682,2020,10,Wednesday
1Ir1NgCuI0Y,Ken Jee,Data Science Resume Round-Up With @Tina Huang  | Episode 3,2020-10-12 15:00:00+00:00,22,Data Science|Ken Jee|Machine Learning|data scientist|data science journey|data science 2020|Tina huang|Data Science Resume|Data Science Resume Round Up|Data Science resume review|resume|resume review|resume critique|data science resume critique|data science careers|data science jobs|data science interview|jobs|careers|interviews|technical careers|women in tech|resume tips 2020|data science interview tips|resume for data scientists|resume roundup,PT36M59S,7665,155,60,2026-05-26 13:35:07,2219,2.805,2020,10,Monday
d6FeV8WXPWY,Ken Jee,5 Unusual Data Science Projects that Will Land You a Job,2020-10-09 15:00:09+00:00,22,5 unusual data science projects that will land you a job|data science projects|data science for beginners|data science tips|data science project|data science student|data science projects for beginners in python|data science projects for beginners|Data Science|Ken Jee|data scientist|data science journey|data science 2020|data science project in python|data science portfolio|data science projects for resume|data analysis project|python projects,PT4M59S,13280,598,84,2026-05-26 13:35:07,299,5.1355,2020,10,Friday
WRF_dKZ_i24,Ken Jee,Sh*t Data Scientists Say (Parody),2020-10-05 15:00:08+00:00,23,Data Science|Ken Jee|Machine Learning|vlog|data scientist|data science journey|data science 2020|data science funny|sh*t data scientists say|data science comedy|data science day in the life|dataleap|faang data science|data science quotes|parody,PT2M8S,10231,580,144,2026-05-26 13:35:07,128,7.0765,2020,10,Monday
UpaEjBOMNqs,Ken Jee,5 Proven Strategies to Break into a Data Science Job,2020-10-02 15:00:08+00:00,22,Data Science|Ken Jee|Sports Analytics|data scientist|data science journey|data science 2020|data science jobs|5 proven strategies to break into a data science job|break into data science|data science careers|data science recruiter|data science resume|data science resume drop|data science for beginners|job|job strategies|data science job strategies|data science interview|data science career path|how to data science|data science career change,PT5M34S,8794,360,93,2026-05-26 13:35:07,334,5.1512,2020,10,Friday
UKuK2fXu_dU,Ken Jee,Why Data-Viz is so Darn Important (@Story by Data | Kate Strachnyi) - KNN EP. 16,2020-09-30 15:00:09+00:00,22,Data Science|Ken Jee|vlog|data scientist|data science journey|data science 2020|Data visualization|data viz|story by data|kate strachnyi|kate strachnyi interview|data science interview|DATAcated|data science projects|tableau|tableau public|makeover monday|power bi|data visualization project|data visualization tools|data visualization best practices|kjp|podcast|ken jee podcast|knn|knn podcast|ken's nearest neighbors|ken's nearest neighbors podcast,PT39M11S,7157,285,59,2026-05-26 13:35:07,2351,4.8065,2020,9,Wednesday
Ft4GVkQQtgk,Ken Jee,Data Science Resume Round-Up With @TinaHuang1  - Episode 1,2020-09-28 15:00:04+00:00,22,Data Science|Ken Jee|Machine Learning|data scientist|data science journey|data science 2020|Tina huang|Data Science Resume|Data Science Resume Round Up|Data Science resume review|resume|resume review|resume critique|data science resume critique|data science careers|data science jobs|data science interview|jobs|careers|interviews|technical careers|women in tech|resume tips 2020|data science interview tips|data science projects|resume for data scientists,PT24M31S,12527,293,69,2026-05-26 13:35:07,1471,2.8898,2020,9,Monday
BBDiadC8BvE,Ken Jee,5 Essential Data Science Projects for Your Portfolio,2020-09-26 15:00:06+00:00,22,5 essential data science projects for your portfolio|data science projects|data science for beginners|data science tips|data science project|data science student|data science work|data science projects for beginners in python|data science projects for beginners|Data Science|Ken Jee|data scientist|data science journey|data science 2020|data science project in python|data science portfolio|data science projects for resume|data analysis project|python projects,PT6M54S,77290,3162,207,2026-05-26 13:35:07,414,4.3589,2020,9,Saturday
7VcdvSyoxnc,Ken Jee,His Startup Will Land You a Data Science Job (Jeremie Harris) - KNN EP. 15,2020-09-23 15:00:02+00:00,22,Data Science|Ken Jee|Machine Learning|data scientist|data science journey|data science 2020|data science interview|sharpest minds|sharpestminds|Jeremie Harris|data science startup|y combinator|y combinator data science|ml startup|data science mentorship|data science mentorship startup|sharpest minds data science|startups|y combinator sharpestminds|kjp|podcast|ken jee podcast|knn|knn podcast|ken's nearest neighbors|ken's nearest neighbors podcast,PT1H1M46S,5363,203,66,2026-05-26 13:35:07,3706,5.0158,2020,9,Wednesday
8Vxjp2KVHqs,Ken Jee,Reviewing Your Data Science Projects - Episode 21(The Cleanest Portfolio),2020-09-21 15:00:03+00:00,22,Data Science|Ken Jee|Machine Learning|data scientist|data science journey|reviewing your data science project|data science project review|machine learning project|data science project critique|github|github review|data science portfolio|data science portfolio review|data science project portfolio|data science review|data science project|git hub project|git hub project review|data science github|data science portfolio website,PT15M34S,15412,546,60,2026-05-26 13:35:07,934,3.932,2020,9,Monday
Kq9dkZu0bpg,Ken Jee,"Hedge Funds, Startups, and Data Science Oh my! (@DataLeap) - KNN EP. 14",2020-09-18 16:00:10+00:00,22,Data Science|Ken Jee|data scientist|data science journey|data science 2020|DataLeap|data science hedge fund|data science FAANG|FAANG|data science jobs|data science interview|interview|faang data scientist interview|data science 6 months|Andrew from dataleap|data science strategy|leap into data science|data science beginners|data science mentorship|kjp|ken jee podcast|podcast|knn|knn podcast|ken's nearest neighbors|ken's nearest neighbors podcast,PT33M47S,7810,252,34,2026-05-26 13:35:07,2027,3.662,2020,9,Friday
omdhf8d53FM,Ken Jee,Land a Data Science Job in a Different Country (Vijay Pravin Maharajan) - KNN EP. 13,2020-09-16 15:00:24+00:00,22,Data Science|Ken Jee|Machine Learning|data scientist|data science journey|data science 2020|Data science jobs|public speaking|data science ted|ted talk|how to land a data science job in a different country|data science masters degree|data science company transfer|data science careers|data science motivation|kjp|podcast|ken jee podcast|foreign data science jobs|knn|knn podcast|ken's nearest neighbors|ken's nearest neighbors podcast,PT26M24S,5269,198,56,2026-05-26 13:35:07,1584,4.8206,2020,9,Wednesday
apf6A3Nstm8,Ken Jee,Reviewing Your Data Science Projects - Episode 20 (Bootcamp Capstone),2020-09-14 15:00:00+00:00,22,Data Science|Ken Jee|Machine Learning|data scientist|data science journey|reviewing your data science project|data science project review|data science project critique|github|github review|data science portfolio|data science portfolio review|data science project portfolio|data science review|data science project|git hub project|git hub project review|linkedin review|data science medium|data science blog|data science bootcamp|data science capstone|review,PT19M21S,4730,159,35,2026-05-26 13:35:07,1161,4.1015,2020,9,Monday
jf3j0lWmFPU,Ken Jee,The 5 Pillars of Success I Live By,2020-09-11 15:00:11+00:00,22,Ken Jee|vlog|The 5 pillars of success I live by|how I reprogrammed myself|how I programmed myself for success|habits|accountability|data science habits|66daysofdata|identity|focus|feedback|the power of habit|4dx|awaken the giant within|tiny habits|atomic habits|psychocybernetics|data science motivation|life hacks|success|self help|self improvement|mindset|habits for success|self reprogramming,PT9M40S,10304,866,152,2026-05-26 13:35:07,580,9.8797,2020,9,Friday
g7on3Rw0Ovg,Ken Jee,Fast Cars to Faster Data (Alex Castrounis) - KNN EP. 12,2020-09-09 15:00:12+00:00,22,Data Science|Ken Jee|Machine Learning|Sports Analytics|data science 2020|InnoArchiTech|Alex Castrounis|Data science racing|data science indycar|data science business|physics data science|data science companies|data science adoption|data science company problems|data literacy|data science literacy|breaking into data science|what is ai|indycar|kjp|podcast|ken jee podcast|knn|knn podcast|ken's nearest neighbors|ken's nearest neighbors podcast,PT54M49S,1935,77,25,2026-05-26 13:35:07,3289,5.2713,2020,9,Wednesday
rLawTH--l2Y,Ken Jee,Reviewing Your Data Science Projects - Episode 19 (One Big Improvement),2020-09-07 15:00:30+00:00,22,Data Science|Ken Jee|Machine Learning|data scientist|data science journey|reviewing your data science project|data science project review|machine learning project|data science project critique|github|github review|data science portfolio|data science portfolio review|data science project portfolio|data science review|data science project|git hub project|git hub project review|data science github|linkedin review|linkedin data science|data science resume,PT15M17S,4116,164,43,2026-05-26 13:35:07,917,5.0292,2020,9,Monday
-pdXWmj9xxU,Ken Jee,How I Learn Data Science Through Studying Other People's Code | #66DaysOfData,2020-09-04 15:00:00+00:00,22,Data Science|Ken Jee|Machine Learning|data scientist|data science journey|data science 2020|66daysofdata|kaggle|how I learn data science through studying other peoples code|code study|code review|data science learning|data science beginner|learn data science|data science algorithm|data science review|kaggle project|kaggle learning|kaggle data science|data science solution|data science intuition|how to data science|data science study,PT14M26S,12473,737,143,2026-05-26 13:35:07,866,7.0552,2020,9,Friday
vfV4nm004VQ,Ken Jee,How She Dominated the FAANG Data Science Interview  (@TinaHuang1 ) - KNN EP. 11,2020-09-02 15:00:13+00:00,22,Data Science|Ken Jee|data scientist|data science journey|data science 2020|data science interview|how she dominated the FANG data science interview|tina huang|fang interview|fang data science|fang data science interview|data science interview prep|data science interview preparation|data science interview tips|data scientist jobs|interview|data science career|kjp|podcast|ken jee podcast|knn|knn podcast|ken's nearest neighbors|ken's nearest neighbors podcast,PT44M46S,18326,570,87,2026-05-26 13:35:07,2686,3.5851,2020,9,Wednesday
oHUD2T_VXfI,Ken Jee,Reviewing Your Data Science Projects - Episode 18 (Job-Worthy GitHub),2020-08-31 15:00:15+00:00,22,Data Science|Ken Jee|Machine Learning|data scientist|data science journey|reviewing your data science project|data science project review|machine learning project|data science project critique|github|github review|data science portfolio|data science portfolio review|data science project portfolio|data science review|data science project|git hub project|git hub project review|data science github|linkedin review|tableau|tableau project|tableau public,PT11M56S,18774,791,93,2026-05-26 13:35:07,716,4.7086,2020,8,Monday
uXLnbdHMf8w,Ken Jee,Why I'm Starting Data Science Over Again.,2020-08-29 15:30:10+00:00,22,Data Science|Ken Jee|Machine Learning|data scientist|data science journey|data science 2020|66daysofdata|data science video|data science learning|data science beginner|why I'm starting data science over|data science start|where to start data science|data science courses|data science roadmap|ml roadmap|where to start ml|ml courses|data science tutorial|data science project|how I would learn data science|how to learn data science|data science from zero,PT7M47S,51044,2564,438,2026-05-26 13:35:07,467,5.8812,2020,8,Saturday
5v_ulmGv-gc,Ken Jee,Inside the Mind of the Ultimate Kaggle Grandmaster (@Abhishek Thakur ) - KNN EP. 10,2020-08-26 15:00:03+00:00,22,Data Science|Ken Jee|Machine Learning|data scientist|data science journey|data science 2020|abhishek thakur|kaggle|kaggle competition|kaggle grandmaster|first kaggle grandmaster|kaggle data science|kaggle machine learning|data science job|data science projects|data science interview|interview|kaggle interview|kaggle tips|deep learning kaggle|what is kaggle|podcast|ken jee podcast|knn|knn podcast|ken's nearest neighbors|ken's nearest neighbors podcast,PT38M12S,15791,642,79,2026-05-26 13:35:07,2292,4.5659,2020,8,Wednesday
q6Lf2yhvluw,Ken Jee,Reviewing Your Data Science Projects - Episode 17 (Best Portfolio Website Yet?),2020-08-24 15:00:31+00:00,22,Data Science|Ken Jee|Machine Learning|data scientist|data science journey|reviewing your data science project|data science project review|machine learning project|data science project critique|github|github review|data science portfolio|data science portfolio review|data science project portfolio|data science review|data science project|git hub project|git hub project review|data science github|linkedin review|linkedin data science,PT18M28S,15751,537,53,2026-05-26 13:35:07,1108,3.7458,2020,8,Monday
iGUiLWFDWfk,Ken Jee,Don't Buy My Course..,2020-08-21 16:00:32+00:00,22,Data Science|Ken Jee|Machine Learning|data scientist|data science journey|data science 2020|how to start a career in data science|don't buy my course|365 data science|data science course|data science jobs|data science careers course|data science jobs for beginners|how to land a data science job|online course|udemy|ken jee course|why make an online course|should you buy an online course?|udemy data science,PT8M43S,7393,354,144,2026-05-26 13:35:07,523,6.7361,2020,8,Friday
SsGKZe4dVyk,Ken Jee,How a Subscriber Landed a Data Analyst Job in Less Than a Year (Ray Ojel) - KNN EP. 09,2020-08-19 15:00:11+00:00,22,Data Science|Ken Jee|Machine Learning|data scientist|data science journey|data science 2020|data science interview|data analyst inverview|how he landed a data analyst job|data analyst job|data analyst tips|data analyst|data analyst jobs|data analyst interview tips|jobs|job applications|data analyst application|data analyst 2020|kjp|podcast|ken jee podcast|knn|knn podcast|ken's nearest neighbors|ken's nearest neighbors podcast,PT35M46S,29269,1095,166,2026-05-26 13:35:07,2146,4.3083,2020,8,Wednesday
RAMxzqSMDKE,Ken Jee,Reviewing Your Projects - Episode 16 (Project Review for Beginners),2020-08-17 15:00:07+00:00,22,data science 2020|Data Science|Ken Jee|Machine Learning|data scientist|data science journey|reviewing your data science project|data science project review|machine learning project|data science project critique|github|github review|data science portfolio|data science portfolio review|data science project portfolio|data science review|data science project|git hub project|data science github|data science beginner review,PT16M39S,3380,129,38,2026-05-26 13:35:07,999,4.9408,2020,8,Monday
YbTMIxjk4hI,Ken Jee,Data Scientist Dismantles the YouTube Algorithm.,2020-08-14 15:00:31+00:00,22,Data Science|Ken Jee|Machine Learning|vlog|data scientist|data science journey|data science 2020|Jarvis Johnson|YouTube Trending|YouTube Algorithm|Algorithms|the youtube algorithm explained by a data scientist|the youtube algorithm explained|youtube algo|understand the youtube algorithm|youtube algorithm simplified|youtube algorithm deep learning|beat the youtube algorithm|hack the youtube algorithm|youtube algorithm data science|The social dilemma,PT9M4S,6586,532,104,2026-05-26 13:35:07,544,9.6568,2020,8,Friday
S_CuB__nsmI,Ken Jee,Sports Analytics & Streaming Data Science on Twitch (Nick Wan) - KNN EP. 08,2020-08-12 15:30:26+00:00,22,Data Science|Ken Jee|Sports Analytics|data scientist|data science journey|data science interview|sports analytics interview|Nick Wan|data science baseball|data science jobs|sports analytics jobs|data visualization|interview|machine learning interview|Cincinnati reds data science|data science in sports|machine learning sport|kjp|podcast|ken jee podcast|knn|knn podcast|ken's nearest neighbors|ken's nearest neighbors podcast|sports analytics podcast,PT1H15M18S,5331,188,37,2026-05-26 13:35:07,4518,4.2206,2020,8,Wednesday
KEBVcVwFzaI,Ken Jee,Reviewing Your Data Science Projects - Episode 15 (Quant Finance),2020-08-10 15:00:08+00:00,22,Data Science|Ken Jee|Machine Learning|data scientist|data science journey|reviewing your data science project|data science project review|machine learning project|data science project critique|github|github review|data science portfolio|data science portfolio review|data science project portfolio|data science review|data science project|git hub project|data science github|data science finance|financial analyst|finance job|quantiative finance,PT16M8S,15586,480,54,2026-05-26 13:35:07,968,3.4262,2020,8,Monday
vQGJvmhpq_s,Ken Jee,The Plagiarism Problem in Data Science,2020-08-07 15:00:16+00:00,22,Data Science|Ken Jee|Machine Learning|data scientist|data science journey|vlog|the plagiarism problem in data science|plagiarism in data science|plagiarism|siraj raval|tren black|siraj raval plagiarize|I was plagiarized|ai|siraj raval controversy|copying work|copying work ai|copying work data science|why plagiarism is bad|don't plagiarize|data science jobs|data science careers|career advice|data science ethics,PT7M47S,13249,625,143,2026-05-26 13:35:07,467,5.7967,2020,8,Friday
Xgg7dIKys9E,Ken Jee,Interview with the Director of AI Research @ NVIDIA (Anima Anandkumar) - KNN EP. 07,2020-08-05 15:00:09+00:00,22,Data Science|Ken Jee|data scientist|data science journey|interview|ai research|ml research|machine learning research|interview with the head of AI at NVIDIA|NVIDIA|fast ai|intervew|Anima Anandkumar|anima anandkumar interview|NVIDIA interview|NVIDIA AI|The future of ai|the future of data science|AI|the future of machine learning|data science 2020|podcast|ken jee podcast|knn podcast|ken's nearest neighbors|ken's nearest neighbors podcast|ai podcast,PT48M24S,15019,607,89,2026-05-26 13:35:07,2904,4.6341,2020,8,Wednesday
UuR3nomI5AE,Ken Jee,Reviewing Your Data Science Projects - Episode 14 [Deep Learning Focus],2020-08-03 15:00:08+00:00,22,Data Science|Ken Jee|Machine Learning|data scientist|data science journey|reviewing your data science project|data science project review|machine learning project|data science project critique|github|github review|data science portfolio|data science portfolio review|data science project portfolio|data science review|data science project|git hub project|git hub project review|data science github|linkedin review|linkedin data science|deep learning project,PT17M9S,5192,192,56,2026-05-26 13:35:07,1029,4.7766,2020,8,Monday
6tQtwqthUMI,Ken Jee,My First Data Science Contracting Side-Gig (How I Did It),2020-07-31 14:30:01+00:00,22,data science|ken jee|machine learning|data scientist|sports analytics|data science journey|data science contract|data science contracting|data science freelance|data science freelancing|data science freelancing project|how I landed my first data science contracting job|contracting|freelance|machine learning contracting|machine learning freelance|data science jobs|data science experience|upwork|fiver|upwork data science|data science side gig|side hustle,PT8M55S,12046,590,90,2026-05-26 13:35:07,535,5.645,2020,7,Friday
QN3wXPZSjpE,Ken Jee,Do You Have a Data Science Mentor? (@Danny Ma) - KNN EP. 06,2020-07-30 01:00:10+00:00,22,Data Science|Ken Jee|Machine Learning|data scientist|data science journey|data with danny|danny ma|machine learning engineer|data science mentorship|data science mentor|machine learning mentorship|machine learning mentor|data science value|machine learning value|data science consulting|data science contracting|data science linkedin|data science social|kjp|ken jee podcast|podcast|knn podcast|ken's nearest neighbors|ken's nearest neighbors podcast,PT38M11S,2427,118,34,2026-05-26 13:35:07,2291,6.2629,2020,7,Thursday
rdo8YBasqqA,Ken Jee,Reviewing Your Data Science Projects - Episode 13 (BONUS LinkedIn Review),2020-07-27 15:00:30+00:00,22,Data Science|Ken Jee|Machine Learning|data scientist|data science journey|reviewing your data science project|data science project review|machine learning project|data science project critique|github|github review|data science portfolio|data science portfolio review|data science project portfolio|data science review|data science project|git hub project|git hub project review|data science github|linkedin review|linkedin data science,PT12M10S,6377,267,109,2026-05-26 13:35:07,730,5.8962,2020,7,Monday
_rbrdNTpZGo,Ken Jee,Building a Deep Learning BEAST (NVIDIA TITAN RTX + RYZEN 3900X),2020-07-24 15:00:11+00:00,22,Data Science|Ken Jee|Machine Learning|data scientist|data science journey|vlog|building a deep learning beast|titan rtx|ryzen 9|ryzen 3900 x|deep learning computer|pc build|pc build data science|data science computer|NVIDIA|NVIDIA deep learning computer|TITAN RTX Ryzen|data science workstation|deep learning workstation|machine learning workstation|cuda|nvidia ai|ai|deep learning|deep learning pc build|data science pc|data science 2020,PT9M38S,8668,248,191,2026-05-26 13:35:07,578,5.0646,2020,7,Friday
ELFGsNqZrlM,Ken Jee,Is it Important to Share Your Data Science Work? (Ft. Eric Weber),2020-07-22 15:00:05+00:00,22,Data Science|Ken Jee|Machine Learning|data scientist|data science journey|data science interview|eric weber|yelp|linkedin data science|yelp data science|should you share your data science work socially?|can data science help all companies?|data science challenges|data science career|big data,PT19M41S,1918,96,27,2026-05-26 13:35:07,1181,6.4129,2020,7,Wednesday
PWmxLYTixAM,Ken Jee,Reviewing Your Data Science Resumes - Episode 12 (3 Different Resumes!),2020-07-20 15:00:08+00:00,22,Data Science|Ken Jee|Machine Learning|data scientist|data science journey|data science resume|data science resume review|data science jobs|data science interview|machine learning resume|machine learning jobs|data science project review|data science for beginners|data science job application|machine learning interview|data science career|machine learning career|data scientist resume|data analyst resume|resume review,PT17M44S,29571,555,90,2026-05-26 13:35:07,1064,2.1812,2020,7,Monday
I3FBJdiExcg,Ken Jee,Beginner Kaggle Data Science Project Walk-Through (Titanic),2020-07-17 16:00:05+00:00,22,Data Science|Ken Jee|Machine Learning|data scientist|data science journey|data science project|Beginner Kaggle Data Science Project Walk-Through|data science project walkthrough|kaggle compeition|kaggle project|data science titanic|data science basic project|kaggle.com|kaggle basics|kaggle submission|data science kaggle|kaggle beginners|data science beginners|kaggle analysis|titanic analysis|kaggle titanic|classification|svc|random forest|kaggle|xgboost,PT38M16S,466829,9458,465,2026-05-26 13:35:07,2296,2.1256,2020,7,Friday
hO_YKK_0Qck,Ken Jee,Uber Driver to Machine Learning Engineer in 9 Months! (@Daniel Bourke) - KNN EP. 05,2020-07-16 02:00:09+00:00,22,Data Science|Ken Jee|Machine Learning|data scientist|data science journey|self taught machine learning|self taught data science|self taught mle|machine learning engineer|mle|daniel bourke|data science projects|data science motivation|data science experiment|python|learning python|learning coding|interview|data science interview|machine learning secret|kjp|podcast|ken jee podcast|knn podcast|ken's nearest neighbors|ken's nearest neighbors podcast,PT1H8M32S,31020,1121,118,2026-05-26 13:35:07,4112,3.9942,2020,7,Thursday
2KkrtG5IsHo,Ken Jee,Reviewing Your Data Science Projects - Episode 11(GITHUB CLEANING),2020-07-13 16:00:01+00:00,22,Data Science|Ken Jee|Machine Learning|data scientist|data science journey|reviewing your data science project|data science project review|machine learning project|data science project critique|github|github review|data science portfolio|data science portfolio review|data science project portfolio|pandas|data science for beginners|data science portfolio website|data science review|data science project|git hub project|git hub project review|deep learning|nlp,PT9M19S,4396,140,50,2026-05-26 13:35:07,559,4.3221,2020,7,Monday
QQLToUlgN7A,Ken Jee,The Best Computer for Data Science Beginners,2020-07-10 16:00:09+00:00,22,Data Science|Ken Jee|Machine Learning|data scientist|The best computer for data science|the best computer for machine learning|the best computer for data science beginners|data science laptop|data science pc|data science computer|deep learning|deep learning computer|gpu data science|cpu data science|ram data science|laptop for data science|laptop for deep learning|NVIDIA|cpu|gpu|ram|computer recommendation|cloud computing|google colab|kaggle|kaggle.com,PT6M35S,40906,863,158,2026-05-26 13:35:07,395,2.496,2020,7,Friday
6aaIbd-GpZs,Ken Jee,Should You Major in Data Science? (Jaemin Lee) - KNN EP. 04,2020-07-08 21:00:09+00:00,22,Data Science|Ken Jee|Machine Learning|data scientist|data science journey|import data|bs in data science|data science undergrad|data science college|data science program|data science beginner|data science college student|should you major in data science|should I major in data science|data science university|data science career|data science first job|entry level data science|kjp|podcast|knn podcast|ken's nearest neighbors|ken's nearest neighbors podcast,PT19M47S,6233,228,82,2026-05-26 13:35:07,1187,4.9735,2020,7,Wednesday
lsXWVPzwZPk,Ken Jee,Critiquing MY OWN Data Science Resume,2020-07-06 16:00:30+00:00,22,Data Science|Ken Jee|Machine Learning|data scientist|data science journey|critiquing my own data science resume|data science resume|data science resume review|data science jobs|data science interview|machine learning resume|machine learning jobs|data science project review|data science for beginners|data science job application|machine learning interview|data science career|machine learning career|data scientist resume|data analyst resume,PT11M49S,13066,398,84,2026-05-26 13:35:07,709,3.689,2020,7,Monday
AqPquogHwq0,Ken Jee,Where to Start Learning Data Science,2020-07-03 16:00:04+00:00,22,Data Science|Ken Jee|data scientist|data science journey|Where to start learning data science|data science learning|start data science|data science for beginners|data science beginner|data science advice|beginner machine learning|data science motivation|data science from zero|how to learn data science|where to start data science|how to data science|Data science learning|how I would learn data science|data science explained|data science 2020,PT4M28S,19703,793,123,2026-05-26 13:35:07,268,4.649,2020,7,Friday
742LQ38OioU,Ken Jee,"Data Science Productivity, Motivation, and Organization (ft. Data Professor & Codebasics)",2020-07-01 15:00:12+00:00,22,Data Science|Ken Jee|Machine Learning|data scientist|data science journey|data science panel|Data Professor|data science podcast|data science conversation|future of ai|state of ML|ai|codebasics|data science productivity|data science motivation|data science organization|machine learning podcast|data science beginners|data science struggle|machine learning beginners,PT58M13S,4447,201,33,2026-05-26 13:35:07,3493,5.262,2020,7,Wednesday
B1g_yMKpdwo,Ken Jee,Reviewing Your Data Science Projects - Episode 10 (Leveraging Your Data),2020-06-29 15:00:08+00:00,22,Data Science|Ken Jee|Machine Learning|data scientist|data science journey|reviewing your data science project|data science project review|data science resume review|machine learning project|data science project critique|github|github review|data science portfolio|data science portfolio review|data science project portfolio|pandas|data science for beginners|data science resume|data science review|spotify data|music recommender|data science project,PT14M1S,4955,185,52,2026-05-26 13:35:07,841,4.783,2020,6,Monday
zGlJ-QndG8E,Ken Jee,How to Get a Data Science Job at FAANG (@Data Science Jay) - KNN EP. 03,2020-06-26 15:00:10+00:00,22,Data Science|Ken Jee|Machine Learning|data scientist|data science journey|Data science at FANG|FANG|Data science Facebook|Data Science Amazon|Data Science Netflix|Data science google|how to get a data science job at fang|How to get a data science job|data science startup|data science startups|data science jay|data science jobs|data science companies|podcast|ken jee podcast|faang|knn podcast|ken's nearest neighbors|ken's nearest neighbors podcast,PT13M48S,17138,554,77,2026-05-26 13:35:07,828,3.6819,2020,6,Friday
6fwyyRgZlD0,Ken Jee,Reviewing Your Data Science Projects - Episode 9 (Professional Violinist),2020-06-22 13:00:03+00:00,22,Data Science|Ken Jee|Machine Learning|data scientist|data science journey|reviewing your data science project|data science project review|data science resume review|machine learning project|data science project critique|github|github review|data science portfolio|data science portfolio review|data science project portfolio|pandas|data science for beginners|data science resume|data science portfolio website|data science review,PT11M8S,2493,82,40,2026-05-26 13:35:07,668,4.8937,2020,6,Monday
-3d1NctSv0c,Ken Jee,"Ken Jee Q & A Live Stream (50,000 Sub Special!)",2020-06-20 02:09:18+00:00,22,ken jee|live stream|data science livestream|data science|sports analytics|Q&A|Data science questions|data science Q & A|Machine learning Q& A|data science jobs|data science beginnners|machine learningbeginners|data science careers|50000 subscriber|first live stream,PT56M53S,2427,136,49,2026-05-26 13:35:07,3413,7.6226,2020,6,Saturday
WnB1jsDu900,Ken Jee,Reviewing Your Data Science Projects - Episode 8 (College Student Help),2020-06-15 13:00:12+00:00,22,Data Science|Ken Jee|Machine Learning|Sports Analytics|data scientist|data science journey|reviewing your data science project|data science project review|data science resume review|machine learning project|data science project critique|github|github review|data science portfolio|data science portfolio review|data science project portfolio|pandas|data science for beginners|data science resume|data science portfolio website|data science review,PT11M26S,4504,165,46,2026-05-26 13:35:07,686,4.6847,2020,6,Monday
XjC3FPL-S78,Ken Jee,Why You're Struggling to Learn Data Science,2020-06-12 13:00:17+00:00,22,Data Science|Ken Jee|Machine Learning|data scientist|data science journey|Struggling to learn data science|data science difficult|data science hard|data science learning|data science beginners|machine learning beginners|data science career|data science education|data science course|machine learning course|start data science|begin data science|start machine learning|Data science intro|data science struggle|kaggle|365 data science|rubiks cube,PT6M15S,15532,996,155,2026-05-26 13:35:07,375,7.4105,2020,6,Friday
txR8_jGi0Ls,Ken Jee,Reviewing Your Data Science Projects - Episode 7 (Incredible Portfolio Website),2020-06-08 13:00:21+00:00,22,Data Science|Ken Jee|Machine Learning|Sports Analytics|data scientist|data science journey|reviewing your data science project|data science project review|data science resume review|machine learning project|data science project critique|github|github review|data science portfolio|data science portfolio review|data science project portfolio|pandas|data science for beginners|data science resume|data science portfolio website|data science review,PT15M4S,12453,364,68,2026-05-26 13:35:07,904,3.469,2020,6,Monday
4qZINLzwYyk,Ken Jee,The State of Data Science with Krish Naik & The Data Professor [Panel Discussion],2020-06-05 13:00:26+00:00,22,Data Science|Ken Jee|Machine Learning|data scientist|data science journey|data science panel|Krish Naik|Data Professor|The State of Data Science|The Future of Data Science|What is the future of data science?|Is Data Science Oversaturated|Is Data science saturated|Is data science software engineering|data science after covid|data science after pandemic|data science podcast|data science conversation|future of machine learning|future of ai|state of ML|ai,PT37M49S,25686,700,140,2026-05-26 13:35:07,2269,3.2703,2020,6,Friday
mR2NCRgtLPE,Ken Jee,Reviewing Your Data Science Projects - Episode 6 (Only 3 months of coding experience),2020-06-01 13:00:32+00:00,22,Data Science|Ken Jee|Machine Learning|Sports Analytics|data scientist|data science journey|reviewing your data science project|data science project review|data science resume review|machine learning project|subscriber project review|data science project critique|github|github review|data science portfolio|data science portfolio review|exploratory analysis|data science project portfolio|pandas|data science for beginners|data science resume|nba project|NBA,PT15M43S,5792,153,53,2026-05-26 13:35:07,943,3.5566,2020,6,Monday
mEZ1Hj5yQ-8,Ken Jee,How to Build a Data Science Portfolio Website with Hugo & Github Pages [feat. Data Professor],2020-05-29 13:00:21+00:00,22,Data Science|Ken Jee|Machine Learning|vlog|data scientist|data science journey|data science portfolio|github pages|data science portfolio github pages|data science projects|data science projects github|data science website|data science project website|resume website|data science careers|github website|free data science website|free data science portfolio|github pages tutorial|github for data science|Data Professor|Hugo|Hugo website|how to,PT42M56S,82314,2299,277,2026-05-26 13:35:07,2576,3.1295,2020,5,Friday
HJH0gfY6EUg,Ken Jee,Reviewing Your Data Science Projects - Episode 5 (Very Detailed Project),2020-05-25 13:00:13+00:00,22,Data Science|Ken Jee|Machine Learning|Sports Analytics|data scientist|data science journey|reviewing your data science project|data science project review|data science resume review|machine learning project|subscriber project review|data science project critique|github|github review|data science portfolio|data science portfolio review|exploratory analysis|data science project portfolio|folium|pandas|data science for beginners|data science resume,PT17M34S,21165,487,82,2026-05-26 13:35:07,1054,2.6884,2020,5,Monday
BZFfNwj7JhE,Ken Jee,Different Data Science Roles Explained (by a Data Scientist),2020-05-22 13:01:09+00:00,22,Data Science|Ken Jee|Machine Learning|vlog|data science journey|Data Science Roles Explained|Data Science Roles|Data Analyst|Data Engineer|Machine Learning Engineer|MLE|Data Science Life Cycle|Data Scientist vs Data Analyst|Data Scientist vs Machine Learning Engineer|Data Scientist vs MLE|What does a data analyst do|what does a data scientist do|what does a machine learning engineer do|data science jobs|machine learning jobs|data scientist comparison,PT4M51S,60033,2064,176,2026-05-26 13:35:07,291,3.7313,2020,5,Friday
_K6cNdgN3CI,Ken Jee,Reviewing Your Data Science Projects - Episode 4 (Resume & Github),2020-05-18 13:00:22+00:00,22,Data Science|Ken Jee|Machine Learning|Sports Analytics|data scientist|data science journey|reviewing your data science project|data science project review|data science resume review|machine learning project|subscriber project review|data science project critique|github|github review|data science portfolio|data science portfolio review|exploratory analysis|data science project portfolio|folium|pandas|data science for beginners|data science resume,PT14M48S,11565,180,53,2026-05-26 13:35:07,888,2.0147,2020,5,Monday
1aXk2RViq3c,Ken Jee,How to Make A Data Science Portfolio Website with Github Pages,2020-05-15 13:30:00+00:00,22,Data Science|Ken Jee|Machine Learning|vlog|data scientist|data science journey|data science portfolio|github pages|data science portfolio github pages|data science projects|data science projects github|data science website|data science project website|resume website|data science careers|github website|free data science website|free data science portfolio|github pages tutorial|github for data science,PT13M49S,150180,4730,195,2026-05-26 13:35:07,829,3.2794,2020,5,Friday
UcilY6HDuL8,Ken Jee,10000 Subscriber and 100th Video Special (Data Science),2020-05-13 13:00:17+00:00,22,Data Science|Ken Jee|Machine Learning|Sports Analytics|vlog|data scientist|data science journey|10000 subscribers|100 videos|100th video|data science subscribers|data science channel|data science experience|youtube experience|youtube channel|youtube data science|Thank you|gratitude,PT2M52S,3120,145,114,2026-05-26 13:35:07,172,8.3013,2020,5,Wednesday
jam0xApfC-U,Ken Jee,Reviewing Your Data Science Projects - Episode 3 (Student Portfolio),2020-05-11 13:00:33+00:00,22,Data Science|Ken Jee|Machine Learning|Sports Analytics|data scientist|data science journey|reviewing your data science project|data science project review|data science resume review|machine learning project|subscriber project review|data science project critique|github|github review|data science portfolio|data science portfolio review|exploratory analysis|data science project portfolio|folium|pandas|data science for beginners|data science student review,PT13M24S,4765,158,74,2026-05-26 13:35:07,804,4.8688,2020,5,Monday
4OZip0cgOho,Ken Jee,How I Would Learn Data Science (If I Had to Start Over),2020-05-08 13:00:03+00:00,22,Data Science|Ken Jee|Machine Learning|How I Would Learn Data Science|How to Data Science|Data Science Learning|Data Science Tutorial|Data Science Day in the Life|Data Science Journey|Data science timeline|data science career path|how to learn data science|how to learn machine learning|masters in data science|data science education|python|learning python for data science|Sports analytics|data science career change|data science course|data science from zero,PT8M36S,1412733,48576,1966,2026-05-26 13:35:07,516,3.5776,2020,5,Friday
QBIe4nbmZfA,Ken Jee,Reviewing Your Data Science Projects - Episode 2 (Resume and Portfolio),2020-05-04 13:00:12+00:00,22,Data Science|Ken Jee|Machine Learning|Sports Analytics|data scientist|data science journey|reviewing your data science project|data science project review|data science resume review|machine learning project|subscriber project review|data science project critique|github|github review|data science portfolio|data science portfolio review|exploratory analysis|data science project portfolio|folium|pandas|data science for beginners|data science resume,PT11M43S,5886,203,42,2026-05-26 13:35:07,703,4.1624,2020,5,Monday
KHAuuOQui2U,Ken Jee,What You Need to Know for a Data Science Internship,2020-05-01 13:00:10+00:00,22,Data Science|Ken Jee|Machine Learning|vlog|data science journey|data science internship|what you need to know for a data science internship|machine learning internship|data science internships|data science internship prep|data science python|data science r|data science jobs|data science internship salary|internship prep|data science basics|data science for beginners|data science project|interview tips|data a science interview,PT5M9S,24778,1263,61,2026-05-26 13:35:07,309,5.3434,2020,5,Friday
DW55gaQ_Egk,Ken Jee,Reviewing Your Data Science Projects - Episode 1 (Exploratory Analysis),2020-04-27 13:00:10+00:00,22,Data Science|Ken Jee|Machine Learning|Sports Analytics|data scientist|data science journey|reviewing your data science project|data science project review|data science resume review|machine learning project|subscriber project review|data science project critique|github|github review|data science portfolio|data science portfolio review|exploratory analysis|data science project portfolio|folium|pandas|data science for beginners,PT11M48S,9327,363,51,2026-05-26 13:35:07,708,4.4387,2020,4,Monday
lUUqrRgerd8,Ken Jee,What It's Like to be a Socially Distanced Data Scientist (A Day in the Life),2020-04-24 13:00:32+00:00,22,Data Science|Ken Jee|Machine Learning|Sports Analytics|vlog|data scientist|data science journey|day in the life of a data scientist|day in the life quarentine|data science vlog|machine learning vlog|day in the life|a day in the life|machine learning day in the life|AI day in the life|social distancing|work from home|work from home data scientist|day in the life data science|day in the life quarantine|what it's like to be a socially distanced data scientist,PT14M44S,15230,452,99,2026-05-26 13:35:07,884,3.6179,2020,4,Friday
ei1m5lDQyBg,Ken Jee,Data Science in Sports - Talk for Northwestern (Kellogg) MBA Students,2020-04-22 13:00:30+00:00,22,Data Science|Ken Jee|Machine Learning|Sports Analytics|data scientist|data science journey|Kellogg MBA Sports Analytics|Data Science in Sports|Big Data Sports|MBA Sports Analytics|MBA Data Science|sports|golf analytics|basketball analytics|kirk goldsberry|shotlink|second spectrum|us ryder cup|ryder cup analytics|sports data analytics|zcruit|college football analytics|sports analytics keynote|steph curry|shaq|data science sports analytics|sports talk,PT38M7S,3362,89,24,2026-05-26 13:35:07,2287,3.3611,2020,4,Wednesday
9D7GzskcyUk,Ken Jee,5 Tips for Crushing the Work From Home Life,2020-04-20 13:00:04+00:00,22,Work From Home|Work from home tips|work from home lifestyle|work from home life|work from home day in the life|WFH|remote work tips|how to work from home effectively|working from home|how to be productive at home|how to stay productive at home|work from home routine|working from home tips for success|working from home day in the life|tips for working from home successfully|crush work from home|work from home data science|ken jee|data science journey,PT5M43S,5572,200,38,2026-05-26 13:35:07,343,4.2714,2020,4,Monday
agHKuUoMwvY,Ken Jee,Data Science Project from Scratch - Part 7 (Documenting Your Work),2020-04-17 13:00:04+00:00,22,Ken Jee|Data Science|Data Scientist|Machine Learning|Data Science Journey|Data Science Project|Data Science Project from Scratch|Machine Learning Project|Data Science Project Python|Data Scientist Salary|Data Science For Beginners|data science project for beginners|data science project tutorial|data science project walkthrough|data scientist salary usa|data science documentation|data science readme|data science github|readme.md|how to write a readme,PT11M51S,25035,773,130,2026-05-26 13:35:07,711,3.607,2020,4,Friday
